substrate,noise,draw,inertia,seed,converged,steps,final_balance,consistent,n_blocs,n_components,signs_retained,triangles
real,0.0,0,False,100,True,1000,1.0,True,2,1,0.4,22
real,0.0,0,False,101,True,800,1.0,True,2,1,0.6,22
real,0.0,0,False,102,True,950,1.0,True,2,1,0.5,22
real,0.0,0,False,103,True,950,1.0,True,2,1,0.55,22
real,0.0,0,False,104,True,900,1.0,True,2,1,0.4,22
real,0.0,1,False,1100,True,950,1.0,True,2,1,0.65,22
real,0.0,1,False,1101,True,900,1.0,True,2,1,0.55,22
real,0.0,1,False,1102,True,850,1.0,True,2,1,0.65,22
real,0.0,1,False,1103,True,800,1.0,True,2,1,0.65,22
real,0.0,1,False,1104,True,950,1.0,True,2,1,0.5,22
real,0.0,2,False,2100,True,950,1.0,True,2,1,0.4,22
real,0.0,2,False,2101,True,950,1.0,True,2,1,0.15,22
real,0.0,2,False,2102,True,1050,1.0,True,2,1,0.6,22
real,0.0,2,False,2103,True,950,1.0,True,2,1,0.4,22
real,0.0,2,False,2104,True,1150,1.0,True,2,1,0.6,22
real,0.0,3,False,3100,True,800,1.0,True,2,1,0.55,22
real,0.0,3,False,3101,True,900,1.0,True,2,1,0.7,22
real,0.0,3,False,3102,True,950,1.0,True,2,1,0.55,22
real,0.0,3,False,3103,True,900,1.0,True,2,1,0.65,22
real,0.0,3,False,3104,True,1200,1.0,True,2,1,0.55,22
real,0.0,4,False,4100,True,800,1.0,True,2,1,0.6,22
real,0.0,4,False,4101,True,850,1.0,True,2,1,0.65,22
real,0.0,4,False,4102,True,850,1.0,True,2,1,0.6,22
real,0.0,4,False,4103,True,1150,1.0,True,2,1,0.55,22
real,0.0,4,False,4104,True,850,1.0,True,2,1,0.55,22
real,0.0,5,False,5100,True,900,1.0,True,2,1,0.7,22
real,0.0,5,False,5101,True,800,1.0,True,2,1,0.65,22
real,0.0,5,False,5102,True,900,1.0,True,2,1,0.5,22
real,0.0,5,False,5103,True,850,1.0,True,2,1,0.4,22
real,0.0,5,False,5104,True,1250,1.0,True,2,1,0.5,22
real,0.0,6,False,6100,True,950,1.0,True,2,1,0.45,22
real,0.0,6,False,6101,True,900,1.0,True,2,1,0.5,22
real,0.0,6,False,6102,True,900,1.0,True,2,1,0.55,22
real,0.0,6,False,6103,True,850,1.0,True,2,1,0.5,22
real,0.0,6,False,6104,True,800,1.0,True,2,1,0.65,22
real,0.0,7,False,7100,True,850,1.0,True,2,1,0.4,22
real,0.0,7,False,7101,True,850,1.0,True,2,1,0.55,22
real,0.0,7,False,7102,True,1000,1.0,True,2,1,0.65,22
real,0.0,7,False,7103,True,1200,1.0,True,2,1,0.6,22
real,0.0,7,False,7104,True,900,1.0,True,2,1,0.4,22
real,0.0,8,False,8100,True,850,1.0,True,2,1,0.65,22
real,0.0,8,False,8101,True,800,1.0,True,2,1,0.7,22
real,0.0,8,False,8102,True,900,1.0,True,2,1,0.5,22
real,0.0,8,False,8103,True,900,1.0,True,2,1,0.6,22
real,0.0,8,False,8104,True,950,1.0,True,2,1,0.6,22
real,0.0,9,False,9100,True,900,1.0,True,2,1,0.5,22
real,0.0,9,False,9101,True,950,1.0,True,2,1,0.45,22
real,0.0,9,False,9102,True,850,1.0,True,2,1,0.6,22
real,0.0,9,False,9103,True,850,1.0,True,2,1,0.55,22
real,0.0,9,False,9104,True,800,1.0,True,2,1,0.7,22
real,0.0,10,False,10100,True,950,1.0,True,2,1,0.7,22
real,0.0,10,False,10101,True,800,1.0,True,2,1,0.55,22
real,0.0,10,False,10102,True,1050,1.0,True,2,1,0.7,22
real,0.0,10,False,10103,True,800,1.0,True,2,1,0.65,22
real,0.0,10,False,10104,True,850,1.0,True,2,1,0.55,22
real,0.0,11,False,11100,True,900,1.0,True,2,1,0.65,22
real,0.0,11,False,11101,True,850,1.0,True,2,1,0.65,22
real,0.0,11,False,11102,True,800,1.0,True,2,1,0.7,22
real,0.0,11,False,11103,True,1250,1.0,True,2,1,0.55,22
real,0.0,11,False,11104,True,1050,1.0,True,2,1,0.65,22
real,0.0,12,False,12100,True,800,1.0,True,2,1,0.65,22
real,0.0,12,False,12101,True,900,1.0,True,2,1,0.5,22
real,0.0,12,False,12102,True,1050,1.0,True,2,1,0.55,22
real,0.0,12,False,12103,True,1050,1.0,True,2,1,0.55,22
real,0.0,12,False,12104,True,800,1.0,True,2,1,0.55,22
real,0.0,13,False,13100,True,850,1.0,True,2,1,0.6,22
real,0.0,13,False,13101,True,950,1.0,True,2,1,0.6,22
real,0.0,13,False,13102,True,1150,1.0,True,2,1,0.5,22
real,0.0,13,False,13103,True,850,1.0,True,2,1,0.45,22
real,0.0,13,False,13104,True,800,1.0,True,2,1,0.65,22
real,0.0,14,False,14100,True,800,1.0,True,2,1,0.6,22
real,0.0,14,False,14101,True,850,1.0,True,2,1,0.4,22
real,0.0,14,False,14102,True,900,1.0,True,2,1,0.55,22
real,0.0,14,False,14103,True,850,1.0,True,2,1,0.55,22
real,0.0,14,False,14104,True,1000,1.0,True,2,1,0.5,22
real,0.0,15,False,15100,True,1550,1.0,True,2,1,0.45,22
real,0.0,15,False,15101,True,1050,1.0,True,2,1,0.55,22
real,0.0,15,False,15102,True,850,1.0,True,2,1,0.7,22
real,0.0,15,False,15103,True,800,1.0,True,2,1,0.65,22
real,0.0,15,False,15104,True,950,1.0,True,2,1,0.7,22
real,0.0,16,False,16100,True,1250,1.0,True,2,1,0.65,22
real,0.0,16,False,16101,True,800,1.0,True,2,1,0.55,22
real,0.0,16,False,16102,True,800,1.0,True,2,1,0.55,22
real,0.0,16,False,16103,True,800,1.0,True,2,1,0.65,22
real,0.0,16,False,16104,True,1000,1.0,True,2,1,0.55,22
real,0.0,17,False,17100,True,850,1.0,True,2,1,0.7,22
real,0.0,17,False,17101,True,800,1.0,True,2,1,0.65,22
real,0.0,17,False,17102,True,850,1.0,True,2,1,0.7,22
real,0.0,17,False,17103,True,1000,1.0,True,2,1,0.6,22
real,0.0,17,False,17104,True,1200,1.0,True,2,1,0.6,22
real,0.0,18,False,18100,True,900,1.0,True,2,1,0.55,22
real,0.0,18,False,18101,True,800,1.0,True,2,1,0.6,22
real,0.0,18,False,18102,True,900,1.0,True,2,1,0.7,22
real,0.0,18,False,18103,True,1100,1.0,True,2,1,0.5,22
real,0.0,18,False,18104,True,1150,1.0,True,2,1,0.35,22
real,0.0,19,False,19100,True,850,1.0,True,2,1,0.65,22
real,0.0,19,False,19101,True,900,1.0,True,2,1,0.5,22
real,0.0,19,False,19102,True,1050,1.0,True,2,1,0.5,22
real,0.0,19,False,19103,True,850,1.0,True,2,1,0.55,22
real,0.0,19,False,19104,True,1050,1.0,True,2,1,0.5,22
real,0.0,20,False,20100,True,850,1.0,True,2,1,0.55,22
real,0.0,20,False,20101,True,850,1.0,True,2,1,0.55,22
real,0.0,20,False,20102,True,800,1.0,True,2,1,0.65,22
real,0.0,20,False,20103,True,850,1.0,True,2,1,0.55,22
real,0.0,20,False,20104,True,800,1.0,True,2,1,0.6,22
real,0.0,21,False,21100,True,950,1.0,True,2,1,0.45,22
real,0.0,21,False,21101,True,800,1.0,True,2,1,0.65,22
real,0.0,21,False,21102,True,1150,1.0,True,2,1,0.6,22
real,0.0,21,False,21103,True,850,1.0,True,2,1,0.5,22
real,0.0,21,False,21104,True,1150,1.0,True,2,1,0.6,22
real,0.0,22,False,22100,True,950,1.0,True,2,1,0.45,22
real,0.0,22,False,22101,True,1100,1.0,True,2,1,0.5,22
real,0.0,22,False,22102,True,800,1.0,True,2,1,0.65,22
real,0.0,22,False,22103,True,950,1.0,True,2,1,0.65,22
real,0.0,22,False,22104,True,900,1.0,True,2,1,0.55,22
real,0.0,23,False,23100,True,950,1.0,True,2,1,0.55,22
real,0.0,23,False,23101,True,800,1.0,True,2,1,0.7,22
real,0.0,23,False,23102,True,1000,1.0,True,2,1,0.5,22
real,0.0,23,False,23103,True,950,1.0,True,2,1,0.65,22
real,0.0,23,False,23104,True,850,1.0,True,2,1,0.7,22
real,0.0,24,False,24100,True,1250,1.0,True,2,1,0.55,22
real,0.0,24,False,24101,True,950,1.0,True,2,1,0.55,22
real,0.0,24,False,24102,True,1000,1.0,True,2,1,0.45,22
real,0.0,24,False,24103,True,800,1.0,True,2,1,0.7,22
real,0.0,24,False,24104,True,1150,1.0,True,2,1,0.55,22
real,0.0,25,False,25100,True,950,1.0,True,2,1,0.45,22
real,0.0,25,False,25101,True,850,1.0,True,2,1,0.7,22
real,0.0,25,False,25102,True,850,1.0,True,2,1,0.6,22
real,0.0,25,False,25103,True,850,1.0,True,2,1,0.4,22
real,0.0,25,False,25104,True,950,1.0,True,2,1,0.5,22
real,0.0,26,False,26100,True,800,1.0,True,2,1,0.55,22
real,0.0,26,False,26101,True,800,1.0,True,2,1,0.7,22
real,0.0,26,False,26102,True,900,1.0,True,2,1,0.45,22
real,0.0,26,False,26103,True,900,1.0,True,2,1,0.5,22
real,0.0,26,False,26104,True,900,1.0,True,2,1,0.65,22
real,0.0,27,False,27100,True,950,1.0,True,2,1,0.55,22
real,0.0,27,False,27101,True,1100,1.0,True,2,1,0.5,22
real,0.0,27,False,27102,True,1250,1.0,True,2,1,0.6,22
real,0.0,27,False,27103,True,1100,1.0,True,2,1,0.4,22
real,0.0,27,False,27104,True,850,1.0,True,2,1,0.55,22
real,0.0,28,False,28100,True,850,1.0,True,2,1,0.5,22
real,0.0,28,False,28101,True,1150,1.0,True,2,1,0.65,22
real,0.0,28,False,28102,True,800,1.0,True,2,1,0.65,22
real,0.0,28,False,28103,True,800,1.0,True,2,1,0.7,22
real,0.0,28,False,28104,True,800,1.0,True,2,1,0.7,22
real,0.0,29,False,29100,True,850,1.0,True,2,1,0.55,22
real,0.0,29,False,29101,True,1500,1.0,True,2,1,0.65,22
real,0.0,29,False,29102,True,850,1.0,True,2,1,0.6,22
real,0.0,29,False,29103,True,850,1.0,True,2,1,0.65,22
real,0.0,29,False,29104,True,850,1.0,True,2,1,0.55,22
real,0.002,0,False,100,True,1550,1.0,True,2,1,0.55,22
real,0.002,0,False,101,True,800,1.0,True,2,1,0.6,22
real,0.002,0,False,102,True,950,1.0,True,2,1,0.5,22
real,0.002,0,False,103,True,6150,1.0,True,2,1,0.35,22
real,0.002,0,False,104,True,2550,1.0,True,2,1,0.5,22
real,0.002,1,False,1100,True,1550,1.0,True,2,1,0.6,22
real,0.002,1,False,1101,True,900,1.0,True,2,1,0.55,22
real,0.002,1,False,1102,True,2250,1.0,True,2,1,0.7,22
real,0.002,1,False,1103,True,1550,1.0,True,2,1,0.5,22
real,0.002,1,False,1104,True,4100,1.0,True,2,1,0.4,22
real,0.002,2,False,2100,True,1250,1.0,True,2,1,0.3,22
real,0.002,2,False,2101,True,950,1.0,True,2,1,0.15,22
real,0.002,2,False,2102,True,1050,1.0,True,2,1,0.6,22
real,0.002,2,False,2103,True,950,1.0,True,2,1,0.4,22
real,0.002,2,False,2104,True,2400,1.0,True,2,1,0.55,22
real,0.002,3,False,3100,True,1500,1.0,True,2,1,0.55,22
real,0.002,3,False,3101,True,2500,1.0,True,2,1,0.5,22
real,0.002,3,False,3102,True,1950,1.0,True,2,1,0.55,22
real,0.002,3,False,3103,True,1800,1.0,True,2,1,0.55,22
real,0.002,3,False,3104,True,6650,1.0,True,2,1,0.55,22
real,0.002,4,False,4100,True,800,1.0,True,2,1,0.6,22
real,0.002,4,False,4101,True,850,1.0,True,2,1,0.65,22
real,0.002,4,False,4102,True,850,1.0,True,2,1,0.6,22
real,0.002,4,False,4103,True,1150,1.0,True,2,1,0.55,22
real,0.002,4,False,4104,True,850,1.0,True,2,1,0.55,22
real,0.002,5,False,5100,True,900,1.0,True,2,1,0.7,22
real,0.002,5,False,5101,True,800,1.0,True,2,1,0.65,22
real,0.002,5,False,5102,True,900,1.0,True,2,1,0.5,22
real,0.002,5,False,5103,True,1200,1.0,True,2,1,0.35,22
real,0.002,5,False,5104,True,1250,1.0,True,2,1,0.6,22
real,0.002,6,False,6100,True,2500,1.0,True,2,1,0.6,22
real,0.002,6,False,6101,True,900,1.0,True,2,1,0.55,22
real,0.002,6,False,6102,True,1650,1.0,True,2,1,0.6,22
real,0.002,6,False,6103,True,4650,1.0,True,2,1,0.6,22
real,0.002,6,False,6104,True,3050,1.0,True,2,1,0.25,22
real,0.002,7,False,7100,True,1650,1.0,True,2,1,0.45,22
real,0.002,7,False,7101,True,1050,1.0,True,2,1,0.55,22
real,0.002,7,False,7102,True,2200,1.0,True,2,1,0.6,22
real,0.002,7,False,7103,True,1350,1.0,True,2,1,0.6,22
real,0.002,7,False,7104,True,2150,1.0,True,2,1,0.5,22
real,0.002,8,False,8100,True,850,1.0,True,2,1,0.65,22
real,0.002,8,False,8101,True,800,1.0,True,2,1,0.7,22
real,0.002,8,False,8102,True,900,1.0,True,2,1,0.5,22
real,0.002,8,False,8103,True,900,1.0,True,2,1,0.6,22
real,0.002,8,False,8104,True,1300,1.0,True,2,1,0.5,22
real,0.002,9,False,9100,True,900,1.0,True,2,1,0.5,22
real,0.002,9,False,9101,True,1250,1.0,True,2,1,0.65,22
real,0.002,9,False,9102,True,1950,1.0,True,2,1,0.4,22
real,0.002,9,False,9103,True,850,1.0,True,2,1,0.55,22
real,0.002,9,False,9104,True,900,1.0,True,2,1,0.4,22
real,0.002,10,False,10100,True,4300,1.0,True,2,1,0.45,22
real,0.002,10,False,10101,True,800,1.0,True,2,1,0.55,22
real,0.002,10,False,10102,True,1150,1.0,True,2,1,0.55,22
real,0.002,10,False,10103,True,1250,1.0,True,2,1,0.4,22
real,0.002,10,False,10104,True,850,1.0,True,2,1,0.55,22
real,0.002,11,False,11100,True,900,1.0,True,2,1,0.65,22
real,0.002,11,False,11101,True,1850,1.0,True,2,1,0.25,22
real,0.002,11,False,11102,True,800,1.0,True,2,1,0.7,22
real,0.002,11,False,11103,True,1250,1.0,True,2,1,0.55,22
real,0.002,11,False,11104,True,3000,1.0,True,2,1,0.5,22
real,0.002,12,False,12100,True,1400,1.0,True,2,1,0.55,22
real,0.002,12,False,12101,True,1050,1.0,True,2,1,0.45,22
real,0.002,12,False,12102,True,1050,1.0,True,2,1,0.55,22
real,0.002,12,False,12103,True,1050,1.0,True,2,1,0.55,22
real,0.002,12,False,12104,True,800,1.0,True,2,1,0.55,22
real,0.002,13,False,13100,True,1500,1.0,True,2,1,0.5,22
real,0.002,13,False,13101,True,3300,1.0,True,2,1,0.5,22
real,0.002,13,False,13102,True,1450,1.0,True,2,1,0.65,22
real,0.002,13,False,13103,True,850,1.0,True,2,1,0.45,22
real,0.002,13,False,13104,True,1450,1.0,True,2,1,0.3,22
real,0.002,14,False,14100,True,800,1.0,True,2,1,0.6,22
real,0.002,14,False,14101,True,2050,1.0,True,2,1,0.5,22
real,0.002,14,False,14102,True,1000,1.0,True,2,1,0.55,22
real,0.002,14,False,14103,True,850,1.0,True,2,1,0.5,22
real,0.002,14,False,14104,True,950,1.0,True,2,1,0.65,22
real,0.002,15,False,15100,True,1200,1.0,True,2,1,0.5,22
real,0.002,15,False,15101,True,1050,1.0,True,2,1,0.55,22
real,0.002,15,False,15102,True,1950,1.0,True,2,1,0.65,22
real,0.002,15,False,15103,True,800,1.0,True,2,1,0.65,22
real,0.002,15,False,15104,True,1150,1.0,True,2,1,0.6,22
real,0.002,16,False,16100,True,900,1.0,True,2,1,0.45,22
real,0.002,16,False,16101,True,1350,1.0,True,2,1,0.7,22
real,0.002,16,False,16102,True,1650,1.0,True,2,1,0.55,22
real,0.002,16,False,16103,True,3750,1.0,True,2,1,0.5,22
real,0.002,16,False,16104,True,1800,1.0,True,2,1,0.55,22
real,0.002,17,False,17100,True,850,1.0,True,2,1,0.7,22
real,0.002,17,False,17101,True,800,1.0,True,2,1,0.65,22
real,0.002,17,False,17102,True,1750,1.0,True,2,1,0.55,22
real,0.002,17,False,17103,True,1000,1.0,True,2,1,0.6,22
real,0.002,17,False,17104,True,2100,1.0,True,2,1,0.55,22
real,0.002,18,False,18100,True,3550,1.0,True,2,1,0.5,22
real,0.002,18,False,18101,True,1600,1.0,True,2,1,0.6,22
real,0.002,18,False,18102,True,900,1.0,True,2,1,0.7,22
real,0.002,18,False,18103,True,2850,1.0,True,2,1,0.25,22
real,0.002,18,False,18104,True,1650,1.0,True,2,1,0.25,22
real,0.002,19,False,19100,True,2500,1.0,True,2,1,0.45,22
real,0.002,19,False,19101,True,1600,1.0,True,2,1,0.65,22
real,0.002,19,False,19102,True,3450,1.0,True,2,1,0.4,22
real,0.002,19,False,19103,True,1450,1.0,True,2,1,0.45,22
real,0.002,19,False,19104,True,2400,1.0,True,2,1,0.55,22
real,0.002,20,False,20100,True,850,1.0,True,2,1,0.55,22
real,0.002,20,False,20101,True,850,1.0,True,2,1,0.45,22
real,0.002,20,False,20102,True,800,1.0,True,2,1,0.65,22
real,0.002,20,False,20103,True,850,1.0,True,2,1,0.55,22
real,0.002,20,False,20104,True,800,1.0,True,2,1,0.6,22
real,0.002,21,False,21100,True,1650,1.0,True,2,1,0.45,22
real,0.002,21,False,21101,True,800,1.0,True,2,1,0.65,22
real,0.002,21,False,21102,True,1300,1.0,True,2,1,0.6,22
real,0.002,21,False,21103,True,2550,1.0,True,2,1,0.55,22
real,0.002,21,False,21104,True,4600,1.0,True,2,1,0.55,22
real,0.002,22,False,22100,True,3900,1.0,True,2,1,0.3,22
real,0.002,22,False,22101,True,1250,1.0,True,2,1,0.5,22
real,0.002,22,False,22102,True,800,1.0,True,2,1,0.65,22
real,0.002,22,False,22103,True,950,1.0,True,2,1,0.65,22
real,0.002,22,False,22104,True,900,1.0,True,2,1,0.45,22
real,0.002,23,False,23100,True,1200,1.0,True,1,1,0.5,22
real,0.002,23,False,23101,True,1350,1.0,True,2,1,0.7,22
real,0.002,23,False,23102,True,1600,1.0,True,2,1,0.6,22
real,0.002,23,False,23103,True,950,1.0,True,2,1,0.65,22
real,0.002,23,False,23104,True,850,1.0,True,2,1,0.7,22
real,0.002,24,False,24100,True,1250,1.0,True,2,1,0.55,22
real,0.002,24,False,24101,True,3450,1.0,True,2,1,0.4,22
real,0.002,24,False,24102,True,1000,1.0,True,2,1,0.4,22
real,0.002,24,False,24103,True,800,1.0,True,2,1,0.7,22
real,0.002,24,False,24104,True,4200,1.0,True,2,1,0.7,22
real,0.002,25,False,25100,True,950,1.0,True,2,1,0.45,22
real,0.002,25,False,25101,True,2750,1.0,True,2,1,0.5,22
real,0.002,25,False,25102,True,1300,1.0,True,2,1,0.2,22
real,0.002,25,False,25103,True,850,1.0,True,2,1,0.4,22
real,0.002,25,False,25104,True,950,1.0,True,2,1,0.5,22
real,0.002,26,False,26100,True,800,1.0,True,2,1,0.55,22
real,0.002,26,False,26101,True,2100,1.0,True,2,1,0.5,22
real,0.002,26,False,26102,True,900,1.0,True,2,1,0.45,22
real,0.002,26,False,26103,True,1200,1.0,True,2,1,0.55,22
real,0.002,26,False,26104,True,3900,1.0,True,2,1,0.55,22
real,0.002,27,False,27100,True,1600,1.0,True,2,1,0.5,22
real,0.002,27,False,27101,True,1650,1.0,True,2,1,0.5,22
real,0.002,27,False,27102,True,1300,1.0,True,2,1,0.65,22
real,0.002,27,False,27103,True,1100,1.0,True,2,1,0.4,22
real,0.002,27,False,27104,True,1350,1.0,True,2,1,0.4,22
real,0.002,28,False,28100,True,850,1.0,True,2,1,0.5,22
real,0.002,28,False,28101,True,1850,1.0,True,2,1,0.35,22
real,0.002,28,False,28102,True,1900,1.0,True,2,1,0.5,22
real,0.002,28,False,28103,True,1050,1.0,True,2,1,0.55,22
real,0.002,28,False,28104,True,1550,1.0,True,2,1,0.55,22
real,0.002,29,False,29100,True,4450,1.0,True,2,1,0.65,22
real,0.002,29,False,29101,True,3100,1.0,True,2,1,0.25,22
real,0.002,29,False,29102,True,1650,1.0,True,2,1,0.5,22
real,0.002,29,False,29103,True,850,1.0,True,2,1,0.65,22
real,0.002,29,False,29104,True,1950,1.0,True,2,1,0.7,22
real,0.005,0,False,100,True,1550,1.0,True,2,1,0.7,22
real,0.005,0,False,101,True,4100,1.0,True,2,1,0.5,22
real,0.005,0,False,102,True,1050,1.0,True,2,1,0.7,22
real,0.005,0,False,103,True,7250,1.0,True,2,1,0.55,22
real,0.005,0,False,104,True,4900,1.0,True,2,1,0.5,22
real,0.005,1,False,1100,True,1900,1.0,True,2,1,0.45,22
real,0.005,1,False,1101,True,13800,1.0,True,2,1,0.55,22
real,0.005,1,False,1102,True,5450,1.0,True,2,1,0.6,22
real,0.005,1,False,1103,True,3500,1.0,True,2,1,0.55,22
real,0.005,1,False,1104,True,6450,1.0,True,2,1,0.55,22
real,0.005,2,False,2100,True,4400,1.0,True,2,1,0.45,22
real,0.005,2,False,2101,True,950,1.0,True,2,1,0.15,22
real,0.005,2,False,2102,True,7700,1.0,True,2,1,0.6,22
real,0.005,2,False,2103,True,4300,1.0,True,2,1,0.4,22
real,0.005,2,False,2104,True,2800,1.0,True,2,1,0.55,22
real,0.005,3,False,3100,True,1450,1.0,True,2,1,0.5,22
real,0.005,3,False,3101,True,5100,1.0,True,2,1,0.65,22
real,0.005,3,False,3102,True,6600,1.0,True,2,1,0.4,22
real,0.005,3,False,3103,True,5750,1.0,True,2,1,0.4,22
real,0.005,3,False,3104,True,10900,1.0,True,2,1,0.5,22
real,0.005,4,False,4100,True,800,1.0,True,2,1,0.6,22
real,0.005,4,False,4101,True,3100,1.0,True,2,1,0.55,22
real,0.005,4,False,4102,True,6900,1.0,True,2,1,0.65,22
real,0.005,4,False,4103,True,3800,1.0,True,2,1,0.25,22
real,0.005,4,False,4104,True,3950,1.0,True,2,1,0.25,22
real,0.005,5,False,5100,True,1400,1.0,True,2,1,0.55,22
real,0.005,5,False,5101,True,8900,1.0,True,2,1,0.5,22
real,0.005,5,False,5102,True,900,1.0,True,2,1,0.65,22
real,0.005,5,False,5103,True,7100,1.0,True,2,1,0.5,22
real,0.005,5,False,5104,True,1450,1.0,True,2,1,0.5,22
real,0.005,6,False,6100,True,5250,1.0,True,2,1,0.6,22
real,0.005,6,False,6101,True,2550,1.0,True,2,1,0.25,22
real,0.005,6,False,6102,True,8000,1.0,True,2,1,0.5,22
real,0.005,6,False,6103,True,4100,1.0,True,2,1,0.5,22
real,0.005,6,False,6104,True,3950,1.0,True,2,1,0.45,22
real,0.005,7,False,7100,True,10150,1.0,True,2,1,0.6,22
real,0.005,7,False,7101,True,3700,1.0,True,2,1,0.55,22
real,0.005,7,False,7102,True,4850,1.0,True,2,1,0.15,22
real,0.005,7,False,7103,True,13100,1.0,True,2,1,0.4,22
real,0.005,7,False,7104,True,17850,1.0,True,2,1,0.55,22
real,0.005,8,False,8100,True,2900,1.0,True,2,1,0.6,22
real,0.005,8,False,8101,True,2750,1.0,True,2,1,0.6,22
real,0.005,8,False,8102,True,5250,1.0,True,2,1,0.55,22
real,0.005,8,False,8103,True,1750,1.0,True,2,1,0.55,22
real,0.005,8,False,8104,True,1650,1.0,True,2,1,0.4,22
real,0.005,9,False,9100,True,900,1.0,True,2,1,0.5,22
real,0.005,9,False,9101,True,1650,1.0,True,2,1,0.45,22
real,0.005,9,False,9102,True,4000,1.0,True,2,1,0.55,22
real,0.005,9,False,9103,True,2800,1.0,True,2,1,0.65,22
real,0.005,9,False,9104,True,1000,1.0,True,2,1,0.45,22
real,0.005,10,False,10100,True,30800,1.0,True,2,1,0.5,22
real,0.005,10,False,10101,True,6000,1.0,True,2,1,0.55,22
real,0.005,10,False,10102,True,4700,1.0,True,2,1,0.6,22
real,0.005,10,False,10103,True,1250,1.0,True,2,1,0.4,22
real,0.005,10,False,10104,True,4650,1.0,True,2,1,0.45,22
real,0.005,11,False,11100,True,2900,1.0,True,2,1,0.6,22
real,0.005,11,False,11101,True,7200,1.0,True,2,1,0.25,22
real,0.005,11,False,11102,True,800,1.0,True,2,1,0.7,22
real,0.005,11,False,11103,True,6000,1.0,True,2,1,0.4,22
real,0.005,11,False,11104,True,13750,1.0,True,2,1,0.6,22
real,0.005,12,False,12100,True,7700,1.0,True,2,1,0.25,22
real,0.005,12,False,12101,True,9250,1.0,True,2,1,0.4,22
real,0.005,12,False,12102,True,7900,1.0,True,2,1,0.6,22
real,0.005,12,False,12103,True,2350,1.0,True,2,1,0.55,22
real,0.005,12,False,12104,True,800,1.0,True,2,1,0.55,22
real,0.005,13,False,13100,True,4300,1.0,True,2,1,0.65,22
real,0.005,13,False,13101,True,11900,1.0,True,2,1,0.45,22
real,0.005,13,False,13102,True,1450,1.0,True,2,1,0.65,22
real,0.005,13,False,13103,True,850,1.0,True,2,1,0.45,22
real,0.005,13,False,13104,True,1450,1.0,True,2,1,0.5,22
real,0.005,14,False,14100,True,7550,1.0,True,2,1,0.6,22
real,0.005,14,False,14101,True,5400,1.0,True,2,1,0.4,22
real,0.005,14,False,14102,True,2000,1.0,True,2,1,0.15,22
real,0.005,14,False,14103,True,2250,1.0,True,2,1,0.65,22
real,0.005,14,False,14104,True,1150,1.0,True,2,1,0.35,22
real,0.005,15,False,15100,True,1600,1.0,True,2,1,0.7,22
real,0.005,15,False,15101,True,8000,1.0,True,2,1,0.45,22
real,0.005,15,False,15102,True,7400,1.0,True,2,1,0.5,22
real,0.005,15,False,15103,True,4950,1.0,True,2,1,0.5,22
real,0.005,15,False,15104,True,9100,1.0,True,2,1,0.4,22
real,0.005,16,False,16100,True,2250,1.0,True,2,1,0.6,22
real,0.005,16,False,16101,True,9450,1.0,True,2,1,0.6,22
real,0.005,16,False,16102,True,11800,1.0,True,2,1,0.65,22
real,0.005,16,False,16103,True,3800,1.0,True,2,1,0.3,22
real,0.005,16,False,16104,True,13950,1.0,True,2,1,0.25,22
real,0.005,17,False,17100,True,7950,1.0,True,2,1,0.65,22
real,0.005,17,False,17101,True,1300,1.0,True,2,1,0.45,22
real,0.005,17,False,17102,True,1700,1.0,True,2,1,0.3,22
real,0.005,17,False,17103,True,1000,1.0,True,2,1,0.6,22
real,0.005,17,False,17104,True,6850,1.0,True,2,1,0.5,22
real,0.005,18,False,18100,True,3650,1.0,True,2,1,0.4,22
real,0.005,18,False,18101,True,4350,1.0,True,2,1,0.65,22
real,0.005,18,False,18102,True,1500,1.0,True,2,1,0.6,22
real,0.005,18,False,18103,True,4800,1.0,True,2,1,0.5,22
real,0.005,18,False,18104,True,3900,1.0,True,2,1,0.6,22
real,0.005,19,False,19100,True,9500,1.0,True,2,1,0.4,22
real,0.005,19,False,19101,True,1550,1.0,True,2,1,0.55,22
real,0.005,19,False,19102,True,6450,1.0,True,2,1,0.15,22
real,0.005,19,False,19103,True,4150,1.0,True,2,1,0.65,22
real,0.005,19,False,19104,True,3400,1.0,True,2,1,0.25,22
real,0.005,20,False,20100,True,10550,1.0,True,2,1,0.45,22
real,0.005,20,False,20101,True,4550,1.0,True,2,1,0.35,22
real,0.005,20,False,20102,True,4050,1.0,True,2,1,0.55,22
real,0.005,20,False,20103,True,3300,1.0,True,2,1,0.45,22
real,0.005,20,False,20104,True,1000,1.0,True,2,1,0.55,22
real,0.005,21,False,21100,True,7250,1.0,True,2,1,0.55,22
real,0.005,21,False,21101,True,3350,1.0,True,2,1,0.45,22
real,0.005,21,False,21102,True,11850,1.0,True,2,1,0.55,22
real,0.005,21,False,21103,True,11800,1.0,True,2,1,0.35,22
real,0.005,21,False,21104,True,3450,1.0,True,2,1,0.55,22
real,0.005,22,False,22100,True,4100,1.0,True,2,1,0.4,22
real,0.005,22,False,22101,True,3700,1.0,True,2,1,0.4,22
real,0.005,22,False,22102,True,8100,1.0,True,2,1,0.5,22
real,0.005,22,False,22103,True,8050,1.0,True,2,1,0.55,22
real,0.005,22,False,22104,True,4000,1.0,True,2,1,0.25,22
real,0.005,23,False,23100,True,6850,1.0,True,2,1,0.55,22
real,0.005,23,False,23101,True,1900,1.0,True,2,1,0.3,22
real,0.005,23,False,23102,True,5050,1.0,True,2,1,0.6,22
real,0.005,23,False,23103,True,900,1.0,True,2,1,0.5,22
real,0.005,23,False,23104,True,13300,1.0,True,2,1,0.3,22
real,0.005,24,False,24100,True,4750,1.0,True,2,1,0.55,22
real,0.005,24,False,24101,True,3300,1.0,True,2,1,0.5,22
real,0.005,24,False,24102,True,1100,1.0,True,2,1,0.45,22
real,0.005,24,False,24103,True,6600,1.0,True,2,1,0.55,22
real,0.005,24,False,24104,True,7900,1.0,True,2,1,0.4,22
real,0.005,25,False,25100,True,950,1.0,True,2,1,0.45,22
real,0.005,25,False,25101,True,3200,1.0,True,1,1,0.5,22
real,0.005,25,False,25102,True,1300,1.0,True,2,1,0.45,22
real,0.005,25,False,25103,True,850,1.0,True,2,1,0.4,22
real,0.005,25,False,25104,True,2150,1.0,True,2,1,0.55,22
real,0.005,26,False,26100,True,2000,1.0,True,2,1,0.6,22
real,0.005,26,False,26101,True,3900,1.0,True,2,1,0.65,22
real,0.005,26,False,26102,True,5700,1.0,True,2,1,0.45,22
real,0.005,26,False,26103,True,5250,1.0,True,2,1,0.55,22
real,0.005,26,False,26104,True,5000,1.0,True,2,1,0.4,22
real,0.005,27,False,27100,True,9650,1.0,True,2,1,0.6,22
real,0.005,27,False,27101,True,4900,1.0,True,2,1,0.3,22
real,0.005,27,False,27102,True,15000,1.0,True,2,1,0.65,22
real,0.005,27,False,27103,True,2450,1.0,True,2,1,0.55,22
real,0.005,27,False,27104,True,1750,1.0,True,2,1,0.55,22
real,0.005,28,False,28100,True,850,1.0,True,2,1,0.5,22
real,0.005,28,False,28101,True,2300,1.0,True,2,1,0.35,22
real,0.005,28,False,28102,True,11750,1.0,True,2,1,0.65,22
real,0.005,28,False,28103,True,13550,1.0,True,2,1,0.7,22
real,0.005,28,False,28104,True,4100,1.0,True,2,1,0.7,22
real,0.005,29,False,29100,True,6850,1.0,True,2,1,0.65,22
real,0.005,29,False,29101,True,7450,1.0,True,2,1,0.5,22
real,0.005,29,False,29102,True,4550,1.0,True,2,1,0.6,22
real,0.005,29,False,29103,True,1800,1.0,True,2,1,0.55,22
real,0.005,29,False,29104,True,15550,1.0,True,2,1,0.45,22
real,0.01,0,False,100,True,6350,1.0,True,2,1,0.3,22
real,0.01,0,False,101,True,39000,1.0,True,2,1,0.4,22
real,0.01,0,False,102,False,39999,1.0,True,2,1,0.4,22
real,0.01,0,False,103,False,39999,1.0,True,2,1,0.25,22
real,0.01,0,False,104,True,25850,1.0,True,2,1,0.55,22
real,0.01,1,False,1100,True,1900,1.0,True,2,1,0.55,22
real,0.01,1,False,1101,False,39999,1.0,True,2,1,0.45,22
real,0.01,1,False,1102,True,5050,1.0,True,2,1,0.55,22
real,0.01,1,False,1103,True,11500,1.0,True,2,1,0.5,22
real,0.01,1,False,1104,False,39999,0.7272727272727273,False,,1,0.25,22
real,0.01,2,False,2100,False,39999,1.0,True,2,1,0.5,22
real,0.01,2,False,2101,True,26500,1.0,True,2,1,0.55,22
real,0.01,2,False,2102,True,8350,1.0,True,2,1,0.55,22
real,0.01,2,False,2103,True,26800,1.0,True,2,1,0.55,22
real,0.01,2,False,2104,True,16450,1.0,True,2,1,0.35,22
real,0.01,3,False,3100,True,2350,1.0,True,2,1,0.65,22
real,0.01,3,False,3101,True,8650,1.0,True,2,1,0.45,22
real,0.01,3,False,3102,False,39999,1.0,True,2,1,0.65,22
real,0.01,3,False,3103,True,23000,1.0,True,2,1,0.55,22
real,0.01,3,False,3104,True,17700,1.0,True,2,1,0.7,22
real,0.01,4,False,4100,True,3700,1.0,True,2,1,0.55,22
real,0.01,4,False,4101,True,24000,1.0,True,2,1,0.45,22
real,0.01,4,False,4102,True,26700,1.0,True,2,1,0.55,22
real,0.01,4,False,4103,True,3750,1.0,True,2,1,0.65,22
real,0.01,4,False,4104,True,6800,1.0,True,2,1,0.45,22
real,0.01,5,False,5100,False,39999,1.0,True,2,1,0.25,22
real,0.01,5,False,5101,True,28350,1.0,True,2,1,0.7,22
real,0.01,5,False,5102,False,39999,1.0,True,2,1,0.6,22
real,0.01,5,False,5103,True,36650,1.0,True,2,1,0.55,22
real,0.01,5,False,5104,True,12200,1.0,True,2,1,0.5,22
real,0.01,6,False,6100,True,37800,1.0,True,2,1,0.25,22
real,0.01,6,False,6101,False,39999,0.6818181818181818,False,,1,0.5,22
real,0.01,6,False,6102,False,39999,0.7727272727272727,False,,1,0.45,22
real,0.01,6,False,6103,False,39999,1.0,True,2,1,0.6,22
real,0.01,6,False,6104,False,39999,0.7272727272727273,False,,1,0.65,22
real,0.01,7,False,7100,False,39999,1.0,True,2,1,0.6,22
real,0.01,7,False,7101,True,23800,1.0,True,2,1,0.6,22
real,0.01,7,False,7102,False,39999,1.0,True,2,1,0.5,22
real,0.01,7,False,7103,False,39999,1.0,True,2,1,0.55,22
real,0.01,7,False,7104,True,17550,1.0,True,2,1,0.55,22
real,0.01,8,False,8100,True,16700,1.0,True,2,1,0.45,22
real,0.01,8,False,8101,False,39999,0.7272727272727273,False,,1,0.5,22
real,0.01,8,False,8102,False,39999,0.6818181818181818,False,,1,0.45,22
real,0.01,8,False,8103,False,39999,1.0,True,2,1,0.6,22
real,0.01,8,False,8104,False,39999,0.7727272727272727,False,,1,0.35,22
real,0.01,9,False,9100,False,39999,0.7727272727272727,False,,1,0.5,22
real,0.01,9,False,9101,True,1650,1.0,True,2,1,0.65,22
real,0.01,9,False,9102,False,39999,0.6363636363636364,False,,1,0.4,22
real,0.01,9,False,9103,False,39999,0.6818181818181818,False,,1,0.6,22
real,0.01,9,False,9104,True,13300,1.0,True,2,1,0.55,22
real,0.01,10,False,10100,True,36050,1.0,True,2,1,0.65,22
real,0.01,10,False,10101,True,11150,1.0,True,2,1,0.45,22
real,0.01,10,False,10102,True,20450,1.0,True,2,1,0.6,22
real,0.01,10,False,10103,False,39999,1.0,True,2,1,0.25,22
real,0.01,10,False,10104,True,8850,1.0,True,2,1,0.55,22
real,0.01,11,False,11100,True,36450,1.0,True,2,1,0.45,22
real,0.01,11,False,11101,True,21050,1.0,True,2,1,0.4,22
real,0.01,11,False,11102,True,18650,1.0,True,2,1,0.3,22
real,0.01,11,False,11103,True,22200,1.0,True,2,1,0.4,22
real,0.01,11,False,11104,True,26350,1.0,True,2,1,0.4,22
real,0.01,12,False,12100,True,14900,1.0,True,2,1,0.65,22
real,0.01,12,False,12101,True,20650,1.0,True,2,1,0.55,22
real,0.01,12,False,12102,True,33650,1.0,True,2,1,0.55,22
real,0.01,12,False,12103,True,23950,1.0,True,2,1,0.6,22
real,0.01,12,False,12104,True,33400,1.0,True,1,1,0.5,22
real,0.01,13,False,13100,False,39999,0.9090909090909091,False,,1,0.5,22
real,0.01,13,False,13101,True,4550,1.0,True,2,1,0.5,22
real,0.01,13,False,13102,True,25050,1.0,True,2,1,0.4,22
real,0.01,13,False,13103,True,8600,1.0,True,2,1,0.45,22
real,0.01,13,False,13104,True,23800,1.0,True,2,1,0.5,22
real,0.01,14,False,14100,True,34750,1.0,True,2,1,0.6,22
real,0.01,14,False,14101,False,39999,1.0,True,2,1,0.6,22
real,0.01,14,False,14102,True,16450,1.0,True,2,1,0.5,22
real,0.01,14,False,14103,False,39999,1.0,True,2,1,0.55,22
real,0.01,14,False,14104,True,18050,1.0,True,2,1,0.4,22
real,0.01,15,False,15100,True,37050,1.0,True,2,1,0.4,22
real,0.01,15,False,15101,True,27150,1.0,True,2,1,0.65,22
real,0.01,15,False,15102,True,6900,1.0,True,2,1,0.45,22
real,0.01,15,False,15103,False,39999,1.0,True,2,1,0.5,22
real,0.01,15,False,15104,False,39999,0.5909090909090909,False,,1,0.5,22
real,0.01,16,False,16100,True,9800,1.0,True,2,1,0.45,22
real,0.01,16,False,16101,False,39999,1.0,True,2,1,0.35,22
real,0.01,16,False,16102,True,27300,1.0,True,2,1,0.65,22
real,0.01,16,False,16103,True,19850,1.0,True,2,1,0.35,22
real,0.01,16,False,16104,False,39999,0.9545454545454546,False,,1,0.65,22
real,0.01,17,False,17100,True,3750,1.0,True,2,1,0.45,22
real,0.01,17,False,17101,True,34550,1.0,True,2,1,0.25,22
real,0.01,17,False,17102,False,39999,1.0,True,2,1,0.65,22
real,0.01,17,False,17103,True,6900,1.0,True,2,1,0.5,22
real,0.01,17,False,17104,True,7600,1.0,True,2,1,0.55,22
real,0.01,18,False,18100,True,34850,1.0,True,2,1,0.55,22
real,0.01,18,False,18101,False,39999,1.0,True,2,1,0.35,22
real,0.01,18,False,18102,False,39999,0.6363636363636364,False,,1,0.45,22
real,0.01,18,False,18103,True,6400,1.0,True,2,1,0.4,22
real,0.01,18,False,18104,True,7650,1.0,True,2,1,0.55,22
real,0.01,19,False,19100,True,15600,1.0,True,2,1,0.2,22
real,0.01,19,False,19101,True,6550,1.0,True,2,1,0.55,22
real,0.01,19,False,19102,True,13100,1.0,True,2,1,0.3,22
real,0.01,19,False,19103,True,7050,1.0,True,2,1,0.55,22
real,0.01,19,False,19104,True,15950,1.0,True,2,1,0.55,22
real,0.01,20,False,20100,True,24500,1.0,True,2,1,0.5,22
real,0.01,20,False,20101,True,7550,1.0,True,2,1,0.5,22
real,0.01,20,False,20102,False,39999,1.0,True,2,1,0.6,22
real,0.01,20,False,20103,False,39999,0.7272727272727273,False,,1,0.55,22
real,0.01,20,False,20104,True,8150,1.0,True,2,1,0.7,22
real,0.01,21,False,21100,True,11500,1.0,True,2,1,0.6,22
real,0.01,21,False,21101,True,35250,1.0,True,2,1,0.7,22
real,0.01,21,False,21102,True,14200,1.0,True,2,1,0.6,22
real,0.01,21,False,21103,True,17300,1.0,True,2,1,0.15,22
real,0.01,21,False,21104,False,39999,0.6363636363636364,False,,1,0.5,22
real,0.01,22,False,22100,True,12750,1.0,True,2,1,0.5,22
real,0.01,22,False,22101,True,3900,1.0,True,2,1,0.5,22
real,0.01,22,False,22102,True,5300,1.0,True,2,1,0.7,22
real,0.01,22,False,22103,False,39999,1.0,True,2,1,0.35,22
real,0.01,22,False,22104,True,34100,1.0,True,2,1,0.65,22
real,0.01,23,False,23100,True,18550,1.0,True,2,1,0.4,22
real,0.01,23,False,23101,True,16200,1.0,True,2,1,0.45,22
real,0.01,23,False,23102,True,17300,1.0,True,2,1,0.6,22
real,0.01,23,False,23103,True,7050,1.0,True,2,1,0.55,22
real,0.01,23,False,23104,True,27950,1.0,True,2,1,0.55,22
real,0.01,24,False,24100,True,33000,1.0,True,2,1,0.4,22
real,0.01,24,False,24101,True,3200,1.0,True,2,1,0.3,22
real,0.01,24,False,24102,True,10050,1.0,True,2,1,0.4,22
real,0.01,24,False,24103,True,8450,1.0,True,2,1,0.5,22
real,0.01,24,False,24104,True,20350,1.0,True,2,1,0.3,22
real,0.01,25,False,25100,True,9950,1.0,True,2,1,0.4,22
real,0.01,25,False,25101,True,6550,1.0,True,2,1,0.35,22
real,0.01,25,False,25102,False,39999,1.0,True,2,1,0.55,22
real,0.01,25,False,25103,False,39999,1.0,True,2,1,0.45,22
real,0.01,25,False,25104,True,9400,1.0,True,2,1,0.4,22
real,0.01,26,False,26100,False,39999,0.6363636363636364,False,,1,0.7,22
real,0.01,26,False,26101,True,38650,1.0,True,2,1,0.55,22
real,0.01,26,False,26102,False,39999,0.6818181818181818,False,,1,0.65,22
real,0.01,26,False,26103,True,35850,1.0,True,2,1,0.65,22
real,0.01,26,False,26104,False,39999,0.8181818181818182,False,,1,0.4,22
real,0.01,27,False,27100,False,39999,0.7272727272727273,False,,1,0.3,22
real,0.01,27,False,27101,True,5300,1.0,True,2,1,0.5,22
real,0.01,27,False,27102,False,39999,0.7272727272727273,False,,1,0.45,22
real,0.01,27,False,27103,False,39999,0.5,False,,1,0.55,22
real,0.01,27,False,27104,True,1400,1.0,True,2,1,0.55,22
real,0.01,28,False,28100,True,13100,1.0,True,2,1,0.55,22
real,0.01,28,False,28101,False,39999,1.0,True,2,1,0.6,22
real,0.01,28,False,28102,True,17300,1.0,True,2,1,0.35,22
real,0.01,28,False,28103,True,35800,1.0,True,2,1,0.4,22
real,0.01,28,False,28104,True,35600,1.0,True,2,1,0.6,22
real,0.01,29,False,29100,True,10700,1.0,True,2,1,0.35,22
real,0.01,29,False,29101,False,39999,1.0,True,2,1,0.6,22
real,0.01,29,False,29102,True,7800,1.0,True,2,1,0.6,22
real,0.01,29,False,29103,True,1750,1.0,True,2,1,0.6,22
real,0.01,29,False,29104,False,39999,1.0,True,2,1,0.55,22
real,0.015,0,False,100,False,39999,1.0,True,2,1,0.55,22
real,0.015,0,False,101,False,39999,1.0,True,2,1,0.45,22
real,0.015,0,False,102,False,39999,0.6818181818181818,False,,1,0.45,22
real,0.015,0,False,103,False,39999,0.7272727272727273,False,,1,0.45,22
real,0.015,0,False,104,False,39999,0.8636363636363636,False,,1,0.45,22
real,0.015,1,False,1100,False,39999,0.5454545454545454,False,,1,0.45,22
real,0.015,1,False,1101,False,39999,1.0,True,1,1,0.5,22
real,0.015,1,False,1102,False,39999,0.7272727272727273,False,,1,0.5,22
real,0.015,1,False,1103,False,39999,1.0,True,2,1,0.6,22
real,0.015,1,False,1104,False,39999,1.0,True,2,1,0.45,22
real,0.015,2,False,2100,False,39999,0.5909090909090909,False,,1,0.65,22
real,0.015,2,False,2101,False,39999,0.7727272727272727,False,,1,0.55,22
real,0.015,2,False,2102,True,8350,1.0,True,2,1,0.55,22
real,0.015,2,False,2103,True,26100,1.0,True,2,1,0.2,22
real,0.015,2,False,2104,False,39999,1.0,True,2,1,0.45,22
real,0.015,3,False,3100,False,39999,0.6818181818181818,False,,1,0.4,22
real,0.015,3,False,3101,False,39999,0.7727272727272727,False,,1,0.3,22
real,0.015,3,False,3102,False,39999,0.8181818181818182,False,,1,0.45,22
real,0.015,3,False,3103,False,39999,0.5909090909090909,False,,1,0.65,22
real,0.015,3,False,3104,False,39999,0.7272727272727273,False,,1,0.5,22
real,0.015,4,False,4100,False,39999,0.8181818181818182,False,,1,0.6,22
real,0.015,4,False,4101,False,39999,1.0,True,2,1,0.25,22
real,0.015,4,False,4102,False,39999,1.0,True,2,1,0.6,22
real,0.015,4,False,4103,False,39999,1.0,True,2,1,0.4,22
real,0.015,4,False,4104,False,39999,0.7727272727272727,False,,1,0.55,22
real,0.015,5,False,5100,False,39999,0.7727272727272727,False,,1,0.6,22
real,0.015,5,False,5101,False,39999,1.0,True,2,1,0.6,22
real,0.015,5,False,5102,False,39999,1.0,True,2,1,0.55,22
real,0.015,5,False,5103,False,39999,1.0,True,2,1,0.65,22
real,0.015,5,False,5104,True,24950,1.0,True,2,1,0.65,22
real,0.015,6,False,6100,False,39999,1.0,True,2,1,0.7,22
real,0.015,6,False,6101,False,39999,1.0,True,1,1,0.5,22
real,0.015,6,False,6102,False,39999,0.9090909090909091,False,,1,0.45,22
real,0.015,6,False,6103,False,39999,0.6818181818181818,False,,1,0.55,22
real,0.015,6,False,6104,False,39999,1.0,True,2,1,0.45,22
real,0.015,7,False,7100,False,39999,1.0,True,2,1,0.55,22
real,0.015,7,False,7101,False,39999,0.8181818181818182,False,,1,0.45,22
real,0.015,7,False,7102,False,39999,0.7727272727272727,False,,1,0.35,22
real,0.015,7,False,7103,False,39999,0.9545454545454546,False,,1,0.65,22
real,0.015,7,False,7104,False,39999,0.7727272727272727,False,,1,0.6,22
real,0.015,8,False,8100,False,39999,0.5454545454545454,False,,1,0.65,22
real,0.015,8,False,8101,False,39999,1.0,True,2,1,0.4,22
real,0.015,8,False,8102,False,39999,0.7272727272727273,False,,1,0.4,22
real,0.015,8,False,8103,False,39999,0.5909090909090909,False,,1,0.5,22
real,0.015,8,False,8104,False,39999,0.8181818181818182,False,,1,0.5,22
real,0.015,9,False,9100,False,39999,1.0,True,2,1,0.5,22
real,0.015,9,False,9101,False,39999,1.0,True,2,1,0.45,22
real,0.015,9,False,9102,False,39999,0.7272727272727273,False,,1,0.4,22
real,0.015,9,False,9103,False,39999,0.5454545454545454,False,,1,0.6,22
real,0.015,9,False,9104,False,39999,0.5909090909090909,False,,1,0.5,22
real,0.015,10,False,10100,False,39999,1.0,True,2,1,0.2,22
real,0.015,10,False,10101,True,9000,1.0,True,2,1,0.45,22
real,0.015,10,False,10102,False,39999,1.0,True,2,1,0.4,22
real,0.015,10,False,10103,False,39999,0.6363636363636364,False,,1,0.55,22
real,0.015,10,False,10104,False,39999,0.8636363636363636,False,,1,0.55,22
real,0.015,11,False,11100,False,39999,1.0,True,2,1,0.4,22
real,0.015,11,False,11101,False,39999,0.6818181818181818,False,,1,0.5,22
real,0.015,11,False,11102,False,39999,0.6363636363636364,False,,1,0.45,22
real,0.015,11,False,11103,False,39999,0.5909090909090909,False,,1,0.65,22
real,0.015,11,False,11104,False,39999,1.0,True,2,1,0.5,22
real,0.015,12,False,12100,False,39999,1.0,True,2,1,0.5,22
real,0.015,12,False,12101,False,39999,1.0,True,2,1,0.55,22
real,0.015,12,False,12102,False,39999,0.7727272727272727,False,,1,0.4,22
real,0.015,12,False,12103,False,39999,1.0,True,2,1,0.6,22
real,0.015,12,False,12104,False,39999,0.9090909090909091,False,,1,0.4,22
real,0.015,13,False,13100,False,39999,1.0,True,2,1,0.55,22
real,0.015,13,False,13101,False,39999,0.8181818181818182,False,,1,0.5,22
real,0.015,13,False,13102,False,39999,0.6363636363636364,False,,1,0.6,22
real,0.015,13,False,13103,True,8750,1.0,True,2,1,0.65,22
real,0.015,13,False,13104,False,39999,0.7272727272727273,False,,1,0.5,22
real,0.015,14,False,14100,False,39999,0.5,False,,1,0.5,22
real,0.015,14,False,14101,False,39999,0.7272727272727273,False,,1,0.7,22
real,0.015,14,False,14102,False,39999,1.0,True,2,1,0.55,22
real,0.015,14,False,14103,False,39999,0.7727272727272727,False,,1,0.75,22
real,0.015,14,False,14104,False,39999,0.6363636363636364,False,,1,0.4,22
real,0.015,15,False,15100,False,39999,1.0,True,2,1,0.55,22
real,0.015,15,False,15101,False,39999,1.0,True,2,1,0.25,22
real,0.015,15,False,15102,False,39999,0.8636363636363636,False,,1,0.45,22
real,0.015,15,False,15103,False,39999,0.6363636363636364,False,,1,0.5,22
real,0.015,15,False,15104,False,39999,1.0,True,2,1,0.55,22
real,0.015,16,False,16100,False,39999,1.0,True,2,1,0.7,22
real,0.015,16,False,16101,False,39999,0.8636363636363636,False,,1,0.55,22
real,0.015,16,False,16102,False,39999,1.0,True,2,1,0.7,22
real,0.015,16,False,16103,False,39999,1.0,True,2,1,0.6,22
real,0.015,16,False,16104,False,39999,0.8181818181818182,False,,1,0.6,22
real,0.015,17,False,17100,False,39999,0.8181818181818182,False,,1,0.65,22
real,0.015,17,False,17101,False,39999,1.0,True,2,1,0.45,22
real,0.015,17,False,17102,True,5650,1.0,True,2,1,0.55,22
real,0.015,17,False,17103,False,39999,0.5454545454545454,False,,1,0.6,22
real,0.015,17,False,17104,False,39999,1.0,True,2,1,0.55,22
real,0.015,18,False,18100,False,39999,0.5454545454545454,False,,1,0.4,22
real,0.015,18,False,18101,False,39999,1.0,True,2,1,0.2,22
real,0.015,18,False,18102,False,39999,0.8636363636363636,False,,1,0.4,22
real,0.015,18,False,18103,False,39999,0.6363636363636364,False,,1,0.55,22
real,0.015,18,False,18104,False,39999,1.0,True,2,1,0.45,22
real,0.015,19,False,19100,False,39999,1.0,True,2,1,0.7,22
real,0.015,19,False,19101,False,39999,0.5909090909090909,False,,1,0.45,22
real,0.015,19,False,19102,False,39999,1.0,True,2,1,0.5,22
real,0.015,19,False,19103,False,39999,0.9090909090909091,False,,1,0.55,22
real,0.015,19,False,19104,False,39999,0.7727272727272727,False,,1,0.5,22
real,0.015,20,False,20100,False,39999,0.7272727272727273,False,,1,0.4,22
real,0.015,20,False,20101,False,39999,1.0,True,2,1,0.5,22
real,0.015,20,False,20102,True,21000,1.0,True,2,1,0.65,22
real,0.015,20,False,20103,False,39999,1.0,True,2,1,0.55,22
real,0.015,20,False,20104,True,6600,1.0,True,2,1,0.55,22
real,0.015,21,False,21100,False,39999,1.0,True,2,1,0.45,22
real,0.015,21,False,21101,False,39999,1.0,True,2,1,0.35,22
real,0.015,21,False,21102,True,14100,1.0,True,2,1,0.65,22
real,0.015,21,False,21103,False,39999,0.8181818181818182,False,,1,0.6,22
real,0.015,21,False,21104,False,39999,1.0,True,2,1,0.45,22
real,0.015,22,False,22100,False,39999,1.0,True,2,1,0.3,22
real,0.015,22,False,22101,False,39999,0.6363636363636364,False,,1,0.6,22
real,0.015,22,False,22102,False,39999,1.0,True,2,1,0.55,22
real,0.015,22,False,22103,False,39999,0.9090909090909091,False,,1,0.45,22
real,0.015,22,False,22104,False,39999,1.0,True,2,1,0.3,22
real,0.015,23,False,23100,False,39999,0.6818181818181818,False,,1,0.5,22
real,0.015,23,False,23101,False,39999,1.0,True,2,1,0.6,22
real,0.015,23,False,23102,True,32100,1.0,True,2,1,0.55,22
real,0.015,23,False,23103,False,39999,1.0,True,2,1,0.4,22
real,0.015,23,False,23104,False,39999,0.6363636363636364,False,,1,0.6,22
real,0.015,24,False,24100,False,39999,0.6363636363636364,False,,1,0.5,22
real,0.015,24,False,24101,False,39999,1.0,True,2,1,0.55,22
real,0.015,24,False,24102,False,39999,1.0,True,2,1,0.5,22
real,0.015,24,False,24103,False,39999,1.0,True,2,1,0.45,22
real,0.015,24,False,24104,False,39999,1.0,True,2,1,0.45,22
real,0.015,25,False,25100,True,29550,1.0,True,2,1,0.5,22
real,0.015,25,False,25101,False,39999,1.0,True,2,1,0.55,22
real,0.015,25,False,25102,False,39999,0.8181818181818182,False,,1,0.55,22
real,0.015,25,False,25103,False,39999,1.0,True,2,1,0.6,22
real,0.015,25,False,25104,False,39999,0.7727272727272727,False,,1,0.4,22
real,0.015,26,False,26100,False,39999,1.0,True,2,1,0.55,22
real,0.015,26,False,26101,False,39999,0.7727272727272727,False,,1,0.5,22
real,0.015,26,False,26102,False,39999,1.0,True,2,1,0.5,22
real,0.015,26,False,26103,False,39999,0.6818181818181818,False,,1,0.55,22
real,0.015,26,False,26104,False,39999,0.5454545454545454,False,,1,0.5,22
real,0.015,27,False,27100,False,39999,1.0,True,2,1,0.55,22
real,0.015,27,False,27101,False,39999,0.6818181818181818,False,,1,0.5,22
real,0.015,27,False,27102,False,39999,1.0,True,2,1,0.45,22
real,0.015,27,False,27103,False,39999,0.8181818181818182,False,,1,0.4,22
real,0.015,27,False,27104,False,39999,1.0,True,2,1,0.6,22
real,0.015,28,False,28100,False,39999,1.0,True,2,1,0.6,22
real,0.015,28,False,28101,False,39999,0.8636363636363636,False,,1,0.65,22
real,0.015,28,False,28102,False,39999,0.5909090909090909,False,,1,0.5,22
real,0.015,28,False,28103,False,39999,1.0,True,2,1,0.4,22
real,0.015,28,False,28104,True,11350,1.0,True,2,1,0.4,22
real,0.015,29,False,29100,False,39999,0.6363636363636364,False,,1,0.5,22
real,0.015,29,False,29101,False,39999,0.6363636363636364,False,,1,0.6,22
real,0.015,29,False,29102,False,39999,0.8636363636363636,False,,1,0.5,22
real,0.015,29,False,29103,False,39999,0.5454545454545454,False,,1,0.65,22
real,0.015,29,False,29104,False,39999,0.7272727272727273,False,,1,0.45,22
real,0.02,0,False,100,False,39999,1.0,True,2,1,0.55,22
real,0.02,0,False,101,False,39999,1.0,True,2,1,0.65,22
real,0.02,0,False,102,False,39999,1.0,True,2,1,0.55,22
real,0.02,0,False,103,False,39999,1.0,True,2,1,0.55,22
real,0.02,0,False,104,True,32550,1.0,True,2,1,0.65,22
real,0.02,1,False,1100,False,39999,0.6818181818181818,False,,1,0.5,22
real,0.02,1,False,1101,False,39999,0.8181818181818182,False,,1,0.55,22
real,0.02,1,False,1102,False,39999,1.0,True,2,1,0.7,22
real,0.02,1,False,1103,False,39999,1.0,True,2,1,0.45,22
real,0.02,1,False,1104,False,39999,1.0,True,2,1,0.4,22
real,0.02,2,False,2100,False,39999,1.0,True,2,1,0.3,22
real,0.02,2,False,2101,False,39999,1.0,True,2,1,0.45,22
real,0.02,2,False,2102,False,39999,0.6363636363636364,False,,1,0.5,22
real,0.02,2,False,2103,False,39999,0.9545454545454546,False,,1,0.6,22
real,0.02,2,False,2104,False,39999,0.6363636363636364,False,,1,0.65,22
real,0.02,3,False,3100,False,39999,0.5909090909090909,False,,1,0.55,22
real,0.02,3,False,3101,False,39999,0.5909090909090909,False,,1,0.35,22
real,0.02,3,False,3102,False,39999,0.8181818181818182,False,,1,0.55,22
real,0.02,3,False,3103,False,39999,1.0,True,2,1,0.6,22
real,0.02,3,False,3104,False,39999,1.0,True,2,1,0.3,22
real,0.02,4,False,4100,False,39999,0.4090909090909091,False,,1,0.55,22
real,0.02,4,False,4101,False,39999,1.0,True,2,1,0.6,22
real,0.02,4,False,4102,False,39999,0.6818181818181818,False,,1,0.55,22
real,0.02,4,False,4103,False,39999,0.8636363636363636,False,,1,0.55,22
real,0.02,4,False,4104,False,39999,0.6818181818181818,False,,1,0.5,22
real,0.02,5,False,5100,False,39999,0.8181818181818182,False,,1,0.5,22
real,0.02,5,False,5101,False,39999,0.6818181818181818,False,,1,0.65,22
real,0.02,5,False,5102,False,39999,0.7272727272727273,False,,1,0.45,22
real,0.02,5,False,5103,False,39999,0.7272727272727273,False,,1,0.55,22
real,0.02,5,False,5104,False,39999,0.8181818181818182,False,,1,0.65,22
real,0.02,6,False,6100,False,39999,1.0,True,2,1,0.4,22
real,0.02,6,False,6101,False,39999,0.5454545454545454,False,,1,0.6,22
real,0.02,6,False,6102,False,39999,0.7272727272727273,False,,1,0.6,22
real,0.02,6,False,6103,False,39999,1.0,True,2,1,0.4,22
real,0.02,6,False,6104,False,39999,0.5909090909090909,False,,1,0.5,22
real,0.02,7,False,7100,False,39999,0.7272727272727273,False,,1,0.45,22
real,0.02,7,False,7101,False,39999,1.0,True,2,1,0.55,22
real,0.02,7,False,7102,False,39999,0.5454545454545454,False,,1,0.55,22
real,0.02,7,False,7103,False,39999,1.0,True,2,1,0.55,22
real,0.02,7,False,7104,False,39999,0.5909090909090909,False,,1,0.35,22
real,0.02,8,False,8100,False,39999,0.7727272727272727,False,,1,0.45,22
real,0.02,8,False,8101,False,39999,0.7727272727272727,False,,1,0.6,22
real,0.02,8,False,8102,False,39999,0.8636363636363636,False,,1,0.6,22
real,0.02,8,False,8103,False,39999,0.5909090909090909,False,,1,0.65,22
real,0.02,8,False,8104,False,39999,1.0,True,2,1,0.55,22
real,0.02,9,False,9100,False,39999,0.5909090909090909,False,,1,0.55,22
real,0.02,9,False,9101,False,39999,1.0,True,2,1,0.6,22
real,0.02,9,False,9102,False,39999,1.0,True,2,1,0.55,22
real,0.02,9,False,9103,False,39999,1.0,True,2,1,0.5,22
real,0.02,9,False,9104,False,39999,0.5909090909090909,False,,1,0.4,22
real,0.02,10,False,10100,False,39999,1.0,True,2,1,0.45,22
real,0.02,10,False,10101,False,39999,1.0,True,2,1,0.55,22
real,0.02,10,False,10102,False,39999,1.0,True,2,1,0.55,22
real,0.02,10,False,10103,False,39999,0.8181818181818182,False,,1,0.35,22
real,0.02,10,False,10104,False,39999,0.45454545454545453,False,,1,0.5,22
real,0.02,11,False,11100,False,39999,1.0,True,2,1,0.65,22
real,0.02,11,False,11101,False,39999,1.0,True,2,1,0.6,22
real,0.02,11,False,11102,False,39999,0.6363636363636364,False,,1,0.55,22
real,0.02,11,False,11103,False,39999,0.7272727272727273,False,,1,0.55,22
real,0.02,11,False,11104,False,39999,0.6818181818181818,False,,1,0.6,22
real,0.02,12,False,12100,False,39999,0.7727272727272727,False,,1,0.55,22
real,0.02,12,False,12101,False,39999,1.0,True,2,1,0.25,22
real,0.02,12,False,12102,False,39999,0.7727272727272727,False,,1,0.65,22
real,0.02,12,False,12103,False,39999,1.0,True,2,1,0.65,22
real,0.02,12,False,12104,False,39999,0.6818181818181818,False,,1,0.45,22
real,0.02,13,False,13100,False,39999,1.0,True,2,1,0.4,22
real,0.02,13,False,13101,False,39999,0.6363636363636364,False,,1,0.6,22
real,0.02,13,False,13102,False,39999,1.0,True,2,1,0.55,22
real,0.02,13,False,13103,False,39999,1.0,True,2,1,0.5,22
real,0.02,13,False,13104,False,39999,1.0,True,2,1,0.5,22
real,0.02,14,False,14100,False,39999,0.7727272727272727,False,,1,0.55,22
real,0.02,14,False,14101,False,39999,1.0,True,2,1,0.4,22
real,0.02,14,False,14102,False,39999,0.7272727272727273,False,,1,0.3,22
real,0.02,14,False,14103,False,39999,1.0,True,2,1,0.4,22
real,0.02,14,False,14104,False,39999,1.0,True,2,1,0.7,22
real,0.02,15,False,15100,False,39999,1.0,True,2,1,0.6,22
real,0.02,15,False,15101,False,39999,1.0,True,2,1,0.45,22
real,0.02,15,False,15102,False,39999,0.8181818181818182,False,,1,0.45,22
real,0.02,15,False,15103,False,39999,0.7272727272727273,False,,1,0.4,22
real,0.02,15,False,15104,False,39999,1.0,True,2,1,0.45,22
real,0.02,16,False,16100,False,39999,0.9090909090909091,False,,1,0.3,22
real,0.02,16,False,16101,True,13250,1.0,True,2,1,0.55,22
real,0.02,16,False,16102,False,39999,0.5454545454545454,False,,1,0.4,22
real,0.02,16,False,16103,False,39999,1.0,True,2,1,0.45,22
real,0.02,16,False,16104,False,39999,1.0,True,2,1,0.45,22
real,0.02,17,False,17100,False,39999,0.7272727272727273,False,,1,0.6,22
real,0.02,17,False,17101,False,39999,0.8181818181818182,False,,1,0.65,22
real,0.02,17,False,17102,False,39999,0.7272727272727273,False,,1,0.6,22
real,0.02,17,False,17103,False,39999,0.5454545454545454,False,,1,0.4,22
real,0.02,17,False,17104,False,39999,0.7272727272727273,False,,1,0.3,22
real,0.02,18,False,18100,False,39999,1.0,True,2,1,0.5,22
real,0.02,18,False,18101,False,39999,0.5454545454545454,False,,1,0.45,22
real,0.02,18,False,18102,False,39999,0.6363636363636364,False,,1,0.5,22
real,0.02,18,False,18103,False,39999,0.5909090909090909,False,,1,0.55,22
real,0.02,18,False,18104,False,39999,1.0,True,2,1,0.4,22
real,0.02,19,False,19100,False,39999,0.8636363636363636,False,,1,0.7,22
real,0.02,19,False,19101,False,39999,0.5454545454545454,False,,1,0.55,22
real,0.02,19,False,19102,False,39999,1.0,True,2,1,0.6,22
real,0.02,19,False,19103,False,39999,1.0,True,2,1,0.7,22
real,0.02,19,False,19104,False,39999,1.0,True,2,1,0.6,22
real,0.02,20,False,20100,False,39999,1.0,True,2,1,0.7,22
real,0.02,20,False,20101,False,39999,0.8181818181818182,False,,1,0.45,22
real,0.02,20,False,20102,False,39999,0.6363636363636364,False,,1,0.55,22
real,0.02,20,False,20103,False,39999,1.0,True,2,1,0.65,22
real,0.02,20,False,20104,False,39999,1.0,True,2,1,0.45,22
real,0.02,21,False,21100,False,39999,0.8636363636363636,False,,1,0.7,22
real,0.02,21,False,21101,False,39999,1.0,True,2,1,0.45,22
real,0.02,21,False,21102,False,39999,0.5909090909090909,False,,1,0.45,22
real,0.02,21,False,21103,False,39999,0.8181818181818182,False,,1,0.55,22
real,0.02,21,False,21104,False,39999,0.6818181818181818,False,,1,0.65,22
real,0.02,22,False,22100,False,39999,0.6818181818181818,False,,1,0.55,22
real,0.02,22,False,22101,False,39999,1.0,True,2,1,0.45,22
real,0.02,22,False,22102,False,39999,1.0,True,2,1,0.65,22
real,0.02,22,False,22103,False,39999,0.7272727272727273,False,,1,0.55,22
real,0.02,22,False,22104,False,39999,0.6363636363636364,False,,1,0.6,22
real,0.02,23,False,23100,False,39999,1.0,True,2,1,0.35,22
real,0.02,23,False,23101,False,39999,0.5909090909090909,False,,1,0.45,22
real,0.02,23,False,23102,False,39999,0.9090909090909091,False,,1,0.6,22
real,0.02,23,False,23103,False,39999,0.6363636363636364,False,,1,0.4,22
real,0.02,23,False,23104,False,39999,0.6818181818181818,False,,1,0.5,22
real,0.02,24,False,24100,False,39999,0.8181818181818182,False,,1,0.6,22
real,0.02,24,False,24101,False,39999,0.9090909090909091,False,,1,0.7,22
real,0.02,24,False,24102,False,39999,0.6818181818181818,False,,1,0.5,22
real,0.02,24,False,24103,False,39999,0.6363636363636364,False,,1,0.5,22
real,0.02,24,False,24104,False,39999,0.5909090909090909,False,,1,0.55,22
real,0.02,25,False,25100,False,39999,0.5909090909090909,False,,1,0.5,22
real,0.02,25,False,25101,False,39999,0.7727272727272727,False,,1,0.4,22
real,0.02,25,False,25102,False,39999,1.0,True,2,1,0.5,22
real,0.02,25,False,25103,False,39999,0.45454545454545453,False,,1,0.4,22
real,0.02,25,False,25104,False,39999,0.6818181818181818,False,,1,0.5,22
real,0.02,26,False,26100,False,39999,1.0,True,2,1,0.45,22
real,0.02,26,False,26101,False,39999,0.5,False,,1,0.5,22
real,0.02,26,False,26102,False,39999,1.0,True,2,1,0.45,22
real,0.02,26,False,26103,False,39999,0.6818181818181818,False,,1,0.7,22
real,0.02,26,False,26104,False,39999,0.5454545454545454,False,,1,0.5,22
real,0.02,27,False,27100,False,39999,0.6818181818181818,False,,1,0.35,22
real,0.02,27,False,27101,False,39999,1.0,True,2,1,0.55,22
real,0.02,27,False,27102,False,39999,0.9090909090909091,False,,1,0.6,22
real,0.02,27,False,27103,False,39999,1.0,True,2,1,0.55,22
real,0.02,27,False,27104,False,39999,0.5454545454545454,False,,1,0.6,22
real,0.02,28,False,28100,False,39999,1.0,True,2,1,0.65,22
real,0.02,28,False,28101,False,39999,0.9545454545454546,False,,1,0.5,22
real,0.02,28,False,28102,False,39999,0.6363636363636364,False,,1,0.6,22
real,0.02,28,False,28103,False,39999,0.8636363636363636,False,,1,0.55,22
real,0.02,28,False,28104,False,39999,0.7727272727272727,False,,1,0.45,22
real,0.02,29,False,29100,False,39999,0.6818181818181818,False,,1,0.5,22
real,0.02,29,False,29101,False,39999,0.5,False,,1,0.45,22
real,0.02,29,False,29102,False,39999,0.4090909090909091,False,,1,0.55,22
real,0.02,29,False,29103,False,39999,0.9545454545454546,False,,1,0.5,22
real,0.02,29,False,29104,False,39999,0.6363636363636364,False,,1,0.35,22
real,0.03,0,False,100,False,39999,0.5909090909090909,False,,1,0.55,22
real,0.03,0,False,101,False,39999,0.5,False,,1,0.55,22
real,0.03,0,False,102,False,39999,0.6818181818181818,False,,1,0.5,22
real,0.03,0,False,103,False,39999,0.4090909090909091,False,,1,0.45,22
real,0.03,0,False,104,False,39999,0.5909090909090909,False,,1,0.45,22
real,0.03,1,False,1100,False,39999,0.9090909090909091,False,,1,0.35,22
real,0.03,1,False,1101,False,39999,0.7272727272727273,False,,1,0.4,22
real,0.03,1,False,1102,False,39999,1.0,True,2,1,0.5,22
real,0.03,1,False,1103,False,39999,1.0,True,2,1,0.7,22
real,0.03,1,False,1104,False,39999,0.7727272727272727,False,,1,0.45,22
real,0.03,2,False,2100,False,39999,1.0,True,2,1,0.7,22
real,0.03,2,False,2101,False,39999,0.6363636363636364,False,,1,0.55,22
real,0.03,2,False,2102,False,39999,0.6363636363636364,False,,1,0.65,22
real,0.03,2,False,2103,False,39999,1.0,True,2,1,0.3,22
real,0.03,2,False,2104,False,39999,1.0,True,2,1,0.6,22
real,0.03,3,False,3100,False,39999,0.5454545454545454,False,,1,0.45,22
real,0.03,3,False,3101,False,39999,1.0,True,2,1,0.45,22
real,0.03,3,False,3102,False,39999,1.0,True,2,1,0.6,22
real,0.03,3,False,3103,False,39999,0.6818181818181818,False,,1,0.3,22
real,0.03,3,False,3104,False,39999,1.0,True,2,1,0.5,22
real,0.03,4,False,4100,False,39999,0.6363636363636364,False,,1,0.5,22
real,0.03,4,False,4101,False,39999,0.7272727272727273,False,,1,0.55,22
real,0.03,4,False,4102,False,39999,0.6818181818181818,False,,1,0.45,22
real,0.03,4,False,4103,False,39999,0.9090909090909091,False,,1,0.45,22
real,0.03,4,False,4104,False,39999,1.0,True,2,1,0.55,22
real,0.03,5,False,5100,False,39999,0.8181818181818182,False,,1,0.55,22
real,0.03,5,False,5101,False,39999,0.8181818181818182,False,,1,0.6,22
real,0.03,5,False,5102,False,39999,1.0,True,2,1,0.3,22
real,0.03,5,False,5103,False,39999,0.8181818181818182,False,,1,0.4,22
real,0.03,5,False,5104,False,39999,0.5909090909090909,False,,1,0.4,22
real,0.03,6,False,6100,False,39999,0.8181818181818182,False,,1,0.5,22
real,0.03,6,False,6101,False,39999,0.5454545454545454,False,,1,0.55,22
real,0.03,6,False,6102,False,39999,0.7727272727272727,False,,1,0.35,22
real,0.03,6,False,6103,False,39999,0.6363636363636364,False,,1,0.45,22
real,0.03,6,False,6104,False,39999,0.9090909090909091,False,,1,0.5,22
real,0.03,7,False,7100,False,39999,0.5909090909090909,False,,1,0.45,22
real,0.03,7,False,7101,False,39999,0.7272727272727273,False,,1,0.4,22
real,0.03,7,False,7102,False,39999,1.0,True,2,1,0.55,22
real,0.03,7,False,7103,False,39999,1.0,True,2,1,0.5,22
real,0.03,7,False,7104,False,39999,0.9090909090909091,False,,1,0.25,22
real,0.03,8,False,8100,False,39999,0.8181818181818182,False,,1,0.65,22
real,0.03,8,False,8101,False,39999,0.7272727272727273,False,,1,0.35,22
real,0.03,8,False,8102,False,39999,0.7727272727272727,False,,1,0.5,22
real,0.03,8,False,8103,False,39999,0.5,False,,1,0.55,22
real,0.03,8,False,8104,False,39999,0.5454545454545454,False,,1,0.7,22
real,0.03,9,False,9100,False,39999,0.7272727272727273,False,,1,0.3,22
real,0.03,9,False,9101,False,39999,0.7727272727272727,False,,1,0.55,22
real,0.03,9,False,9102,False,39999,0.8181818181818182,False,,1,0.5,22
real,0.03,9,False,9103,False,39999,0.7727272727272727,False,,1,0.4,22
real,0.03,9,False,9104,False,39999,0.7272727272727273,False,,1,0.45,22
real,0.03,10,False,10100,False,39999,0.7727272727272727,False,,1,0.5,22
real,0.03,10,False,10101,False,39999,0.5909090909090909,False,,1,0.5,22
real,0.03,10,False,10102,False,39999,1.0,True,2,1,0.55,22
real,0.03,10,False,10103,False,39999,0.6363636363636364,False,,1,0.6,22
real,0.03,10,False,10104,False,39999,0.8181818181818182,False,,1,0.5,22
real,0.03,11,False,11100,False,39999,0.5909090909090909,False,,1,0.45,22
real,0.03,11,False,11101,False,39999,1.0,True,2,1,0.6,22
real,0.03,11,False,11102,False,39999,0.6818181818181818,False,,1,0.65,22
real,0.03,11,False,11103,False,39999,1.0,True,2,1,0.45,22
real,0.03,11,False,11104,False,39999,1.0,True,2,1,0.35,22
real,0.03,12,False,12100,False,39999,0.9090909090909091,False,,1,0.4,22
real,0.03,12,False,12101,False,39999,0.5454545454545454,False,,1,0.5,22
real,0.03,12,False,12102,False,39999,1.0,True,2,1,0.6,22
real,0.03,12,False,12103,False,39999,0.8181818181818182,False,,1,0.5,22
real,0.03,12,False,12104,False,39999,0.8181818181818182,False,,1,0.55,22
real,0.03,13,False,13100,False,39999,0.6818181818181818,False,,1,0.65,22
real,0.03,13,False,13101,False,39999,0.45454545454545453,False,,1,0.6,22
real,0.03,13,False,13102,False,39999,0.5,False,,1,0.4,22
real,0.03,13,False,13103,False,39999,0.7272727272727273,False,,1,0.5,22
real,0.03,13,False,13104,False,39999,1.0,True,2,1,0.3,22
real,0.03,14,False,14100,False,39999,0.9090909090909091,False,,1,0.5,22
real,0.03,14,False,14101,False,39999,0.8181818181818182,False,,1,0.4,22
real,0.03,14,False,14102,False,39999,1.0,True,2,1,0.65,22
real,0.03,14,False,14103,False,39999,0.8181818181818182,False,,1,0.25,22
real,0.03,14,False,14104,False,39999,0.7727272727272727,False,,1,0.45,22
real,0.03,15,False,15100,False,39999,1.0,True,2,1,0.55,22
real,0.03,15,False,15101,False,39999,0.7727272727272727,False,,1,0.65,22
real,0.03,15,False,15102,False,39999,0.5454545454545454,False,,1,0.5,22
real,0.03,15,False,15103,False,39999,0.8181818181818182,False,,1,0.4,22
real,0.03,15,False,15104,False,39999,0.6363636363636364,False,,1,0.55,22
real,0.03,16,False,16100,False,39999,0.5909090909090909,False,,1,0.55,22
real,0.03,16,False,16101,False,39999,0.5,False,,1,0.65,22
real,0.03,16,False,16102,False,39999,0.6363636363636364,False,,1,0.4,22
real,0.03,16,False,16103,False,39999,0.6818181818181818,False,,1,0.5,22
real,0.03,16,False,16104,False,39999,1.0,True,2,1,0.65,22
real,0.03,17,False,17100,False,39999,1.0,True,2,1,0.6,22
real,0.03,17,False,17101,False,39999,0.5909090909090909,False,,1,0.5,22
real,0.03,17,False,17102,False,39999,0.8636363636363636,False,,1,0.45,22
real,0.03,17,False,17103,False,39999,0.5454545454545454,False,,1,0.6,22
real,0.03,17,False,17104,False,39999,0.5,False,,1,0.7,22
real,0.03,18,False,18100,False,39999,0.5454545454545454,False,,1,0.65,22
real,0.03,18,False,18101,False,39999,0.5909090909090909,False,,1,0.55,22
real,0.03,18,False,18102,False,39999,0.6363636363636364,False,,1,0.45,22
real,0.03,18,False,18103,False,39999,0.9090909090909091,False,,1,0.6,22
real,0.03,18,False,18104,False,39999,0.5,False,,1,0.55,22
real,0.03,19,False,19100,False,39999,0.6818181818181818,False,,1,0.5,22
real,0.03,19,False,19101,False,39999,1.0,True,2,1,0.25,22
real,0.03,19,False,19102,False,39999,0.6363636363636364,False,,1,0.45,22
real,0.03,19,False,19103,False,39999,0.6818181818181818,False,,1,0.3,22
real,0.03,19,False,19104,False,39999,0.5,False,,1,0.4,22
real,0.03,20,False,20100,False,39999,0.8181818181818182,False,,1,0.4,22
real,0.03,20,False,20101,False,39999,0.7272727272727273,False,,1,0.3,22
real,0.03,20,False,20102,False,39999,1.0,True,2,1,0.6,22
real,0.03,20,False,20103,False,39999,0.8636363636363636,False,,1,0.55,22
real,0.03,20,False,20104,False,39999,0.9545454545454546,False,,1,0.6,22
real,0.03,21,False,21100,False,39999,1.0,True,2,1,0.4,22
real,0.03,21,False,21101,False,39999,0.6363636363636364,False,,1,0.4,22
real,0.03,21,False,21102,False,39999,1.0,True,2,1,0.5,22
real,0.03,21,False,21103,False,39999,0.8181818181818182,False,,1,0.4,22
real,0.03,21,False,21104,False,39999,0.6818181818181818,False,,1,0.45,22
real,0.03,22,False,22100,False,39999,0.7727272727272727,False,,1,0.65,22
real,0.03,22,False,22101,False,39999,0.8636363636363636,False,,1,0.5,22
real,0.03,22,False,22102,False,39999,1.0,True,2,1,0.45,22
real,0.03,22,False,22103,False,39999,0.5909090909090909,False,,1,0.55,22
real,0.03,22,False,22104,False,39999,0.6363636363636364,False,,1,0.4,22
real,0.03,23,False,23100,False,39999,1.0,True,2,1,0.5,22
real,0.03,23,False,23101,False,39999,0.6363636363636364,False,,1,0.35,22
real,0.03,23,False,23102,False,39999,0.8636363636363636,False,,1,0.55,22
real,0.03,23,False,23103,False,39999,0.6818181818181818,False,,1,0.45,22
real,0.03,23,False,23104,False,39999,0.9545454545454546,False,,1,0.5,22
real,0.03,24,False,24100,False,39999,0.9545454545454546,False,,1,0.45,22
real,0.03,24,False,24101,False,39999,0.8181818181818182,False,,1,0.35,22
real,0.03,24,False,24102,False,39999,0.7272727272727273,False,,1,0.45,22
real,0.03,24,False,24103,False,39999,0.8181818181818182,False,,1,0.45,22
real,0.03,24,False,24104,False,39999,0.6818181818181818,False,,1,0.55,22
real,0.03,25,False,25100,False,39999,0.6818181818181818,False,,1,0.6,22
real,0.03,25,False,25101,False,39999,0.7272727272727273,False,,1,0.45,22
real,0.03,25,False,25102,False,39999,0.7272727272727273,False,,1,0.45,22
real,0.03,25,False,25103,False,39999,0.5,False,,1,0.6,22
real,0.03,25,False,25104,False,39999,0.5909090909090909,False,,1,0.75,22
real,0.03,26,False,26100,False,39999,1.0,True,2,1,0.7,22
real,0.03,26,False,26101,False,39999,0.5454545454545454,False,,1,0.55,22
real,0.03,26,False,26102,False,39999,0.7727272727272727,False,,1,0.4,22
real,0.03,26,False,26103,False,39999,0.6818181818181818,False,,1,0.3,22
real,0.03,26,False,26104,False,39999,0.6363636363636364,False,,1,0.65,22
real,0.03,27,False,27100,False,39999,0.6363636363636364,False,,1,0.55,22
real,0.03,27,False,27101,False,39999,0.6363636363636364,False,,1,0.45,22
real,0.03,27,False,27102,False,39999,0.8181818181818182,False,,1,0.65,22
real,0.03,27,False,27103,False,39999,0.7727272727272727,False,,1,0.5,22
real,0.03,27,False,27104,False,39999,0.8181818181818182,False,,1,0.5,22
real,0.03,28,False,28100,False,39999,0.6818181818181818,False,,1,0.4,22
real,0.03,28,False,28101,False,39999,1.0,True,2,1,0.45,22
real,0.03,28,False,28102,False,39999,0.8181818181818182,False,,1,0.65,22
real,0.03,28,False,28103,False,39999,0.6818181818181818,False,,1,0.5,22
real,0.03,28,False,28104,False,39999,0.8181818181818182,False,,1,0.65,22
real,0.03,29,False,29100,False,39999,0.5909090909090909,False,,1,0.5,22
real,0.03,29,False,29101,False,39999,0.6818181818181818,False,,1,0.25,22
real,0.03,29,False,29102,False,39999,0.8181818181818182,False,,1,0.6,22
real,0.03,29,False,29103,False,39999,1.0,True,2,1,0.35,22
real,0.03,29,False,29104,False,39999,0.5,False,,1,0.65,22
real,0.05,0,False,100,False,39999,0.5909090909090909,False,,1,0.7,22
real,0.05,0,False,101,False,39999,0.5909090909090909,False,,1,0.4,22
real,0.05,0,False,102,False,39999,0.7272727272727273,False,,1,0.45,22
real,0.05,0,False,103,False,39999,0.6818181818181818,False,,1,0.55,22
real,0.05,0,False,104,False,39999,0.8636363636363636,False,,1,0.5,22
real,0.05,1,False,1100,False,39999,0.6818181818181818,False,,1,0.65,22
real,0.05,1,False,1101,False,39999,0.8181818181818182,False,,1,0.55,22
real,0.05,1,False,1102,False,39999,0.5909090909090909,False,,1,0.7,22
real,0.05,1,False,1103,False,39999,0.7272727272727273,False,,1,0.35,22
real,0.05,1,False,1104,False,39999,0.7272727272727273,False,,1,0.55,22
real,0.05,2,False,2100,False,39999,0.5909090909090909,False,,1,0.35,22
real,0.05,2,False,2101,False,39999,1.0,True,2,1,0.5,22
real,0.05,2,False,2102,False,39999,0.36363636363636365,False,,1,0.5,22
real,0.05,2,False,2103,False,39999,0.5454545454545454,False,,1,0.3,22
real,0.05,2,False,2104,False,39999,0.5454545454545454,False,,1,0.15,22
real,0.05,3,False,3100,False,39999,0.8636363636363636,False,,1,0.45,22
real,0.05,3,False,3101,False,39999,0.8636363636363636,False,,1,0.4,22
real,0.05,3,False,3102,False,39999,0.5454545454545454,False,,1,0.6,22
real,0.05,3,False,3103,False,39999,0.5454545454545454,False,,1,0.5,22
real,0.05,3,False,3104,False,39999,1.0,True,2,1,0.65,22
real,0.05,4,False,4100,False,39999,0.5454545454545454,False,,1,0.45,22
real,0.05,4,False,4101,False,39999,0.6818181818181818,False,,1,0.35,22
real,0.05,4,False,4102,False,39999,0.5909090909090909,False,,1,0.5,22
real,0.05,4,False,4103,False,39999,0.6363636363636364,False,,1,0.55,22
real,0.05,4,False,4104,False,39999,0.7272727272727273,False,,1,0.55,22
real,0.05,5,False,5100,False,39999,0.7727272727272727,False,,1,0.55,22
real,0.05,5,False,5101,False,39999,0.8636363636363636,False,,1,0.45,22
real,0.05,5,False,5102,False,39999,0.6363636363636364,False,,1,0.55,22
real,0.05,5,False,5103,False,39999,0.6363636363636364,False,,1,0.45,22
real,0.05,5,False,5104,False,39999,0.6818181818181818,False,,1,0.5,22
real,0.05,6,False,6100,False,39999,0.8181818181818182,False,,1,0.6,22
real,0.05,6,False,6101,False,39999,0.6363636363636364,False,,1,0.75,22
real,0.05,6,False,6102,False,39999,0.7272727272727273,False,,1,0.45,22
real,0.05,6,False,6103,False,39999,0.6363636363636364,False,,1,0.65,22
real,0.05,6,False,6104,False,39999,0.9545454545454546,False,,1,0.45,22
real,0.05,7,False,7100,False,39999,0.7727272727272727,False,,1,0.55,22
real,0.05,7,False,7101,False,39999,0.6818181818181818,False,,1,0.6,22
real,0.05,7,False,7102,False,39999,0.7727272727272727,False,,1,0.7,22
real,0.05,7,False,7103,False,39999,0.6363636363636364,False,,1,0.6,22
real,0.05,7,False,7104,False,39999,0.6818181818181818,False,,1,0.35,22
real,0.05,8,False,8100,False,39999,0.7727272727272727,False,,1,0.4,22
real,0.05,8,False,8101,False,39999,1.0,True,2,1,0.45,22
real,0.05,8,False,8102,False,39999,0.7272727272727273,False,,1,0.55,22
real,0.05,8,False,8103,False,39999,0.5454545454545454,False,,1,0.3,22
real,0.05,8,False,8104,False,39999,0.6818181818181818,False,,1,0.5,22
real,0.05,9,False,9100,False,39999,0.6818181818181818,False,,1,0.3,22
real,0.05,9,False,9101,False,39999,0.8636363636363636,False,,1,0.55,22
real,0.05,9,False,9102,False,39999,0.5454545454545454,False,,1,0.6,22
real,0.05,9,False,9103,False,39999,0.7727272727272727,False,,1,0.5,22
real,0.05,9,False,9104,False,39999,0.5454545454545454,False,,1,0.45,22
real,0.05,10,False,10100,False,39999,0.5909090909090909,False,,1,0.25,22
real,0.05,10,False,10101,False,39999,0.6363636363636364,False,,1,0.4,22
real,0.05,10,False,10102,False,39999,0.6363636363636364,False,,1,0.5,22
real,0.05,10,False,10103,False,39999,0.5454545454545454,False,,1,0.5,22
real,0.05,10,False,10104,False,39999,0.7727272727272727,False,,1,0.5,22
real,0.05,11,False,11100,False,39999,1.0,True,2,1,0.55,22
real,0.05,11,False,11101,False,39999,0.5454545454545454,False,,1,0.55,22
real,0.05,11,False,11102,False,39999,1.0,True,2,1,0.6,22
real,0.05,11,False,11103,False,39999,0.8636363636363636,False,,1,0.3,22
real,0.05,11,False,11104,False,39999,1.0,True,1,1,0.5,22
real,0.05,12,False,12100,False,39999,0.5909090909090909,False,,1,0.3,22
real,0.05,12,False,12101,False,39999,0.8636363636363636,False,,1,0.5,22
real,0.05,12,False,12102,False,39999,1.0,True,2,1,0.45,22
real,0.05,12,False,12103,False,39999,0.5454545454545454,False,,1,0.4,22
real,0.05,12,False,12104,False,39999,0.7272727272727273,False,,1,0.6,22
real,0.05,13,False,13100,False,39999,0.7272727272727273,False,,1,0.4,22
real,0.05,13,False,13101,False,39999,0.5909090909090909,False,,1,0.7,22
real,0.05,13,False,13102,False,39999,1.0,True,2,1,0.45,22
real,0.05,13,False,13103,False,39999,0.45454545454545453,False,,1,0.3,22
real,0.05,13,False,13104,False,39999,0.7727272727272727,False,,1,0.55,22
real,0.05,14,False,14100,False,39999,1.0,True,2,1,0.25,22
real,0.05,14,False,14101,False,39999,0.6818181818181818,False,,1,0.5,22
real,0.05,14,False,14102,False,39999,0.6818181818181818,False,,1,0.55,22
real,0.05,14,False,14103,False,39999,0.6363636363636364,False,,1,0.6,22
real,0.05,14,False,14104,False,39999,0.6363636363636364,False,,1,0.4,22
real,0.05,15,False,15100,False,39999,0.7272727272727273,False,,1,0.4,22
real,0.05,15,False,15101,False,39999,0.7272727272727273,False,,1,0.55,22
real,0.05,15,False,15102,False,39999,0.8181818181818182,False,,1,0.6,22
real,0.05,15,False,15103,False,39999,0.8181818181818182,False,,1,0.55,22
real,0.05,15,False,15104,False,39999,0.6363636363636364,False,,1,0.45,22
real,0.05,16,False,16100,False,39999,0.6363636363636364,False,,1,0.3,22
real,0.05,16,False,16101,False,39999,0.6818181818181818,False,,1,0.3,22
real,0.05,16,False,16102,False,39999,0.5454545454545454,False,,1,0.45,22
real,0.05,16,False,16103,False,39999,0.9545454545454546,False,,1,0.6,22
real,0.05,16,False,16104,False,39999,0.8181818181818182,False,,1,0.7,22
real,0.05,17,False,17100,False,39999,0.7727272727272727,False,,1,0.65,22
real,0.05,17,False,17101,False,39999,0.5,False,,1,0.8,22
real,0.05,17,False,17102,False,39999,0.6363636363636364,False,,1,0.3,22
real,0.05,17,False,17103,False,39999,0.7272727272727273,False,,1,0.6,22
real,0.05,17,False,17104,False,39999,0.8636363636363636,False,,1,0.4,22
real,0.05,18,False,18100,False,39999,0.9090909090909091,False,,1,0.55,22
real,0.05,18,False,18101,False,39999,0.6818181818181818,False,,1,0.4,22
real,0.05,18,False,18102,False,39999,0.5909090909090909,False,,1,0.1,22
real,0.05,18,False,18103,False,39999,0.7727272727272727,False,,1,0.45,22
real,0.05,18,False,18104,False,39999,0.6818181818181818,False,,1,0.55,22
real,0.05,19,False,19100,False,39999,0.6363636363636364,False,,1,0.55,22
real,0.05,19,False,19101,False,39999,0.6818181818181818,False,,1,0.4,22
real,0.05,19,False,19102,False,39999,0.6363636363636364,False,,1,0.65,22
real,0.05,19,False,19103,False,39999,0.7727272727272727,False,,1,0.45,22
real,0.05,19,False,19104,False,39999,1.0,True,2,1,0.55,22
real,0.05,20,False,20100,False,39999,0.9090909090909091,False,,1,0.4,22
real,0.05,20,False,20101,False,39999,0.5,False,,1,0.55,22
real,0.05,20,False,20102,False,39999,1.0,True,2,1,0.6,22
real,0.05,20,False,20103,False,39999,0.6818181818181818,False,,1,0.5,22
real,0.05,20,False,20104,False,39999,0.9090909090909091,False,,1,0.4,22
real,0.05,21,False,21100,False,39999,0.8181818181818182,False,,1,0.6,22
real,0.05,21,False,21101,False,39999,0.6363636363636364,False,,1,0.35,22
real,0.05,21,False,21102,False,39999,0.6818181818181818,False,,1,0.6,22
real,0.05,21,False,21103,False,39999,0.5909090909090909,False,,1,0.55,22
real,0.05,21,False,21104,False,39999,0.7272727272727273,False,,1,0.4,22
real,0.05,22,False,22100,False,39999,1.0,True,2,1,0.65,22
real,0.05,22,False,22101,False,39999,0.7272727272727273,False,,1,0.3,22
real,0.05,22,False,22102,False,39999,0.9090909090909091,False,,1,0.55,22
real,0.05,22,False,22103,False,39999,0.7272727272727273,False,,1,0.55,22
real,0.05,22,False,22104,False,39999,0.4090909090909091,False,,1,0.6,22
real,0.05,23,False,23100,False,39999,1.0,True,2,1,0.45,22
real,0.05,23,False,23101,False,39999,1.0,True,2,1,0.45,22
real,0.05,23,False,23102,False,39999,0.6363636363636364,False,,1,0.5,22
real,0.05,23,False,23103,False,39999,0.5,False,,1,0.6,22
real,0.05,23,False,23104,False,39999,0.7727272727272727,False,,1,0.5,22
real,0.05,24,False,24100,False,39999,0.7272727272727273,False,,1,0.45,22
real,0.05,24,False,24101,False,39999,0.9090909090909091,False,,1,0.25,22
real,0.05,24,False,24102,False,39999,0.7272727272727273,False,,1,0.4,22
real,0.05,24,False,24103,False,39999,0.8181818181818182,False,,1,0.65,22
real,0.05,24,False,24104,False,39999,0.6363636363636364,False,,1,0.5,22
real,0.05,25,False,25100,False,39999,0.5909090909090909,False,,1,0.55,22
real,0.05,25,False,25101,False,39999,0.5909090909090909,False,,1,0.35,22
real,0.05,25,False,25102,False,39999,0.7272727272727273,False,,1,0.7,22
real,0.05,25,False,25103,False,39999,0.5909090909090909,False,,1,0.45,22
real,0.05,25,False,25104,False,39999,0.5,False,,1,0.75,22
real,0.05,26,False,26100,False,39999,0.7272727272727273,False,,1,0.35,22
real,0.05,26,False,26101,False,39999,0.5,False,,1,0.35,22
real,0.05,26,False,26102,False,39999,0.5454545454545454,False,,1,0.6,22
real,0.05,26,False,26103,False,39999,0.5909090909090909,False,,1,0.5,22
real,0.05,26,False,26104,False,39999,0.8181818181818182,False,,1,0.35,22
real,0.05,27,False,27100,False,39999,0.7727272727272727,False,,1,0.55,22
real,0.05,27,False,27101,False,39999,0.5909090909090909,False,,1,0.65,22
real,0.05,27,False,27102,False,39999,0.7272727272727273,False,,1,0.45,22
real,0.05,27,False,27103,False,39999,0.7272727272727273,False,,1,0.35,22
real,0.05,27,False,27104,False,39999,0.5454545454545454,False,,1,0.45,22
real,0.05,28,False,28100,False,39999,0.8636363636363636,False,,1,0.55,22
real,0.05,28,False,28101,False,39999,0.8636363636363636,False,,1,0.45,22
real,0.05,28,False,28102,False,39999,0.7727272727272727,False,,1,0.5,22
real,0.05,28,False,28103,False,39999,0.6363636363636364,False,,1,0.35,22
real,0.05,28,False,28104,False,39999,0.6363636363636364,False,,1,0.7,22
real,0.05,29,False,29100,False,39999,1.0,True,2,1,0.6,22
real,0.05,29,False,29101,False,39999,0.7727272727272727,False,,1,0.5,22
real,0.05,29,False,29102,False,39999,0.8636363636363636,False,,1,0.6,22
real,0.05,29,False,29103,False,39999,0.7272727272727273,False,,1,0.45,22
real,0.05,29,False,29104,False,39999,0.5454545454545454,False,,1,0.5,22
random,0.0,0,False,100,True,800,1.0,True,2,1,0.7333333333333333,9
random,0.0,0,False,101,True,800,1.0,True,2,1,0.7333333333333333,9
random,0.0,0,False,102,True,800,1.0,True,2,1,0.7333333333333333,9
random,0.0,0,False,103,True,800,1.0,True,2,1,0.5333333333333333,9
random,0.0,0,False,104,True,800,1.0,True,2,1,0.6,9
random,0.0,1,False,1100,True,800,1.0,True,2,1,0.6,10
random,0.0,1,False,1101,True,800,1.0,True,2,1,0.6,10
random,0.0,1,False,1102,True,800,1.0,True,2,1,0.4666666666666667,10
random,0.0,1,False,1103,True,850,1.0,True,2,1,0.6,10
random,0.0,1,False,1104,True,850,1.0,True,2,1,0.3333333333333333,10
random,0.0,2,False,2100,True,800,1.0,True,2,1,0.7333333333333333,7
random,0.0,2,False,2101,True,800,1.0,True,2,1,0.4666666666666667,7
random,0.0,2,False,2102,True,800,1.0,False,,1,0.6,7
random,0.0,2,False,2103,True,800,1.0,True,2,1,0.6,7
random,0.0,2,False,2104,True,800,1.0,False,,1,0.4,7
random,0.0,3,False,3100,True,800,1.0,True,2,1,0.8,9
random,0.0,3,False,3101,True,850,1.0,True,2,1,0.4,9
random,0.0,3,False,3102,True,850,1.0,True,2,1,0.6666666666666666,9
random,0.0,3,False,3103,True,800,1.0,True,2,1,0.7333333333333333,9
random,0.0,3,False,3104,True,800,1.0,True,2,1,0.3333333333333333,9
random,0.0,4,False,4100,True,800,1.0,False,,1,0.8,8
random,0.0,4,False,4101,True,800,1.0,True,2,1,0.6,8
random,0.0,4,False,4102,True,800,1.0,False,,1,0.6666666666666666,8
random,0.0,4,False,4103,True,800,1.0,False,,1,0.8,8
random,0.0,4,False,4104,True,800,1.0,True,2,1,0.6,8
random,0.0,5,False,5100,True,800,1.0,False,,1,0.8,9
random,0.0,5,False,5101,True,800,1.0,True,2,1,0.8,9
random,0.0,5,False,5102,True,850,1.0,True,2,1,0.8,9
random,0.0,5,False,5103,True,800,1.0,True,2,1,0.4666666666666667,9
random,0.0,5,False,5104,True,850,1.0,False,,1,0.8,9
random,0.0,6,False,6100,True,800,1.0,True,2,1,0.8666666666666667,9
random,0.0,6,False,6101,True,800,1.0,True,2,1,0.8666666666666667,9
random,0.0,6,False,6102,True,850,1.0,False,,1,0.5333333333333333,9
random,0.0,6,False,6103,True,800,1.0,True,2,1,0.8666666666666667,9
random,0.0,6,False,6104,True,800,1.0,True,2,1,0.8666666666666667,9
random,0.0,7,False,7100,True,800,1.0,True,2,1,0.7333333333333333,8
random,0.0,7,False,7101,True,800,1.0,False,,1,0.6666666666666666,8
random,0.0,7,False,7102,True,850,1.0,False,,1,0.6,8
random,0.0,7,False,7103,True,800,1.0,False,,1,0.7333333333333333,8
random,0.0,7,False,7104,True,800,1.0,False,,1,0.5333333333333333,8
random,0.0,8,False,8100,True,800,1.0,True,2,1,0.8,10
random,0.0,8,False,8101,True,800,1.0,True,2,1,0.5333333333333333,10
random,0.0,8,False,8102,True,800,1.0,True,2,1,0.4666666666666667,10
random,0.0,8,False,8103,True,900,1.0,True,2,1,0.4666666666666667,10
random,0.0,8,False,8104,True,800,1.0,True,2,1,0.8,10
random,0.0,9,False,9100,True,850,1.0,True,2,1,0.7333333333333333,10
random,0.0,9,False,9101,True,800,1.0,True,2,1,0.8,10
random,0.0,9,False,9102,True,850,1.0,True,2,1,0.6,10
random,0.0,9,False,9103,True,900,1.0,True,2,1,0.6,10
random,0.0,9,False,9104,True,800,1.0,True,2,1,0.6666666666666666,10
random,0.0,10,False,10100,True,800,1.0,False,,1,0.8666666666666667,6
random,0.0,10,False,10101,True,800,1.0,False,,1,0.6666666666666666,6
random,0.0,10,False,10102,True,800,1.0,False,,1,0.8,6
random,0.0,10,False,10103,True,800,1.0,False,,1,0.8,6
random,0.0,10,False,10104,True,800,1.0,False,,1,0.8666666666666667,6
random,0.0,11,False,11100,True,800,1.0,False,,1,0.8666666666666667,7
random,0.0,11,False,11101,True,800,1.0,False,,1,0.8,7
random,0.0,11,False,11102,True,800,1.0,False,,1,0.8,7
random,0.0,11,False,11103,True,800,1.0,False,,1,0.8666666666666667,7
random,0.0,11,False,11104,True,800,1.0,False,,1,0.8,7
random,0.0,12,False,12100,True,800,1.0,True,2,1,0.5333333333333333,10
random,0.0,12,False,12101,True,800,1.0,True,2,1,0.6,10
random,0.0,12,False,12102,True,800,1.0,True,2,1,0.6666666666666666,10
random,0.0,12,False,12103,True,800,1.0,True,2,1,0.4,10
random,0.0,12,False,12104,True,800,1.0,True,2,1,0.5333333333333333,10
random,0.0,13,False,13100,True,850,1.0,False,,1,0.7333333333333333,7
random,0.0,13,False,13101,True,800,1.0,False,,1,0.8666666666666667,7
random,0.0,13,False,13102,True,850,1.0,False,,1,0.7333333333333333,7
random,0.0,13,False,13103,True,800,1.0,True,2,1,0.8,7
random,0.0,13,False,13104,True,800,1.0,False,,1,0.7333333333333333,7
random,0.0,14,False,14100,True,800,1.0,False,,1,0.8,8
random,0.0,14,False,14101,True,800,1.0,True,2,1,0.8,8
random,0.0,14,False,14102,True,800,1.0,True,2,1,0.8,8
random,0.0,14,False,14103,True,800,1.0,False,,1,0.8,8
random,0.0,14,False,14104,True,850,1.0,False,,1,0.6,8
random,0.0,15,False,15100,True,850,1.0,True,2,1,0.4666666666666667,9
random,0.0,15,False,15101,True,800,1.0,True,2,1,0.5333333333333333,9
random,0.0,15,False,15102,True,800,1.0,True,2,1,0.7333333333333333,9
random,0.0,15,False,15103,True,800,1.0,True,2,1,0.6,9
random,0.0,15,False,15104,True,900,1.0,True,2,1,0.6666666666666666,9
random,0.0,16,False,16100,True,800,1.0,False,,1,0.6,8
random,0.0,16,False,16101,True,800,1.0,False,,1,0.6666666666666666,8
random,0.0,16,False,16102,True,850,1.0,False,,1,0.4666666666666667,8
random,0.0,16,False,16103,True,800,1.0,False,,1,0.8,8
random,0.0,16,False,16104,True,800,1.0,False,,1,0.8,8
random,0.0,17,False,17100,True,800,1.0,True,2,1,0.6,9
random,0.0,17,False,17101,True,800,1.0,True,2,1,0.6,9
random,0.0,17,False,17102,True,800,1.0,False,,1,0.6666666666666666,9
random,0.0,17,False,17103,True,850,1.0,False,,1,0.6,9
random,0.0,17,False,17104,True,800,1.0,True,2,1,0.6666666666666666,9
random,0.0,18,False,18100,True,800,1.0,False,,1,0.6,9
random,0.0,18,False,18101,True,800,1.0,True,2,1,0.6666666666666666,9
random,0.0,18,False,18102,True,850,1.0,False,,1,0.6666666666666666,9
random,0.0,18,False,18103,True,800,1.0,False,,1,0.6666666666666666,9
random,0.0,18,False,18104,True,850,1.0,True,2,1,0.4666666666666667,9
random,0.0,19,False,19100,True,800,1.0,False,,1,0.6666666666666666,6
random,0.0,19,False,19101,True,800,1.0,False,,1,0.7333333333333333,6
random,0.0,19,False,19102,True,800,1.0,False,,1,0.6,6
random,0.0,19,False,19103,True,850,1.0,False,,1,0.7333333333333333,6
random,0.0,19,False,19104,True,800,1.0,False,,1,0.8,6
random,0.0,20,False,20100,True,800,1.0,True,2,1,0.8,9
random,0.0,20,False,20101,True,800,1.0,False,,1,0.7333333333333333,9
random,0.0,20,False,20102,True,800,1.0,True,2,1,0.4666666666666667,9
random,0.0,20,False,20103,True,800,1.0,True,2,1,0.8,9
random,0.0,20,False,20104,True,800,1.0,True,2,1,0.7333333333333333,9
random,0.0,21,False,21100,True,800,1.0,True,2,1,0.6,9
random,0.0,21,False,21101,True,800,1.0,True,2,1,0.6666666666666666,9
random,0.0,21,False,21102,True,850,1.0,True,2,1,0.6,9
random,0.0,21,False,21103,True,900,1.0,True,2,1,0.6,9
random,0.0,21,False,21104,True,800,1.0,True,2,1,0.5333333333333333,9
random,0.0,22,False,22100,True,1050,1.0,True,2,1,0.6666666666666666,9
random,0.0,22,False,22101,True,800,1.0,True,2,1,0.6666666666666666,9
random,0.0,22,False,22102,True,850,1.0,True,2,1,0.6666666666666666,9
random,0.0,22,False,22103,True,800,1.0,True,2,1,0.6666666666666666,9
random,0.0,22,False,22104,True,800,1.0,True,2,1,0.7333333333333333,9
random,0.0,23,False,23100,True,850,1.0,True,2,1,0.5333333333333333,10
random,0.0,23,False,23101,True,800,1.0,True,2,1,0.6666666666666666,10
random,0.0,23,False,23102,True,800,1.0,True,2,1,0.7333333333333333,10
random,0.0,23,False,23103,True,800,1.0,True,2,1,0.5333333333333333,10
random,0.0,23,False,23104,True,800,1.0,True,2,1,0.6666666666666666,10
random,0.0,24,False,24100,True,800,1.0,True,2,1,0.6666666666666666,10
random,0.0,24,False,24101,True,900,1.0,True,2,1,0.6,10
random,0.0,24,False,24102,True,800,1.0,True,2,1,0.6,10
random,0.0,24,False,24103,True,800,1.0,True,2,1,0.4666666666666667,10
random,0.0,24,False,24104,True,800,1.0,True,2,1,0.6,10
random,0.0,25,False,25100,True,850,1.0,True,2,1,0.4,9
random,0.0,25,False,25101,True,800,1.0,True,2,1,0.6,9
random,0.0,25,False,25102,True,850,1.0,True,2,1,0.5333333333333333,9
random,0.0,25,False,25103,True,800,1.0,True,2,1,0.6666666666666666,9
random,0.0,25,False,25104,True,800,1.0,True,2,1,0.6,9
random,0.0,26,False,26100,True,850,1.0,True,2,1,0.4666666666666667,10
random,0.0,26,False,26101,True,800,1.0,True,2,1,0.7333333333333333,10
random,0.0,26,False,26102,True,800,1.0,True,2,1,0.6,10
random,0.0,26,False,26103,True,800,1.0,True,2,1,0.8,10
random,0.0,26,False,26104,True,800,1.0,True,2,1,0.5333333333333333,10
random,0.0,27,False,27100,True,800,1.0,True,3,2,0.6666666666666666,13
random,0.0,27,False,27101,True,1000,1.0,True,3,2,0.5333333333333333,13
random,0.0,27,False,27102,True,850,1.0,True,3,2,0.7333333333333333,13
random,0.0,27,False,27103,True,800,1.0,True,3,2,0.8,13
random,0.0,27,False,27104,True,950,1.0,True,3,2,0.5333333333333333,13
random,0.0,28,False,28100,True,800,1.0,False,,1,0.7333333333333333,8
random,0.0,28,False,28101,True,800,1.0,False,,1,0.7333333333333333,8
random,0.0,28,False,28102,True,800,1.0,False,,1,0.6666666666666666,8
random,0.0,28,False,28103,True,800,1.0,False,,1,0.6666666666666666,8
random,0.0,28,False,28104,True,800,1.0,True,2,1,0.7333333333333333,8
random,0.0,29,False,29100,True,850,1.0,True,3,2,0.4,11
random,0.0,29,False,29101,True,800,1.0,True,3,2,0.4,11
random,0.0,29,False,29102,True,850,1.0,True,3,2,0.8,11
random,0.0,29,False,29103,True,850,1.0,True,3,2,0.6666666666666666,11
random,0.0,29,False,29104,True,850,1.0,True,3,2,0.6666666666666666,11
random,0.002,0,False,100,True,1500,1.0,True,2,1,0.6,9
random,0.002,0,False,101,True,800,1.0,True,2,1,0.7333333333333333,9
random,0.002,0,False,102,True,800,1.0,True,2,1,0.7333333333333333,9
random,0.002,0,False,103,True,800,1.0,True,2,1,0.5333333333333333,9
random,0.002,0,False,104,True,1500,1.0,True,2,1,0.6,9
random,0.002,1,False,1100,True,1350,1.0,True,2,1,0.4666666666666667,10
random,0.002,1,False,1101,True,800,1.0,True,2,1,0.6,10
random,0.002,1,False,1102,True,800,1.0,True,2,1,0.4666666666666667,10
random,0.002,1,False,1103,True,1450,1.0,True,2,1,0.6666666666666666,10
random,0.002,1,False,1104,True,850,1.0,True,2,1,0.2,10
random,0.002,2,False,2100,True,1150,1.0,False,,1,0.6666666666666666,7
random,0.002,2,False,2101,True,800,1.0,True,2,1,0.4666666666666667,7
random,0.002,2,False,2102,True,2200,1.0,True,2,1,0.26666666666666666,7
random,0.002,2,False,2103,True,800,1.0,True,2,1,0.6,7
random,0.002,2,False,2104,True,800,1.0,False,,1,0.4,7
random,0.002,3,False,3100,True,1400,1.0,True,2,1,0.26666666666666666,9
random,0.002,3,False,3101,True,1500,1.0,True,2,1,0.5333333333333333,9
random,0.002,3,False,3102,True,1900,1.0,True,2,1,0.4,9
random,0.002,3,False,3103,True,1750,1.0,True,2,1,0.6,9
random,0.002,3,False,3104,True,4900,1.0,True,2,1,0.7333333333333333,9
random,0.002,4,False,4100,True,1800,1.0,True,2,1,0.6,8
random,0.002,4,False,4101,True,800,1.0,True,2,1,0.6,8
random,0.002,4,False,4102,True,2250,1.0,True,2,1,0.4666666666666667,8
random,0.002,4,False,4103,True,2450,1.0,True,2,1,0.6,8
random,0.002,4,False,4104,True,800,1.0,True,2,1,0.6,8
random,0.002,5,False,5100,True,800,1.0,False,,1,0.8,9
random,0.002,5,False,5101,True,1000,1.0,True,2,1,0.5333333333333333,9
random,0.002,5,False,5102,True,900,1.0,True,2,1,0.8,9
random,0.002,5,False,5103,True,1300,1.0,True,2,1,0.5333333333333333,9
random,0.002,5,False,5104,True,1000,1.0,False,,1,0.6666666666666666,9
random,0.002,6,False,6100,True,900,1.0,True,2,1,0.7333333333333333,9
random,0.002,6,False,6101,True,900,1.0,True,2,1,0.5333333333333333,9
random,0.002,6,False,6102,True,1600,1.0,True,2,1,0.5333333333333333,9
random,0.002,6,False,6103,True,800,1.0,True,2,1,0.8666666666666667,9
random,0.002,6,False,6104,True,800,1.0,False,,1,0.7333333333333333,9
random,0.002,7,False,7100,True,800,1.0,False,,1,0.6,8
random,0.002,7,False,7101,True,850,1.0,True,2,1,0.6,8
random,0.002,7,False,7102,True,850,1.0,True,2,1,0.6666666666666666,8
random,0.002,7,False,7103,True,1150,1.0,True,2,1,0.6666666666666666,8
random,0.002,7,False,7104,True,2250,1.0,False,,1,0.5333333333333333,8
random,0.002,8,False,8100,True,800,1.0,True,2,1,0.8,10
random,0.002,8,False,8101,True,1700,1.0,True,2,1,0.3333333333333333,10
random,0.002,8,False,8102,True,1250,1.0,True,2,1,0.5333333333333333,10
random,0.002,8,False,8103,True,3450,1.0,True,2,1,0.4,10
random,0.002,8,False,8104,True,800,1.0,True,2,1,0.8,10
random,0.002,9,False,9100,True,850,1.0,True,2,1,0.7333333333333333,10
random,0.002,9,False,9101,True,1000,1.0,True,2,1,0.4666666666666667,10
random,0.002,9,False,9102,True,2450,1.0,True,2,1,0.5333333333333333,10
random,0.002,9,False,9103,True,900,1.0,True,2,1,0.6,10
random,0.002,9,False,9104,True,850,1.0,True,2,1,0.6666666666666666,10
random,0.002,10,False,10100,True,800,1.0,False,,1,0.8,6
random,0.002,10,False,10101,True,800,1.0,False,,1,0.6666666666666666,6
random,0.002,10,False,10102,True,800,1.0,False,,1,0.6,6
random,0.002,10,False,10103,True,800,1.0,False,,1,0.7333333333333333,6
random,0.002,10,False,10104,True,800,1.0,False,,1,0.8666666666666667,6
random,0.002,11,False,11100,True,850,1.0,False,,1,0.8,7
random,0.002,11,False,11101,True,800,1.0,False,,1,0.8,7
random,0.002,11,False,11102,True,1150,1.0,False,,1,0.8,7
random,0.002,11,False,11103,True,1250,1.0,False,,1,0.8666666666666667,7
random,0.002,11,False,11104,True,800,1.0,False,,1,0.8,7
random,0.002,12,False,12100,True,800,1.0,True,2,1,0.5333333333333333,10
random,0.002,12,False,12101,True,1000,1.0,True,2,1,0.4666666666666667,10
random,0.002,12,False,12102,True,800,1.0,True,2,1,0.6666666666666666,10
random,0.002,12,False,12103,True,800,1.0,True,2,1,0.4,10
random,0.002,12,False,12104,True,1550,1.0,True,2,1,0.6666666666666666,10
random,0.002,13,False,13100,True,1450,1.0,True,2,1,0.8,7
random,0.002,13,False,13101,True,1000,1.0,False,,1,0.7333333333333333,7
random,0.002,13,False,13102,True,2100,1.0,False,,1,0.7333333333333333,7
random,0.002,13,False,13103,True,1200,1.0,False,,1,0.6,7
random,0.002,13,False,13104,True,800,1.0,False,,1,0.7333333333333333,7
random,0.002,14,False,14100,True,800,1.0,False,,1,0.5333333333333333,8
random,0.002,14,False,14101,True,1350,1.0,False,,1,0.6,8
random,0.002,14,False,14102,True,900,1.0,False,,1,0.6666666666666666,8
random,0.002,14,False,14103,True,800,1.0,True,2,1,0.6,8
random,0.002,14,False,14104,True,1200,1.0,False,,1,0.6,8
random,0.002,15,False,15100,True,850,1.0,True,2,1,0.4666666666666667,9
random,0.002,15,False,15101,True,1000,1.0,True,2,1,0.5333333333333333,9
random,0.002,15,False,15102,True,800,1.0,True,2,1,0.7333333333333333,9
random,0.002,15,False,15103,True,800,1.0,True,2,1,0.6,9
random,0.002,15,False,15104,True,2350,1.0,True,2,1,0.5333333333333333,9
random,0.002,16,False,16100,True,800,1.0,False,,1,0.6,8
random,0.002,16,False,16101,True,800,1.0,False,,1,0.6666666666666666,8
random,0.002,16,False,16102,True,800,1.0,True,2,1,0.7333333333333333,8
random,0.002,16,False,16103,True,800,1.0,True,2,1,0.7333333333333333,8
random,0.002,16,False,16104,True,800,1.0,False,,1,0.6,8
random,0.002,17,False,17100,True,2050,1.0,True,2,1,0.6666666666666666,9
random,0.002,17,False,17101,True,800,1.0,True,2,1,0.6,9
random,0.002,17,False,17102,True,1250,1.0,False,,1,0.6,9
random,0.002,17,False,17103,True,1600,1.0,True,2,1,0.6,9
random,0.002,17,False,17104,True,800,1.0,True,2,1,0.6666666666666666,9
random,0.002,18,False,18100,True,800,1.0,False,,1,0.6,9
random,0.002,18,False,18101,True,800,1.0,False,,1,0.4,9
random,0.002,18,False,18102,True,850,1.0,False,,1,0.6666666666666666,9
random,0.002,18,False,18103,True,800,1.0,False,,1,0.6666666666666666,9
random,0.002,18,False,18104,True,1600,1.0,True,2,1,0.3333333333333333,9
random,0.002,19,False,19100,True,1450,1.0,False,,1,0.6666666666666666,6
random,0.002,19,False,19101,True,800,1.0,False,,1,0.3333333333333333,6
random,0.002,19,False,19102,True,800,1.0,True,2,1,0.6,6
random,0.002,19,False,19103,True,1500,1.0,True,2,1,0.6666666666666666,6
random,0.002,19,False,19104,True,1700,1.0,False,,1,0.6,6
random,0.002,20,False,20100,True,800,1.0,False,,1,0.5333333333333333,9
random,0.002,20,False,20101,True,800,1.0,True,2,1,0.6666666666666666,9
random,0.002,20,False,20102,True,800,1.0,True,2,1,0.4666666666666667,9
random,0.002,20,False,20103,True,800,1.0,True,2,1,0.7333333333333333,9
random,0.002,20,False,20104,True,800,1.0,True,2,1,0.7333333333333333,9
random,0.002,21,False,21100,True,1100,1.0,True,2,1,0.6666666666666666,9
random,0.002,21,False,21101,True,800,1.0,True,2,1,0.6,9
random,0.002,21,False,21102,True,1200,1.0,True,2,1,0.26666666666666666,9
random,0.002,21,False,21103,True,1800,1.0,True,2,1,0.4,9
random,0.002,21,False,21104,True,800,1.0,True,2,1,0.5333333333333333,9
random,0.002,22,False,22100,True,3100,1.0,True,2,1,0.6,9
random,0.002,22,False,22101,True,800,1.0,True,2,1,0.6666666666666666,9
random,0.002,22,False,22102,True,850,1.0,True,2,1,0.6666666666666666,9
random,0.002,22,False,22103,True,800,1.0,True,2,1,0.6666666666666666,9
random,0.002,22,False,22104,True,800,1.0,True,2,1,0.7333333333333333,9
random,0.002,23,False,23100,True,850,1.0,True,1,1,0.6,10
random,0.002,23,False,23101,True,1800,1.0,True,2,1,0.6666666666666666,10
random,0.002,23,False,23102,True,1450,1.0,True,2,1,0.7333333333333333,10
random,0.002,23,False,23103,True,800,1.0,True,2,1,0.5333333333333333,10
random,0.002,23,False,23104,True,800,1.0,True,2,1,0.6666666666666666,10
random,0.002,24,False,24100,True,800,1.0,True,2,1,0.6666666666666666,10
random,0.002,24,False,24101,True,3250,1.0,True,2,1,0.6,10
random,0.002,24,False,24102,True,800,1.0,True,2,1,0.5333333333333333,10
random,0.002,24,False,24103,True,2500,1.0,True,2,1,0.5333333333333333,10
random,0.002,24,False,24104,True,800,1.0,True,2,1,0.6,10
random,0.002,25,False,25100,True,850,1.0,True,2,1,0.4,9
random,0.002,25,False,25101,True,800,1.0,True,2,1,0.6,9
random,0.002,25,False,25102,True,1200,1.0,True,2,1,0.5333333333333333,9
random,0.002,25,False,25103,True,1100,1.0,True,2,1,0.6,9
random,0.002,25,False,25104,True,1100,1.0,True,2,1,0.6,9
random,0.002,26,False,26100,True,850,1.0,True,2,1,0.4666666666666667,10
random,0.002,26,False,26101,True,2000,1.0,True,2,1,0.7333333333333333,10
random,0.002,26,False,26102,True,800,1.0,True,2,1,0.6,10
random,0.002,26,False,26103,True,1150,1.0,True,2,1,0.5333333333333333,10
random,0.002,26,False,26104,True,2650,1.0,True,2,1,0.5333333333333333,10
random,0.002,27,False,27100,True,800,1.0,True,3,2,0.6666666666666666,13
random,0.002,27,False,27101,True,1000,1.0,True,3,2,0.4666666666666667,13
random,0.002,27,False,27102,True,850,1.0,True,3,2,0.7333333333333333,13
random,0.002,27,False,27103,True,1800,1.0,True,3,2,0.6666666666666666,13
random,0.002,27,False,27104,True,1350,1.0,True,3,2,0.4666666666666667,13
random,0.002,28,False,28100,True,800,1.0,False,,1,0.7333333333333333,8
random,0.002,28,False,28101,True,800,1.0,False,,1,0.7333333333333333,8
random,0.002,28,False,28102,True,800,1.0,False,,1,0.4,8
random,0.002,28,False,28103,True,950,1.0,False,,1,0.5333333333333333,8
random,0.002,28,False,28104,True,800,1.0,True,2,1,0.7333333333333333,8
random,0.002,29,False,29100,True,2700,1.0,True,3,2,0.5333333333333333,11
random,0.002,29,False,29101,True,800,1.0,True,3,2,0.4,11
random,0.002,29,False,29102,True,1700,1.0,True,3,2,0.4666666666666667,11
random,0.002,29,False,29103,True,850,1.0,True,3,2,0.6666666666666666,11
random,0.002,29,False,29104,True,1950,1.0,True,3,2,0.5333333333333333,11
random,0.005,0,False,100,True,1500,1.0,True,2,1,0.6,9
random,0.005,0,False,101,True,1600,1.0,True,2,1,0.5333333333333333,9
random,0.005,0,False,102,True,800,1.0,True,2,1,0.7333333333333333,9
random,0.005,0,False,103,True,4100,1.0,True,2,1,0.6666666666666666,9
random,0.005,0,False,104,True,1500,1.0,True,2,1,0.6,9
random,0.005,1,False,1100,True,1900,1.0,True,2,1,0.8,10
random,0.005,1,False,1101,True,3000,1.0,True,2,1,0.6,10
random,0.005,1,False,1102,True,2850,1.0,True,2,1,0.6666666666666666,10
random,0.005,1,False,1103,True,1500,1.0,True,2,1,0.6666666666666666,10
random,0.005,1,False,1104,True,850,1.0,True,2,1,0.5333333333333333,10
random,0.005,2,False,2100,True,1900,1.0,True,2,1,0.6666666666666666,7
random,0.005,2,False,2101,True,800,1.0,True,2,1,0.4666666666666667,7
random,0.005,2,False,2102,True,2200,1.0,False,,1,0.3333333333333333,7
random,0.005,2,False,2103,True,3150,1.0,False,,1,0.4666666666666667,7
random,0.005,2,False,2104,True,800,1.0,False,,1,0.4,7
random,0.005,3,False,3100,True,6150,1.0,True,2,1,0.4666666666666667,9
random,0.005,3,False,3101,True,1450,1.0,True,2,1,0.3333333333333333,9
random,0.005,3,False,3102,True,2850,1.0,True,2,1,0.4666666666666667,9
random,0.005,3,False,3103,True,2850,1.0,True,2,1,0.4666666666666667,9
random,0.005,3,False,3104,True,4850,1.0,True,2,1,0.5333333333333333,9
random,0.005,4,False,4100,True,2500,1.0,True,2,1,0.7333333333333333,8
random,0.005,4,False,4101,True,3750,1.0,True,2,1,0.7333333333333333,8
random,0.005,4,False,4102,True,2100,1.0,False,,1,0.6666666666666666,8
random,0.005,4,False,4103,True,3400,1.0,True,2,1,0.6,8
random,0.005,4,False,4104,True,800,1.0,True,2,1,0.6,8
random,0.005,5,False,5100,True,1350,1.0,True,2,1,0.8,9
random,0.005,5,False,5101,True,4550,1.0,True,2,1,0.6,9
random,0.005,5,False,5102,True,900,1.0,False,,1,0.6666666666666666,9
random,0.005,5,False,5103,True,2200,1.0,True,2,1,0.3333333333333333,9
random,0.005,5,False,5104,True,1350,1.0,False,,1,0.6666666666666666,9
random,0.005,6,False,6100,True,900,1.0,True,2,1,0.7333333333333333,9
random,0.005,6,False,6101,True,3500,1.0,False,,1,0.7333333333333333,9
random,0.005,6,False,6102,True,1550,1.0,False,,1,0.6666666666666666,9
random,0.005,6,False,6103,True,3800,1.0,True,2,1,0.6666666666666666,9
random,0.005,6,False,6104,True,4850,1.0,False,,1,0.6666666666666666,9
random,0.005,7,False,7100,True,800,1.0,False,,1,0.5333333333333333,8
random,0.005,7,False,7101,True,1000,1.0,False,,1,0.7333333333333333,8
random,0.005,7,False,7102,True,2000,1.0,False,,1,0.5333333333333333,8
random,0.005,7,False,7103,True,1150,1.0,True,2,1,0.6666666666666666,8
random,0.005,7,False,7104,True,2250,1.0,True,2,1,0.6,8
random,0.005,8,False,8100,True,1050,1.0,True,2,1,0.5333333333333333,10
random,0.005,8,False,8101,True,2500,1.0,True,2,1,0.4666666666666667,10
random,0.005,8,False,8102,True,3450,1.0,True,2,1,0.5333333333333333,10
random,0.005,8,False,8103,True,2450,1.0,True,2,1,0.6666666666666666,10
random,0.005,8,False,8104,True,1500,1.0,True,2,1,0.6,10
random,0.005,9,False,9100,True,850,1.0,True,2,1,0.7333333333333333,10
random,0.005,9,False,9101,True,1500,1.0,True,2,1,0.4,10
random,0.005,9,False,9102,True,2300,1.0,True,2,1,0.5333333333333333,10
random,0.005,9,False,9103,True,6450,1.0,True,2,1,0.4,10
random,0.005,9,False,9104,True,1050,1.0,True,2,1,0.4,10
random,0.005,10,False,10100,True,2500,1.0,False,,1,0.7333333333333333,6
random,0.005,10,False,10101,True,800,1.0,False,,1,0.5333333333333333,6
random,0.005,10,False,10102,True,800,1.0,False,,1,0.6,6
random,0.005,10,False,10103,True,800,1.0,False,,1,0.4,6
random,0.005,10,False,10104,True,800,1.0,False,,1,0.8666666666666667,6
random,0.005,11,False,11100,True,1050,1.0,False,,1,0.6,7
random,0.005,11,False,11101,True,850,1.0,False,,1,0.6,7
random,0.005,11,False,11102,True,1150,1.0,False,,1,0.6,7
random,0.005,11,False,11103,True,1250,1.0,False,,1,0.6,7
random,0.005,11,False,11104,True,1800,1.0,False,,1,0.8,7
random,0.005,12,False,12100,True,3800,1.0,True,2,1,0.6,10
random,0.005,12,False,12101,True,5500,1.0,True,2,1,0.5333333333333333,10
random,0.005,12,False,12102,True,10150,1.0,True,2,1,0.6,10
random,0.005,12,False,12103,True,1000,1.0,True,2,1,0.4666666666666667,10
random,0.005,12,False,12104,True,1900,1.0,True,2,1,0.4666666666666667,10
random,0.005,13,False,13100,True,3900,1.0,False,,1,0.5333333333333333,7
random,0.005,13,False,13101,True,3150,1.0,False,,1,0.5333333333333333,7
random,0.005,13,False,13102,True,2100,1.0,False,,1,0.6666666666666666,7
random,0.005,13,False,13103,True,1200,1.0,False,,1,0.6,7
random,0.005,13,False,13104,True,4600,1.0,True,2,1,0.4666666666666667,7
random,0.005,14,False,14100,True,1400,1.0,False,,1,0.4666666666666667,8
random,0.005,14,False,14101,True,3700,1.0,False,,1,0.4666666666666667,8
random,0.005,14,False,14102,True,900,1.0,True,2,1,0.8,8
random,0.005,14,False,14103,True,1750,1.0,False,,1,0.5333333333333333,8
random,0.005,14,False,14104,True,1200,1.0,False,,1,0.6,8
random,0.005,15,False,15100,True,850,1.0,True,2,1,0.4666666666666667,9
random,0.005,15,False,15101,True,1000,1.0,True,2,1,0.5333333333333333,9
random,0.005,15,False,15102,True,1350,1.0,True,2,1,0.7333333333333333,9
random,0.005,15,False,15103,True,1600,1.0,True,2,1,0.7333333333333333,9
random,0.005,15,False,15104,True,1600,1.0,True,2,1,0.6,9
random,0.005,16,False,16100,True,1750,1.0,False,,1,0.7333333333333333,8
random,0.005,16,False,16101,True,800,1.0,False,,1,0.6666666666666666,8
random,0.005,16,False,16102,True,800,1.0,False,,1,0.6,8
random,0.005,16,False,16103,True,2900,1.0,False,,1,0.6,8
random,0.005,16,False,16104,True,1600,1.0,False,,1,0.7333333333333333,8
random,0.005,17,False,17100,True,2950,1.0,True,2,1,0.6666666666666666,9
random,0.005,17,False,17101,True,950,1.0,False,,1,0.4666666666666667,9
random,0.005,17,False,17102,True,1400,1.0,True,2,1,0.6666666666666666,9
random,0.005,17,False,17103,True,1600,1.0,False,,1,0.6666666666666666,9
random,0.005,17,False,17104,True,1850,1.0,False,,1,0.5333333333333333,9
random,0.005,18,False,18100,True,4100,1.0,True,2,1,0.8,9
random,0.005,18,False,18101,True,800,1.0,False,,1,0.4,9
random,0.005,18,False,18102,True,5350,1.0,False,,1,0.6,9
random,0.005,18,False,18103,True,800,1.0,False,,1,0.6666666666666666,9
random,0.005,18,False,18104,True,2450,1.0,True,2,1,0.5333333333333333,9
random,0.005,19,False,19100,True,3250,1.0,False,,1,0.6666666666666666,6
random,0.005,19,False,19101,True,1600,1.0,False,,1,0.2,6
random,0.005,19,False,19102,True,900,1.0,True,2,1,0.6666666666666666,6
random,0.005,19,False,19103,True,2850,1.0,False,,1,0.5333333333333333,6
random,0.005,19,False,19104,True,1700,1.0,False,,1,0.7333333333333333,6
random,0.005,20,False,20100,True,2150,1.0,True,2,1,0.8,9
random,0.005,20,False,20101,True,800,1.0,True,2,1,0.6666666666666666,9
random,0.005,20,False,20102,True,2400,1.0,True,2,1,0.5333333333333333,9
random,0.005,20,False,20103,True,3900,1.0,True,2,1,0.5333333333333333,9
random,0.005,20,False,20104,True,800,1.0,True,2,1,0.7333333333333333,9
random,0.005,21,False,21100,True,1100,1.0,True,2,1,0.6666666666666666,9
random,0.005,21,False,21101,True,2300,1.0,True,2,1,0.4666666666666667,9
random,0.005,21,False,21102,True,3150,1.0,True,2,1,0.6,9
random,0.005,21,False,21103,True,4050,1.0,True,2,1,0.6,9
random,0.005,21,False,21104,True,800,1.0,True,2,1,0.5333333333333333,9
random,0.005,22,False,22100,True,3750,1.0,True,2,1,0.4666666666666667,9
random,0.005,22,False,22101,True,1950,1.0,True,2,1,0.5333333333333333,9
random,0.005,22,False,22102,True,850,1.0,True,2,1,0.6666666666666666,9
random,0.005,22,False,22103,True,800,1.0,True,2,1,0.6,9
random,0.005,22,False,22104,True,3500,1.0,True,2,1,0.26666666666666666,9
random,0.005,23,False,23100,True,1700,1.0,True,2,1,0.5333333333333333,10
random,0.005,23,False,23101,True,1800,1.0,True,2,1,0.4666666666666667,10
random,0.005,23,False,23102,True,1100,1.0,True,2,1,0.4666666666666667,10
random,0.005,23,False,23103,True,1100,1.0,True,2,1,0.4,10
random,0.005,23,False,23104,True,2700,1.0,True,2,1,0.6,10
random,0.005,24,False,24100,True,1300,1.0,True,2,1,0.3333333333333333,10
random,0.005,24,False,24101,True,3750,1.0,True,2,1,0.6,10
random,0.005,24,False,24102,True,5200,1.0,True,2,1,0.5333333333333333,10
random,0.005,24,False,24103,True,2250,1.0,True,2,1,0.5333333333333333,10
random,0.005,24,False,24104,True,1550,1.0,True,2,1,0.6,10
random,0.005,25,False,25100,True,850,1.0,True,2,1,0.4,9
random,0.005,25,False,25101,True,900,1.0,True,2,1,0.6666666666666666,9
random,0.005,25,False,25102,True,2350,1.0,True,2,1,0.6666666666666666,9
random,0.005,25,False,25103,True,1250,1.0,True,2,1,0.4666666666666667,9
random,0.005,25,False,25104,True,1100,1.0,True,2,1,0.6,9
random,0.005,26,False,26100,True,850,1.0,True,2,1,0.4666666666666667,10
random,0.005,26,False,26101,True,6000,1.0,True,2,1,0.6,10
random,0.005,26,False,26102,True,6950,1.0,True,2,1,0.4,10
random,0.005,26,False,26103,True,4900,1.0,True,2,1,0.5333333333333333,10
random,0.005,26,False,26104,True,3650,1.0,True,2,1,0.4666666666666667,10
random,0.005,27,False,27100,True,800,1.0,True,3,2,0.5333333333333333,13
random,0.005,27,False,27101,True,1750,1.0,True,3,2,0.6666666666666666,13
random,0.005,27,False,27102,True,2300,1.0,True,3,2,0.3333333333333333,13
random,0.005,27,False,27103,True,5100,1.0,True,3,2,0.4666666666666667,13
random,0.005,27,False,27104,True,1900,1.0,True,3,2,0.5333333333333333,13
random,0.005,28,False,28100,True,800,1.0,False,,1,0.7333333333333333,8
random,0.005,28,False,28101,True,800,1.0,True,2,1,0.6,8
random,0.005,28,False,28102,True,850,1.0,True,2,1,0.6,8
random,0.005,28,False,28103,True,1550,1.0,False,,1,0.6666666666666666,8
random,0.005,28,False,28104,True,1450,1.0,False,,1,0.4,8
random,0.005,29,False,29100,True,2700,1.0,True,3,2,0.5333333333333333,11
random,0.005,29,False,29101,True,11450,1.0,True,3,2,0.6,11
random,0.005,29,False,29102,True,3850,1.0,True,3,2,0.26666666666666666,11
random,0.005,29,False,29103,True,1800,1.0,True,3,2,0.4666666666666667,11
random,0.005,29,False,29104,True,1400,1.0,True,3,2,0.2,11
random,0.01,0,False,100,True,9550,1.0,True,2,1,0.6,9
random,0.01,0,False,101,True,4250,1.0,True,2,1,0.7333333333333333,9
random,0.01,0,False,102,True,4350,1.0,True,2,1,0.6,9
random,0.01,0,False,103,True,22500,1.0,True,2,1,0.5333333333333333,9
random,0.01,0,False,104,True,1500,1.0,True,2,1,0.6,9
random,0.01,1,False,1100,True,17150,1.0,True,2,1,0.6666666666666666,10
random,0.01,1,False,1101,True,9500,1.0,True,2,1,0.3333333333333333,10
random,0.01,1,False,1102,True,29600,1.0,True,2,1,0.6,10
random,0.01,1,False,1103,True,7200,1.0,True,2,1,0.3333333333333333,10
random,0.01,1,False,1104,True,20450,1.0,True,2,1,0.5333333333333333,10
random,0.01,2,False,2100,True,21200,1.0,False,,1,0.6,7
random,0.01,2,False,2101,True,1000,1.0,True,2,1,0.6,7
random,0.01,2,False,2102,True,2200,1.0,False,,1,0.5333333333333333,7
random,0.01,2,False,2103,True,3550,1.0,False,,1,0.6,7
random,0.01,2,False,2104,True,2800,1.0,False,,1,0.3333333333333333,7
random,0.01,3,False,3100,True,2800,1.0,True,2,1,0.6666666666666666,9
random,0.01,3,False,3101,True,4400,1.0,True,2,1,0.6,9
random,0.01,3,False,3102,True,7450,1.0,True,2,1,0.3333333333333333,9
random,0.01,3,False,3103,True,8800,1.0,True,2,1,0.5333333333333333,9
random,0.01,3,False,3104,True,4750,1.0,True,2,1,0.6666666666666666,9
random,0.01,4,False,4100,True,6200,1.0,True,2,1,0.4666666666666667,8
random,0.01,4,False,4101,True,3800,1.0,True,2,1,0.7333333333333333,8
random,0.01,4,False,4102,True,10100,1.0,True,2,1,0.7333333333333333,8
random,0.01,4,False,4103,True,13050,1.0,True,2,1,0.6,8
random,0.01,4,False,4104,True,800,1.0,True,2,1,0.7333333333333333,8
random,0.01,5,False,5100,True,6250,1.0,False,,1,0.8,9
random,0.01,5,False,5101,True,1700,1.0,True,2,1,0.8,9
random,0.01,5,False,5102,True,2300,1.0,True,2,1,0.7333333333333333,9
random,0.01,5,False,5103,True,5200,1.0,True,2,1,0.6666666666666666,9
random,0.01,5,False,5104,True,5050,1.0,True,2,1,0.6,9
random,0.01,6,False,6100,True,6500,1.0,True,2,1,0.6666666666666666,9
random,0.01,6,False,6101,True,3500,1.0,True,2,1,0.5333333333333333,9
random,0.01,6,False,6102,True,4350,1.0,True,2,1,0.6,9
random,0.01,6,False,6103,True,950,1.0,False,,1,0.6666666666666666,9
random,0.01,6,False,6104,True,21050,1.0,True,2,1,0.8666666666666667,9
random,0.01,7,False,7100,True,17450,1.0,True,2,1,0.5333333333333333,8
random,0.01,7,False,7101,True,2200,1.0,False,,1,0.5333333333333333,8
random,0.01,7,False,7102,True,20600,1.0,True,2,1,0.4666666666666667,8
random,0.01,7,False,7103,True,12100,1.0,True,2,1,0.5333333333333333,8
random,0.01,7,False,7104,True,4300,1.0,True,2,1,0.5333333333333333,8
random,0.01,8,False,8100,True,1050,1.0,True,2,1,0.6666666666666666,10
random,0.01,8,False,8101,True,4100,1.0,True,2,1,0.5333333333333333,10
random,0.01,8,False,8102,True,5850,1.0,True,2,1,0.3333333333333333,10
random,0.01,8,False,8103,True,7800,1.0,True,2,1,0.6,10
random,0.01,8,False,8104,True,3950,1.0,True,2,1,0.5333333333333333,10
random,0.01,9,False,9100,True,5850,1.0,True,2,1,0.6,10
random,0.01,9,False,9101,True,1900,1.0,True,2,1,0.4666666666666667,10
random,0.01,9,False,9102,True,11200,1.0,True,2,1,0.4,10
random,0.01,9,False,9103,True,30700,1.0,True,2,1,0.7333333333333333,10
random,0.01,9,False,9104,True,9350,1.0,True,2,1,0.6666666666666666,10
random,0.01,10,False,10100,True,2300,1.0,False,,1,0.6,6
random,0.01,10,False,10101,True,800,1.0,False,,1,0.5333333333333333,6
random,0.01,10,False,10102,True,2000,1.0,True,2,1,0.6666666666666666,6
random,0.01,10,False,10103,True,800,1.0,False,,1,0.7333333333333333,6
random,0.01,10,False,10104,True,1800,1.0,False,,1,0.6,6
random,0.01,11,False,11100,True,6600,1.0,False,,1,0.6666666666666666,7
random,0.01,11,False,11101,True,1700,1.0,False,,1,0.6,7
random,0.01,11,False,11102,True,2100,1.0,False,,1,0.6,7
random,0.01,11,False,11103,True,1250,1.0,False,,1,0.8,7
random,0.01,11,False,11104,True,1800,1.0,False,,1,0.8,7
random,0.01,12,False,12100,True,3750,1.0,True,2,1,0.26666666666666666,10
random,0.01,12,False,12101,True,1400,1.0,True,2,1,0.4666666666666667,10
random,0.01,12,False,12102,True,13400,1.0,True,2,1,0.4666666666666667,10
random,0.01,12,False,12103,True,4200,1.0,True,2,1,0.5333333333333333,10
random,0.01,12,False,12104,True,34750,1.0,True,2,1,0.6666666666666666,10
random,0.01,13,False,13100,True,3300,1.0,False,,1,0.6,7
random,0.01,13,False,13101,True,8450,1.0,True,2,1,0.4,7
random,0.01,13,False,13102,True,2350,1.0,True,2,1,0.7333333333333333,7
random,0.01,13,False,13103,True,1250,1.0,False,,1,0.4666666666666667,7
random,0.01,13,False,13104,True,2800,1.0,False,,1,0.4,7
random,0.01,14,False,14100,True,7700,1.0,False,,1,0.4,8
random,0.01,14,False,14101,True,5550,1.0,True,2,1,0.3333333333333333,8
random,0.01,14,False,14102,True,900,1.0,False,,1,0.4666666666666667,8
random,0.01,14,False,14103,True,9850,1.0,True,2,1,0.6,8
random,0.01,14,False,14104,True,950,1.0,True,2,1,0.6,8
random,0.01,15,False,15100,True,5000,1.0,True,2,1,0.4666666666666667,9
random,0.01,15,False,15101,True,14200,1.0,True,2,1,0.6666666666666666,9
random,0.01,15,False,15102,True,5150,1.0,True,2,1,0.6666666666666666,9
random,0.01,15,False,15103,True,6150,1.0,True,2,1,0.6666666666666666,9
random,0.01,15,False,15104,True,1950,1.0,True,2,1,0.26666666666666666,9
random,0.01,16,False,16100,True,4100,1.0,False,,1,0.6,8
random,0.01,16,False,16101,True,800,1.0,False,,1,0.6666666666666666,8
random,0.01,16,False,16102,True,800,1.0,False,,1,0.4666666666666667,8
random,0.01,16,False,16103,True,3250,1.0,False,,1,0.6,8
random,0.01,16,False,16104,True,9050,1.0,False,,1,0.5333333333333333,8
random,0.01,17,False,17100,True,9300,1.0,True,2,1,0.6666666666666666,9
random,0.01,17,False,17101,True,19200,1.0,True,2,1,0.6666666666666666,9
random,0.01,17,False,17102,True,21400,1.0,False,,1,0.7333333333333333,9
random,0.01,17,False,17103,True,6450,1.0,False,,1,0.4,9
random,0.01,17,False,17104,True,6450,1.0,True,2,1,0.6666666666666666,9
random,0.01,18,False,18100,True,19150,1.0,True,2,1,0.5333333333333333,9
random,0.01,18,False,18101,True,16550,1.0,True,2,1,0.8,9
random,0.01,18,False,18102,True,12700,1.0,False,,1,0.4666666666666667,9
random,0.01,18,False,18103,True,6150,1.0,False,,1,0.6666666666666666,9
random,0.01,18,False,18104,True,7400,1.0,True,2,1,0.6666666666666666,9
random,0.01,19,False,19100,True,10150,1.0,False,,1,0.6,6
random,0.01,19,False,19101,True,2900,1.0,True,2,1,0.6666666666666666,6
random,0.01,19,False,19102,True,2200,1.0,True,2,1,0.3333333333333333,6
random,0.01,19,False,19103,True,4300,1.0,False,,1,0.7333333333333333,6
random,0.01,19,False,19104,True,5250,1.0,True,2,1,0.6,6
random,0.01,20,False,20100,True,3350,1.0,True,2,1,0.4666666666666667,9
random,0.01,20,False,20101,True,1950,1.0,False,,1,0.3333333333333333,9
random,0.01,20,False,20102,True,3450,1.0,False,,1,0.6,9
random,0.01,20,False,20103,True,2200,1.0,False,,1,0.6,9
random,0.01,20,False,20104,True,2900,1.0,True,2,1,0.4,9
random,0.01,21,False,21100,True,11650,1.0,True,2,1,0.6,9
random,0.01,21,False,21101,True,12350,1.0,True,2,1,0.5333333333333333,9
random,0.01,21,False,21102,True,4000,1.0,True,2,1,0.6,9
random,0.01,21,False,21103,True,2300,1.0,True,2,1,0.5333333333333333,9
random,0.01,21,False,21104,True,800,1.0,True,2,1,0.5333333333333333,9
random,0.01,22,False,22100,True,12100,1.0,True,2,1,0.6,9
random,0.01,22,False,22101,True,1900,1.0,True,2,1,0.6,9
random,0.01,22,False,22102,True,3500,1.0,True,2,1,0.6,9
random,0.01,22,False,22103,True,19750,1.0,True,2,1,0.7333333333333333,9
random,0.01,22,False,22104,True,6950,1.0,True,2,1,0.4,9
random,0.01,23,False,23100,True,1700,1.0,True,2,1,0.6,10
random,0.01,23,False,23101,True,1700,1.0,True,2,1,0.5333333333333333,10
random,0.01,23,False,23102,True,20950,1.0,True,2,1,0.6,10
random,0.01,23,False,23103,False,39999,1.0,True,2,1,0.5333333333333333,10
random,0.01,23,False,23104,True,2400,1.0,True,2,1,0.4666666666666667,10
random,0.01,24,False,24100,True,1900,1.0,True,2,1,0.5333333333333333,10
random,0.01,24,False,24101,True,10350,1.0,True,2,1,0.6,10
random,0.01,24,False,24102,True,16600,1.0,True,2,1,0.4666666666666667,10
random,0.01,24,False,24103,True,4100,1.0,True,2,1,0.6,10
random,0.01,24,False,24104,True,3050,1.0,True,2,1,0.6,10
random,0.01,25,False,25100,True,850,1.0,True,2,1,0.5333333333333333,9
random,0.01,25,False,25101,True,21400,1.0,True,2,1,0.4666666666666667,9
random,0.01,25,False,25102,True,4550,1.0,True,2,1,0.5333333333333333,9
random,0.01,25,False,25103,True,1250,1.0,True,2,1,0.4666666666666667,9
random,0.01,25,False,25104,True,4150,1.0,True,2,1,0.4,9
random,0.01,26,False,26100,True,8400,1.0,True,2,1,0.4666666666666667,10
random,0.01,26,False,26101,True,12900,1.0,True,2,1,0.4666666666666667,10
random,0.01,26,False,26102,True,7050,1.0,True,2,1,0.4,10
random,0.01,26,False,26103,True,2450,1.0,True,2,1,0.3333333333333333,10
random,0.01,26,False,26104,True,9200,1.0,True,2,1,0.8,10
random,0.01,27,False,27100,True,13000,1.0,True,3,2,0.6666666666666666,13
random,0.01,27,False,27101,True,3200,1.0,True,3,2,0.3333333333333333,13
random,0.01,27,False,27102,True,34450,1.0,True,3,2,0.6,13
random,0.01,27,False,27103,False,39999,0.8461538461538461,False,,2,0.4,13
random,0.01,27,False,27104,True,2150,1.0,True,3,2,0.6666666666666666,13
random,0.01,28,False,28100,True,800,1.0,True,2,1,0.6666666666666666,8
random,0.01,28,False,28101,True,3950,1.0,False,,1,0.7333333333333333,8
random,0.01,28,False,28102,True,15500,1.0,True,2,1,0.5333333333333333,8
random,0.01,28,False,28103,True,6150,1.0,True,2,1,0.5333333333333333,8
random,0.01,28,False,28104,True,20200,1.0,True,2,1,0.5333333333333333,8
random,0.01,29,False,29100,True,4950,1.0,True,3,2,0.4,11
random,0.01,29,False,29101,True,21700,1.0,True,3,2,0.5333333333333333,11
random,0.01,29,False,29102,True,3950,1.0,True,3,2,0.3333333333333333,11
random,0.01,29,False,29103,True,1800,1.0,True,3,2,0.6666666666666666,11
random,0.01,29,False,29104,True,16100,1.0,True,3,2,0.4,11
random,0.015,0,False,100,False,39999,1.0,True,2,1,0.7333333333333333,9
random,0.015,0,False,101,False,39999,1.0,True,2,1,0.6666666666666666,9
random,0.015,0,False,102,True,9150,1.0,True,2,1,0.4,9
random,0.015,0,False,103,False,39999,0.7777777777777778,False,,1,0.4666666666666667,9
random,0.015,0,False,104,True,24400,1.0,True,2,1,0.6666666666666666,9
random,0.015,1,False,1100,False,39999,1.0,True,2,1,0.5333333333333333,10
random,0.015,1,False,1101,False,39999,1.0,True,2,1,0.6,10
random,0.015,1,False,1102,True,25150,1.0,True,2,1,0.4666666666666667,10
random,0.015,1,False,1103,False,39999,0.8,False,,1,0.5333333333333333,10
random,0.015,1,False,1104,False,39999,1.0,True,2,1,0.7333333333333333,10
random,0.015,2,False,2100,True,8100,1.0,False,,1,0.6,7
random,0.015,2,False,2101,True,16400,1.0,False,,1,0.4666666666666667,7
random,0.015,2,False,2102,True,13500,1.0,True,2,1,0.6,7
random,0.015,2,False,2103,True,8500,1.0,False,,1,0.5333333333333333,7
random,0.015,2,False,2104,True,3500,1.0,True,2,1,0.5333333333333333,7
random,0.015,3,False,3100,True,21900,1.0,True,2,1,0.4666666666666667,9
random,0.015,3,False,3101,True,13250,1.0,True,2,1,0.7333333333333333,9
random,0.015,3,False,3102,True,7400,1.0,True,2,1,0.5333333333333333,9
random,0.015,3,False,3103,True,22700,1.0,True,2,1,0.4,9
random,0.015,3,False,3104,False,39999,1.0,True,2,1,0.6666666666666666,9
random,0.015,4,False,4100,True,6200,1.0,True,2,1,0.3333333333333333,8
random,0.015,4,False,4101,True,18550,1.0,True,2,1,0.6,8
random,0.015,4,False,4102,True,35450,1.0,False,,1,0.5333333333333333,8
random,0.015,4,False,4103,True,2400,1.0,True,2,1,0.6,8
random,0.015,4,False,4104,True,2950,1.0,True,2,1,0.4666666666666667,8
random,0.015,5,False,5100,True,6650,1.0,False,,1,0.6,9
random,0.015,5,False,5101,False,39999,1.0,True,2,1,0.5333333333333333,9
random,0.015,5,False,5102,True,6950,1.0,False,,1,0.5333333333333333,9
random,0.015,5,False,5103,True,10600,1.0,True,2,1,0.6,9
random,0.015,5,False,5104,False,39999,0.6666666666666666,False,,1,0.7333333333333333,9
random,0.015,6,False,6100,True,26700,1.0,True,2,1,0.6666666666666666,9
random,0.015,6,False,6101,False,39999,1.0,False,,1,0.6666666666666666,9
random,0.015,6,False,6102,False,39999,0.7777777777777778,False,,1,0.5333333333333333,9
random,0.015,6,False,6103,True,20350,1.0,True,2,1,0.4,9
random,0.015,6,False,6104,True,7250,1.0,False,,1,0.6,9
random,0.015,7,False,7100,False,39999,1.0,False,,1,0.5333333333333333,8
random,0.015,7,False,7101,True,6150,1.0,False,,1,0.6666666666666666,8
random,0.015,7,False,7102,False,39999,1.0,False,,1,0.6666666666666666,8
random,0.015,7,False,7103,True,4350,1.0,False,,1,0.7333333333333333,8
random,0.015,7,False,7104,True,5550,1.0,False,,1,0.5333333333333333,8
random,0.015,8,False,8100,False,39999,0.6,False,,1,0.3333333333333333,10
random,0.015,8,False,8101,True,4000,1.0,True,2,1,0.5333333333333333,10
random,0.015,8,False,8102,False,39999,0.6,False,,1,0.4666666666666667,10
random,0.015,8,False,8103,True,7700,1.0,True,2,1,0.5333333333333333,10
random,0.015,8,False,8104,False,39999,1.0,True,2,1,0.26666666666666666,10
random,0.015,9,False,9100,True,11350,1.0,True,2,1,0.4666666666666667,10
random,0.015,9,False,9101,True,6400,1.0,True,2,1,0.5333333333333333,10
random,0.015,9,False,9102,False,39999,0.7,False,,1,0.6,10
random,0.015,9,False,9103,True,5400,1.0,True,2,1,0.4,10
random,0.015,9,False,9104,True,6350,1.0,True,2,1,0.4,10
random,0.015,10,False,10100,True,800,1.0,False,,1,0.4,6
random,0.015,10,False,10101,True,10300,1.0,False,,1,0.6,6
random,0.015,10,False,10102,True,4750,1.0,False,,1,0.8666666666666667,6
random,0.015,10,False,10103,True,800,1.0,True,2,1,0.6666666666666666,6
random,0.015,10,False,10104,True,4750,1.0,False,,1,0.8,6
random,0.015,11,False,11100,True,11050,1.0,True,2,1,0.7333333333333333,7
random,0.015,11,False,11101,True,13850,1.0,False,,1,0.6666666666666666,7
random,0.015,11,False,11102,True,3600,1.0,True,2,1,0.7333333333333333,7
random,0.015,11,False,11103,True,1350,1.0,False,,1,0.6,7
random,0.015,11,False,11104,True,12950,1.0,False,,1,0.7333333333333333,7
random,0.015,12,False,12100,False,39999,0.8,False,,1,0.6666666666666666,10
random,0.015,12,False,12101,False,39999,1.0,True,2,1,0.6666666666666666,10
random,0.015,12,False,12102,True,33050,1.0,True,2,1,0.6666666666666666,10
random,0.015,12,False,12103,True,4450,1.0,True,2,1,0.26666666666666666,10
random,0.015,12,False,12104,False,39999,1.0,True,2,1,0.5333333333333333,10
random,0.015,13,False,13100,True,6700,1.0,False,,1,0.6,7
random,0.015,13,False,13101,True,14150,1.0,False,,1,0.4,7
random,0.015,13,False,13102,True,9500,1.0,True,2,1,0.6666666666666666,7
random,0.015,13,False,13103,True,1200,1.0,False,,1,0.7333333333333333,7
random,0.015,13,False,13104,True,4250,1.0,False,,1,0.7333333333333333,7
random,0.015,14,False,14100,True,12500,1.0,False,,1,0.5333333333333333,8
random,0.015,14,False,14101,True,12750,1.0,False,,1,0.3333333333333333,8
random,0.015,14,False,14102,True,900,1.0,True,2,1,0.3333333333333333,8
random,0.015,14,False,14103,True,38500,1.0,False,,1,0.4,8
random,0.015,14,False,14104,True,3100,1.0,False,,1,0.5333333333333333,8
random,0.015,15,False,15100,True,12300,1.0,True,2,1,0.6,9
random,0.015,15,False,15101,False,39999,0.7777777777777778,False,,1,0.3333333333333333,9
random,0.015,15,False,15102,True,28750,1.0,True,2,1,0.6666666666666666,9
random,0.015,15,False,15103,True,3550,1.0,True,2,1,0.4666666666666667,9
random,0.015,15,False,15104,True,1950,1.0,True,2,1,0.5333333333333333,9
random,0.015,16,False,16100,True,31100,1.0,True,2,1,0.5333333333333333,8
random,0.015,16,False,16101,True,3250,1.0,True,2,1,0.5333333333333333,8
random,0.015,16,False,16102,True,20350,1.0,False,,1,0.4666666666666667,8
random,0.015,16,False,16103,True,2100,1.0,False,,1,0.6,8
random,0.015,16,False,16104,True,8700,1.0,True,2,1,0.4666666666666667,8
random,0.015,17,False,17100,False,39999,1.0,False,,1,0.7333333333333333,9
random,0.015,17,False,17101,True,32450,1.0,True,2,1,0.8,9
random,0.015,17,False,17102,True,5350,1.0,True,2,1,0.3333333333333333,9
random,0.015,17,False,17103,True,28050,1.0,False,,1,0.7333333333333333,9
random,0.015,17,False,17104,True,26350,1.0,True,2,1,0.5333333333333333,9
random,0.015,18,False,18100,True,28150,1.0,False,,1,0.6,9
random,0.015,18,False,18101,False,39999,1.0,True,2,1,0.8,9
random,0.015,18,False,18102,False,39999,1.0,True,2,1,0.6,9
random,0.015,18,False,18103,True,3500,1.0,True,2,1,0.3333333333333333,9
random,0.015,18,False,18104,False,39999,1.0,False,,1,0.5333333333333333,9
random,0.015,19,False,19100,False,39999,1.0,False,,1,0.5333333333333333,6
random,0.015,19,False,19101,True,6650,1.0,False,,1,0.4666666666666667,6
random,0.015,19,False,19102,True,2200,1.0,False,,1,0.6,6
random,0.015,19,False,19103,True,10750,1.0,False,,1,0.4666666666666667,6
random,0.015,19,False,19104,True,3250,1.0,True,2,1,0.6666666666666666,6
random,0.015,20,False,20100,True,35350,1.0,False,,1,0.26666666666666666,9
random,0.015,20,False,20101,True,31800,1.0,False,,1,0.6,9
random,0.015,20,False,20102,True,24300,1.0,True,2,1,0.6,9
random,0.015,20,False,20103,True,22850,1.0,False,,1,0.4666666666666667,9
random,0.015,20,False,20104,True,6050,1.0,False,,1,0.5333333333333333,9
random,0.015,21,False,21100,True,22150,1.0,True,2,1,0.6666666666666666,9
random,0.015,21,False,21101,False,39999,1.0,True,2,1,0.6666666666666666,9
random,0.015,21,False,21102,True,5900,1.0,True,2,1,0.6,9
random,0.015,21,False,21103,True,22600,1.0,True,2,1,0.8,9
random,0.015,21,False,21104,True,22000,1.0,True,2,1,0.5333333333333333,9
random,0.015,22,False,22100,True,1700,1.0,True,2,1,0.3333333333333333,9
random,0.015,22,False,22101,True,31150,1.0,True,2,1,0.2,9
random,0.015,22,False,22102,True,12400,1.0,True,2,1,0.6,9
random,0.015,22,False,22103,True,15150,1.0,True,2,1,0.4,9
random,0.015,22,False,22104,True,37050,1.0,True,2,1,0.4,9
random,0.015,23,False,23100,True,16400,1.0,True,2,1,0.4666666666666667,10
random,0.015,23,False,23101,False,39999,1.0,True,2,1,0.6666666666666666,10
random,0.015,23,False,23102,False,39999,1.0,True,2,1,0.6666666666666666,10
random,0.015,23,False,23103,True,2450,1.0,True,2,1,0.26666666666666666,10
random,0.015,23,False,23104,True,19000,1.0,True,2,1,0.4666666666666667,10
random,0.015,24,False,24100,True,13850,1.0,True,2,1,0.7333333333333333,10
random,0.015,24,False,24101,True,3900,1.0,True,2,1,0.13333333333333333,10
random,0.015,24,False,24102,True,16500,1.0,True,2,1,0.5333333333333333,10
random,0.015,24,False,24103,True,10250,1.0,True,2,1,0.3333333333333333,10
random,0.015,24,False,24104,True,20750,1.0,True,2,1,0.6,10
random,0.015,25,False,25100,True,28350,1.0,True,2,1,0.4,9
random,0.015,25,False,25101,True,29750,1.0,True,2,1,0.6,9
random,0.015,25,False,25102,True,18300,1.0,True,2,1,0.4,9
random,0.015,25,False,25103,True,14000,1.0,True,2,1,0.6666666666666666,9
random,0.015,25,False,25104,True,7800,1.0,True,2,1,0.4666666666666667,9
random,0.015,26,False,26100,True,8150,1.0,True,2,1,0.4,10
random,0.015,26,False,26101,False,39999,1.0,True,2,1,0.6,10
random,0.015,26,False,26102,True,35050,1.0,True,2,1,0.6,10
random,0.015,26,False,26103,True,15600,1.0,True,2,1,0.5333333333333333,10
random,0.015,26,False,26104,False,39999,0.7,False,,1,0.7333333333333333,10
random,0.015,27,False,27100,False,39999,1.0,True,3,2,0.5333333333333333,13
random,0.015,27,False,27101,True,25400,1.0,True,3,2,0.4666666666666667,13
random,0.015,27,False,27102,True,6200,1.0,True,3,2,0.4666666666666667,13
random,0.015,27,False,27103,False,39999,1.0,True,3,2,0.6666666666666666,13
random,0.015,27,False,27104,False,39999,1.0,True,3,2,0.6666666666666666,13
random,0.015,28,False,28100,True,7200,1.0,True,2,1,0.5333333333333333,8
random,0.015,28,False,28101,True,14700,1.0,True,2,1,0.6666666666666666,8
random,0.015,28,False,28102,True,18050,1.0,True,2,1,0.3333333333333333,8
random,0.015,28,False,28103,False,39999,1.0,True,2,1,0.4,8
random,0.015,28,False,28104,True,2650,1.0,False,,1,0.4666666666666667,8
random,0.015,29,False,29100,False,39999,0.9090909090909091,False,,2,0.6666666666666666,11
random,0.015,29,False,29101,True,26500,1.0,True,3,2,0.6,11
random,0.015,29,False,29102,False,39999,0.9090909090909091,False,,2,0.6,11
random,0.015,29,False,29103,False,39999,0.9090909090909091,False,,2,0.4666666666666667,11
random,0.015,29,False,29104,False,39999,1.0,True,3,2,0.5333333333333333,11
random,0.02,0,False,100,False,39999,1.0,True,2,1,0.6,9
random,0.02,0,False,101,False,39999,1.0,True,2,1,0.4666666666666667,9
random,0.02,0,False,102,True,25700,1.0,True,2,1,0.5333333333333333,9
random,0.02,0,False,103,False,39999,0.8888888888888888,False,,1,0.5333333333333333,9
random,0.02,0,False,104,True,24300,1.0,True,2,1,0.5333333333333333,9
random,0.02,1,False,1100,False,39999,0.9,False,,1,0.6666666666666666,10
random,0.02,1,False,1101,False,39999,1.0,True,2,1,0.6666666666666666,10
random,0.02,1,False,1102,False,39999,0.8,False,,1,0.4666666666666667,10
random,0.02,1,False,1103,False,39999,1.0,True,2,1,0.6666666666666666,10
random,0.02,1,False,1104,False,39999,1.0,True,2,1,0.6666666666666666,10
random,0.02,2,False,2100,True,26650,1.0,False,,1,0.6,7
random,0.02,2,False,2101,True,7600,1.0,True,2,1,0.6666666666666666,7
random,0.02,2,False,2102,True,21400,1.0,True,2,1,0.6666666666666666,7
random,0.02,2,False,2103,True,35050,1.0,False,,1,0.6,7
random,0.02,2,False,2104,True,2100,1.0,True,2,1,0.4666666666666667,7
random,0.02,3,False,3100,True,32500,1.0,True,2,1,0.5333333333333333,9
random,0.02,3,False,3101,False,39999,1.0,True,2,1,0.6,9
random,0.02,3,False,3102,False,39999,1.0,True,2,1,0.6,9
random,0.02,3,False,3103,False,39999,1.0,True,2,1,0.6666666666666666,9
random,0.02,3,False,3104,False,39999,0.8888888888888888,False,,1,0.6,9
random,0.02,4,False,4100,False,39999,0.75,False,,1,0.5333333333333333,8
random,0.02,4,False,4101,False,39999,1.0,False,,1,0.5333333333333333,8
random,0.02,4,False,4102,True,19500,1.0,False,,1,0.5333333333333333,8
random,0.02,4,False,4103,True,26700,1.0,False,,1,0.6666666666666666,8
random,0.02,4,False,4104,True,14400,1.0,False,,1,0.6666666666666666,8
random,0.02,5,False,5100,True,4100,1.0,False,,1,0.6,9
random,0.02,5,False,5101,True,4450,1.0,False,,1,0.6666666666666666,9
random,0.02,5,False,5102,False,39999,0.7777777777777778,False,,1,0.6,9
random,0.02,5,False,5103,False,39999,0.6666666666666666,False,,1,0.4666666666666667,9
random,0.02,5,False,5104,False,39999,1.0,True,2,1,0.4666666666666667,9
random,0.02,6,False,6100,False,39999,0.7777777777777778,False,,1,0.6666666666666666,9
random,0.02,6,False,6101,False,39999,0.3333333333333333,False,,1,0.6666666666666666,9
random,0.02,6,False,6102,True,4850,1.0,True,2,1,0.6,9
random,0.02,6,False,6103,False,39999,1.0,False,,1,0.6666666666666666,9
random,0.02,6,False,6104,False,39999,0.6666666666666666,False,,1,0.5333333333333333,9
random,0.02,7,False,7100,False,39999,0.875,False,,1,0.4666666666666667,8
random,0.02,7,False,7101,True,6050,1.0,False,,1,0.4666666666666667,8
random,0.02,7,False,7102,True,12250,1.0,True,2,1,0.4666666666666667,8
random,0.02,7,False,7103,True,29100,1.0,True,2,1,0.6666666666666666,8
random,0.02,7,False,7104,True,15950,1.0,True,2,1,0.3333333333333333,8
random,0.02,8,False,8100,True,34500,1.0,True,2,1,0.5333333333333333,10
random,0.02,8,False,8101,False,39999,1.0,True,2,1,0.4,10
random,0.02,8,False,8102,False,39999,1.0,True,2,1,0.13333333333333333,10
random,0.02,8,False,8103,True,20800,1.0,True,2,1,0.4666666666666667,10
random,0.02,8,False,8104,False,39999,1.0,True,2,1,0.6,10
random,0.02,9,False,9100,False,39999,1.0,True,2,1,0.6666666666666666,10
random,0.02,9,False,9101,False,39999,1.0,True,2,1,0.5333333333333333,10
random,0.02,9,False,9102,False,39999,0.8,False,,1,0.5333333333333333,10
random,0.02,9,False,9103,False,39999,0.9,False,,1,0.4,10
random,0.02,9,False,9104,False,39999,1.0,True,2,1,0.6666666666666666,10
random,0.02,10,False,10100,True,2450,1.0,False,,1,0.5333333333333333,6
random,0.02,10,False,10101,True,9800,1.0,False,,1,0.8,6
random,0.02,10,False,10102,True,15300,1.0,False,,1,0.7333333333333333,6
random,0.02,10,False,10103,True,1600,1.0,False,,1,0.7333333333333333,6
random,0.02,10,False,10104,True,4650,1.0,False,,1,0.6,6
random,0.02,11,False,11100,True,6850,1.0,False,,1,0.8666666666666667,7
random,0.02,11,False,11101,True,16950,1.0,False,,1,0.7333333333333333,7
random,0.02,11,False,11102,True,3100,1.0,False,,1,0.6666666666666666,7
random,0.02,11,False,11103,True,1350,1.0,False,,1,0.7333333333333333,7
random,0.02,11,False,11104,False,39999,1.0,False,,1,0.8,7
random,0.02,12,False,12100,False,39999,1.0,True,2,1,0.7333333333333333,10
random,0.02,12,False,12101,True,5100,1.0,True,2,1,0.6666666666666666,10
random,0.02,12,False,12102,False,39999,1.0,True,2,1,0.4,10
random,0.02,12,False,12103,True,4000,1.0,True,2,1,0.4666666666666667,10
random,0.02,12,False,12104,False,39999,0.7,False,,1,0.5333333333333333,10
random,0.02,13,False,13100,False,39999,1.0,False,,1,0.5333333333333333,7
random,0.02,13,False,13101,True,12250,1.0,False,,1,0.7333333333333333,7
random,0.02,13,False,13102,True,16200,1.0,True,2,1,0.4666666666666667,7
random,0.02,13,False,13103,True,10000,1.0,False,,1,0.6,7
random,0.02,13,False,13104,True,4200,1.0,False,,1,0.4,7
random,0.02,14,False,14100,True,23200,1.0,True,2,1,0.6,8
random,0.02,14,False,14101,True,21600,1.0,False,,1,0.6,8
random,0.02,14,False,14102,True,36650,1.0,True,2,1,0.5333333333333333,8
random,0.02,14,False,14103,False,39999,1.0,False,,1,0.4666666666666667,8
random,0.02,14,False,14104,True,2400,1.0,True,2,1,0.6,8
random,0.02,15,False,15100,True,23800,1.0,True,2,1,0.4666666666666667,9
random,0.02,15,False,15101,True,31400,1.0,True,2,1,0.5333333333333333,9
random,0.02,15,False,15102,False,39999,1.0,True,2,1,0.3333333333333333,9
random,0.02,15,False,15103,False,39999,1.0,True,2,1,0.6,9
random,0.02,15,False,15104,True,1850,1.0,True,2,1,0.4666666666666667,9
random,0.02,16,False,16100,False,39999,0.75,False,,1,0.4,8
random,0.02,16,False,16101,True,38100,1.0,True,2,1,0.5333333333333333,8
random,0.02,16,False,16102,True,800,1.0,True,2,1,0.5333333333333333,8
random,0.02,16,False,16103,True,21150,1.0,False,,1,0.5333333333333333,8
random,0.02,16,False,16104,False,39999,0.875,False,,1,0.6666666666666666,8
random,0.02,17,False,17100,False,39999,0.6666666666666666,False,,1,0.4666666666666667,9
random,0.02,17,False,17101,False,39999,0.6666666666666666,False,,1,0.6666666666666666,9
random,0.02,17,False,17102,True,38000,1.0,False,,1,0.4666666666666667,9
random,0.02,17,False,17103,True,37750,1.0,True,2,1,0.6666666666666666,9
random,0.02,17,False,17104,True,15850,1.0,False,,1,0.6666666666666666,9
random,0.02,18,False,18100,True,36200,1.0,True,2,1,0.8,9
random,0.02,18,False,18101,True,7450,1.0,False,,1,0.6,9
random,0.02,18,False,18102,False,39999,1.0,False,,1,0.4666666666666667,9
random,0.02,18,False,18103,False,39999,1.0,False,,1,0.4,9
random,0.02,18,False,18104,False,39999,0.6666666666666666,False,,1,0.5333333333333333,9
random,0.02,19,False,19100,True,6150,1.0,False,,1,0.5333333333333333,6
random,0.02,19,False,19101,True,3100,1.0,True,2,1,0.6666666666666666,6
random,0.02,19,False,19102,True,13950,1.0,False,,1,0.8,6
random,0.02,19,False,19103,True,10700,1.0,False,,1,0.4666666666666667,6
random,0.02,19,False,19104,True,20450,1.0,False,,1,0.6,6
random,0.02,20,False,20100,False,39999,1.0,True,2,1,0.5333333333333333,9
random,0.02,20,False,20101,True,35950,1.0,True,2,1,0.6666666666666666,9
random,0.02,20,False,20102,False,39999,0.6666666666666666,False,,1,0.3333333333333333,9
random,0.02,20,False,20103,True,8250,1.0,True,2,1,0.6666666666666666,9
random,0.02,20,False,20104,False,39999,0.7777777777777778,False,,1,0.5333333333333333,9
random,0.02,21,False,21100,False,39999,1.0,True,2,1,0.4,9
random,0.02,21,False,21101,False,39999,0.7777777777777778,False,,1,0.7333333333333333,9
random,0.02,21,False,21102,False,39999,0.8888888888888888,False,,1,0.2,9
random,0.02,21,False,21103,False,39999,1.0,True,2,1,0.6,9
random,0.02,21,False,21104,False,39999,0.8888888888888888,False,,1,0.5333333333333333,9
random,0.02,22,False,22100,False,39999,0.6666666666666666,False,,1,0.6,9
random,0.02,22,False,22101,True,31000,1.0,True,2,1,0.6,9
random,0.02,22,False,22102,False,39999,1.0,True,2,1,0.3333333333333333,9
random,0.02,22,False,22103,False,39999,0.8888888888888888,False,,1,0.26666666666666666,9
random,0.02,22,False,22104,False,39999,1.0,True,2,1,0.7333333333333333,9
random,0.02,23,False,23100,False,39999,1.0,True,2,1,0.6,10
random,0.02,23,False,23101,False,39999,1.0,True,2,1,0.5333333333333333,10
random,0.02,23,False,23102,False,39999,1.0,True,2,1,0.7333333333333333,10
random,0.02,23,False,23103,False,39999,0.7,False,,1,0.4666666666666667,10
random,0.02,23,False,23104,False,39999,1.0,True,2,1,0.2,10
random,0.02,24,False,24100,True,22900,1.0,True,2,1,0.6,10
random,0.02,24,False,24101,False,39999,1.0,True,2,1,0.5333333333333333,10
random,0.02,24,False,24102,False,39999,1.0,True,2,1,0.5333333333333333,10
random,0.02,24,False,24103,True,10200,1.0,True,2,1,0.4666666666666667,10
random,0.02,24,False,24104,True,7500,1.0,True,2,1,0.6,10
random,0.02,25,False,25100,True,7300,1.0,True,2,1,0.6,9
random,0.02,25,False,25101,False,39999,0.7777777777777778,False,,1,0.3333333333333333,9
random,0.02,25,False,25102,True,22350,1.0,True,2,1,0.6666666666666666,9
random,0.02,25,False,25103,False,39999,1.0,True,2,1,0.4666666666666667,9
random,0.02,25,False,25104,False,39999,0.8888888888888888,False,,1,0.5333333333333333,9
random,0.02,26,False,26100,False,39999,0.6,False,,1,0.5333333333333333,10
random,0.02,26,False,26101,True,8200,1.0,True,2,1,0.6,10
random,0.02,26,False,26102,False,39999,0.8,False,,1,0.4,10
random,0.02,26,False,26103,False,39999,0.9,False,,1,0.4666666666666667,10
random,0.02,26,False,26104,False,39999,0.9,False,,1,0.6666666666666666,10
random,0.02,27,False,27100,False,39999,1.0,True,3,2,0.26666666666666666,13
random,0.02,27,False,27101,True,25300,1.0,True,3,2,0.5333333333333333,13
random,0.02,27,False,27102,False,39999,1.0,True,3,2,0.6,13
random,0.02,27,False,27103,False,39999,0.7692307692307693,False,,2,0.4666666666666667,13
random,0.02,27,False,27104,False,39999,0.5384615384615384,False,,2,0.5333333333333333,13
random,0.02,28,False,28100,True,34850,1.0,True,2,1,0.7333333333333333,8
random,0.02,28,False,28101,False,39999,1.0,False,,1,0.5333333333333333,8
random,0.02,28,False,28102,True,29050,1.0,False,,1,0.4666666666666667,8
random,0.02,28,False,28103,False,39999,1.0,True,2,1,0.6,8
random,0.02,28,False,28104,True,1450,1.0,True,2,1,0.6,8
random,0.02,29,False,29100,False,39999,1.0,True,3,2,0.6666666666666666,11
random,0.02,29,False,29101,False,39999,1.0,True,3,2,0.5333333333333333,11
random,0.02,29,False,29102,False,39999,1.0,True,3,2,0.4666666666666667,11
random,0.02,29,False,29103,False,39999,0.5454545454545454,False,,2,0.5333333333333333,11
random,0.02,29,False,29104,False,39999,0.9090909090909091,False,,2,0.4666666666666667,11
random,0.03,0,False,100,False,39999,1.0,True,2,1,0.2,9
random,0.03,0,False,101,False,39999,1.0,True,2,1,0.7333333333333333,9
random,0.03,0,False,102,False,39999,0.5555555555555556,False,,1,0.4666666666666667,9
random,0.03,0,False,103,False,39999,0.7777777777777778,False,,1,0.5333333333333333,9
random,0.03,0,False,104,False,39999,0.8888888888888888,False,,1,0.4666666666666667,9
random,0.03,1,False,1100,False,39999,0.9,False,,1,0.4666666666666667,10
random,0.03,1,False,1101,False,39999,1.0,True,2,1,0.6666666666666666,10
random,0.03,1,False,1102,False,39999,0.8,False,,1,0.5333333333333333,10
random,0.03,1,False,1103,False,39999,1.0,True,2,1,0.6,10
random,0.03,1,False,1104,False,39999,0.7,False,,1,0.7333333333333333,10
random,0.03,2,False,2100,False,39999,1.0,True,2,1,0.4666666666666667,7
random,0.03,2,False,2101,False,39999,1.0,False,,1,0.4666666666666667,7
random,0.03,2,False,2102,False,39999,1.0,False,,1,0.5333333333333333,7
random,0.03,2,False,2103,False,39999,0.7142857142857143,False,,1,0.5333333333333333,7
random,0.03,2,False,2104,False,39999,0.8571428571428571,False,,1,0.6,7
random,0.03,3,False,3100,False,39999,1.0,True,2,1,0.4,9
random,0.03,3,False,3101,False,39999,1.0,True,2,1,0.3333333333333333,9
random,0.03,3,False,3102,False,39999,0.5555555555555556,False,,1,0.4,9
random,0.03,3,False,3103,False,39999,1.0,True,2,1,0.26666666666666666,9
random,0.03,3,False,3104,False,39999,1.0,True,2,1,0.6666666666666666,9
random,0.03,4,False,4100,False,39999,0.875,False,,1,0.5333333333333333,8
random,0.03,4,False,4101,False,39999,1.0,False,,1,0.6666666666666666,8
random,0.03,4,False,4102,False,39999,0.75,False,,1,0.7333333333333333,8
random,0.03,4,False,4103,True,12350,1.0,False,,1,0.5333333333333333,8
random,0.03,4,False,4104,False,39999,1.0,False,,1,0.4,8
random,0.03,5,False,5100,False,39999,1.0,False,,1,0.6666666666666666,9
random,0.03,5,False,5101,True,24400,1.0,True,2,1,0.3333333333333333,9
random,0.03,5,False,5102,False,39999,0.6666666666666666,False,,1,0.4,9
random,0.03,5,False,5103,False,39999,0.6666666666666666,False,,1,0.8,9
random,0.03,5,False,5104,False,39999,0.7777777777777778,False,,1,0.4,9
random,0.03,6,False,6100,False,39999,0.7777777777777778,False,,1,0.6666666666666666,9
random,0.03,6,False,6101,False,39999,1.0,True,2,1,0.6666666666666666,9
random,0.03,6,False,6102,False,39999,0.7777777777777778,False,,1,0.6,9
random,0.03,6,False,6103,False,39999,0.7777777777777778,False,,1,0.7333333333333333,9
random,0.03,6,False,6104,False,39999,1.0,False,,1,0.5333333333333333,9
random,0.03,7,False,7100,False,39999,0.875,False,,1,0.8,8
random,0.03,7,False,7101,False,39999,0.75,False,,1,0.5333333333333333,8
random,0.03,7,False,7102,False,39999,1.0,False,,1,0.6,8
random,0.03,7,False,7103,False,39999,1.0,True,2,1,0.5333333333333333,8
random,0.03,7,False,7104,False,39999,0.75,False,,1,0.6,8
random,0.03,8,False,8100,False,39999,1.0,True,2,1,0.5333333333333333,10
random,0.03,8,False,8101,False,39999,1.0,True,2,1,0.4666666666666667,10
random,0.03,8,False,8102,False,39999,1.0,True,2,1,0.4,10
random,0.03,8,False,8103,False,39999,1.0,True,2,1,0.4,10
random,0.03,8,False,8104,False,39999,1.0,True,2,1,0.6666666666666666,10
random,0.03,9,False,9100,False,39999,0.8,False,,1,0.6,10
random,0.03,9,False,9101,True,20250,1.0,True,2,1,0.6666666666666666,10
random,0.03,9,False,9102,False,39999,0.8,False,,1,0.5333333333333333,10
random,0.03,9,False,9103,False,39999,1.0,True,2,1,0.6666666666666666,10
random,0.03,9,False,9104,False,39999,0.9,False,,1,0.6666666666666666,10
random,0.03,10,False,10100,True,13050,1.0,False,,1,0.7333333333333333,6
random,0.03,10,False,10101,True,10150,1.0,False,,1,0.7333333333333333,6
random,0.03,10,False,10102,True,15300,1.0,False,,1,0.6,6
random,0.03,10,False,10103,True,15400,1.0,False,,1,0.7333333333333333,6
random,0.03,10,False,10104,False,39999,1.0,False,,1,0.5333333333333333,6
random,0.03,11,False,11100,False,39999,1.0,True,2,1,0.7333333333333333,7
random,0.03,11,False,11101,False,39999,1.0,False,,1,0.6666666666666666,7
random,0.03,11,False,11102,False,39999,1.0,False,,1,0.7333333333333333,7
random,0.03,11,False,11103,False,39999,1.0,False,,1,0.5333333333333333,7
random,0.03,11,False,11104,False,39999,1.0,False,,1,0.6,7
random,0.03,12,False,12100,False,39999,0.5,False,,1,0.6,10
random,0.03,12,False,12101,False,39999,1.0,True,2,1,0.6666666666666666,10
random,0.03,12,False,12102,False,39999,0.7,False,,1,0.6,10
random,0.03,12,False,12103,False,39999,0.7,False,,1,0.5333333333333333,10
random,0.03,12,False,12104,False,39999,1.0,True,2,1,0.6666666666666666,10
random,0.03,13,False,13100,False,39999,0.7142857142857143,False,,1,0.7333333333333333,7
random,0.03,13,False,13101,False,39999,1.0,False,,1,0.5333333333333333,7
random,0.03,13,False,13102,True,15800,1.0,False,,1,0.6,7
random,0.03,13,False,13103,True,10250,1.0,False,,1,0.6666666666666666,7
random,0.03,13,False,13104,False,39999,1.0,True,2,1,0.6,7
random,0.03,14,False,14100,False,39999,1.0,True,2,1,0.6,8
random,0.03,14,False,14101,True,17000,1.0,True,2,1,0.3333333333333333,8
random,0.03,14,False,14102,False,39999,1.0,True,2,1,0.5333333333333333,8
random,0.03,14,False,14103,True,34750,1.0,True,2,1,0.4,8
random,0.03,14,False,14104,False,39999,0.875,False,,1,0.6666666666666666,8
random,0.03,15,False,15100,False,39999,1.0,True,2,1,0.6666666666666666,9
random,0.03,15,False,15101,False,39999,1.0,True,2,1,0.4666666666666667,9
random,0.03,15,False,15102,False,39999,1.0,True,2,1,0.26666666666666666,9
random,0.03,15,False,15103,False,39999,0.7777777777777778,False,,1,0.5333333333333333,9
random,0.03,15,False,15104,False,39999,0.6666666666666666,False,,1,0.3333333333333333,9
random,0.03,16,False,16100,False,39999,0.75,False,,1,0.6666666666666666,8
random,0.03,16,False,16101,False,39999,1.0,True,2,1,0.8,8
random,0.03,16,False,16102,False,39999,1.0,True,2,1,0.7333333333333333,8
random,0.03,16,False,16103,False,39999,0.875,False,,1,0.4,8
random,0.03,16,False,16104,False,39999,1.0,False,,1,0.4666666666666667,8
random,0.03,17,False,17100,False,39999,0.5555555555555556,False,,1,0.8,9
random,0.03,17,False,17101,False,39999,0.8888888888888888,False,,1,0.7333333333333333,9
random,0.03,17,False,17102,False,39999,1.0,True,2,1,0.6666666666666666,9
random,0.03,17,False,17103,False,39999,1.0,False,,1,0.7333333333333333,9
random,0.03,17,False,17104,False,39999,1.0,True,2,1,0.8,9
random,0.03,18,False,18100,False,39999,0.6666666666666666,False,,1,0.4666666666666667,9
random,0.03,18,False,18101,False,39999,0.7777777777777778,False,,1,0.6,9
random,0.03,18,False,18102,True,13200,1.0,False,,1,0.6,9
random,0.03,18,False,18103,False,39999,1.0,False,,1,0.6666666666666666,9
random,0.03,18,False,18104,False,39999,1.0,True,2,1,0.6,9
random,0.03,19,False,19100,False,39999,0.8333333333333334,False,,1,0.5333333333333333,6
random,0.03,19,False,19101,False,39999,1.0,False,,1,0.6666666666666666,6
random,0.03,19,False,19102,False,39999,1.0,False,,1,0.6,6
random,0.03,19,False,19103,True,3450,1.0,True,2,1,0.3333333333333333,6
random,0.03,19,False,19104,False,39999,0.8333333333333334,False,,1,0.4666666666666667,6
random,0.03,20,False,20100,False,39999,0.5555555555555556,False,,1,0.5333333333333333,9
random,0.03,20,False,20101,False,39999,1.0,True,2,1,0.5333333333333333,9
random,0.03,20,False,20102,False,39999,1.0,False,,1,0.6,9
random,0.03,20,False,20103,False,39999,0.8888888888888888,False,,1,0.6666666666666666,9
random,0.03,20,False,20104,False,39999,0.7777777777777778,False,,1,0.6,9
random,0.03,21,False,21100,False,39999,0.4444444444444444,False,,1,0.4,9
random,0.03,21,False,21101,False,39999,1.0,True,2,1,0.6666666666666666,9
random,0.03,21,False,21102,False,39999,1.0,True,2,1,0.5333333333333333,9
random,0.03,21,False,21103,False,39999,1.0,True,2,1,0.26666666666666666,9
random,0.03,21,False,21104,False,39999,0.8888888888888888,False,,1,0.7333333333333333,9
random,0.03,22,False,22100,False,39999,1.0,True,2,1,0.5333333333333333,9
random,0.03,22,False,22101,False,39999,0.7777777777777778,False,,1,0.7333333333333333,9
random,0.03,22,False,22102,False,39999,1.0,True,2,1,0.5333333333333333,9
random,0.03,22,False,22103,False,39999,1.0,True,2,1,0.5333333333333333,9
random,0.03,22,False,22104,False,39999,0.7777777777777778,False,,1,0.4,9
random,0.03,23,False,23100,False,39999,1.0,True,2,1,0.26666666666666666,10
random,0.03,23,False,23101,True,32250,1.0,True,2,1,0.26666666666666666,10
random,0.03,23,False,23102,False,39999,0.7,False,,1,0.4666666666666667,10
random,0.03,23,False,23103,False,39999,0.9,False,,1,0.4,10
random,0.03,23,False,23104,False,39999,1.0,True,2,1,0.5333333333333333,10
random,0.03,24,False,24100,False,39999,1.0,True,2,1,0.5333333333333333,10
random,0.03,24,False,24101,False,39999,0.6,False,,1,0.6,10
random,0.03,24,False,24102,False,39999,1.0,True,2,1,0.4666666666666667,10
random,0.03,24,False,24103,False,39999,1.0,True,2,1,0.5333333333333333,10
random,0.03,24,False,24104,False,39999,1.0,True,2,1,0.6666666666666666,10
random,0.03,25,False,25100,False,39999,1.0,True,2,1,0.26666666666666666,9
random,0.03,25,False,25101,False,39999,0.6666666666666666,False,,1,0.4666666666666667,9
random,0.03,25,False,25102,False,39999,1.0,True,2,1,0.4666666666666667,9
random,0.03,25,False,25103,False,39999,0.7777777777777778,False,,1,0.6,9
random,0.03,25,False,25104,False,39999,1.0,True,2,1,0.26666666666666666,9
random,0.03,26,False,26100,False,39999,0.3,False,,1,0.4,10
random,0.03,26,False,26101,False,39999,0.9,False,,1,0.2,10
random,0.03,26,False,26102,False,39999,1.0,True,2,1,0.6,10
random,0.03,26,False,26103,False,39999,1.0,True,2,1,0.4,10
random,0.03,26,False,26104,False,39999,0.7,False,,1,0.7333333333333333,10
random,0.03,27,False,27100,False,39999,1.0,True,3,2,0.5333333333333333,13
random,0.03,27,False,27101,False,39999,1.0,True,3,2,0.4666666666666667,13
random,0.03,27,False,27102,False,39999,0.7692307692307693,False,,2,0.3333333333333333,13
random,0.03,27,False,27103,False,39999,1.0,True,3,2,0.6666666666666666,13
random,0.03,27,False,27104,False,39999,0.5384615384615384,False,,2,0.4,13
random,0.03,28,False,28100,False,39999,0.875,False,,1,0.5333333333333333,8
random,0.03,28,False,28101,False,39999,1.0,False,,1,0.5333333333333333,8
random,0.03,28,False,28102,False,39999,0.75,False,,1,0.4,8
random,0.03,28,False,28103,False,39999,0.75,False,,1,0.6666666666666666,8
random,0.03,28,False,28104,True,1450,1.0,True,2,1,0.4666666666666667,8
random,0.03,29,False,29100,False,39999,0.7272727272727273,False,,2,0.4,11
random,0.03,29,False,29101,False,39999,1.0,True,3,2,0.5333333333333333,11
random,0.03,29,False,29102,False,39999,0.5454545454545454,False,,2,0.5333333333333333,11
random,0.03,29,False,29103,False,39999,0.6363636363636364,False,,2,0.6666666666666666,11
random,0.03,29,False,29104,False,39999,0.7272727272727273,False,,2,0.7333333333333333,11
random,0.05,0,False,100,False,39999,0.6666666666666666,False,,1,0.5333333333333333,9
random,0.05,0,False,101,False,39999,0.8888888888888888,False,,1,0.5333333333333333,9
random,0.05,0,False,102,False,39999,0.7777777777777778,False,,1,0.6666666666666666,9
random,0.05,0,False,103,False,39999,1.0,True,2,1,0.7333333333333333,9
random,0.05,0,False,104,False,39999,0.8888888888888888,False,,1,0.5333333333333333,9
random,0.05,1,False,1100,False,39999,0.8,False,,1,0.6666666666666666,10
random,0.05,1,False,1101,False,39999,1.0,True,2,1,0.6,10
random,0.05,1,False,1102,False,39999,1.0,True,2,1,0.8,10
random,0.05,1,False,1103,False,39999,0.7,False,,1,0.6,10
random,0.05,1,False,1104,False,39999,0.9,False,,1,0.6666666666666666,10
random,0.05,2,False,2100,False,39999,1.0,True,2,1,0.6,7
random,0.05,2,False,2101,False,39999,0.8571428571428571,False,,1,0.4,7
random,0.05,2,False,2102,False,39999,0.42857142857142855,False,,1,0.3333333333333333,7
random,0.05,2,False,2103,False,39999,0.7142857142857143,False,,1,0.6666666666666666,7
random,0.05,2,False,2104,False,39999,1.0,True,2,1,0.5333333333333333,7
random,0.05,3,False,3100,False,39999,0.7777777777777778,False,,1,0.5333333333333333,9
random,0.05,3,False,3101,False,39999,1.0,True,2,1,0.4,9
random,0.05,3,False,3102,False,39999,1.0,True,2,1,0.5333333333333333,9
random,0.05,3,False,3103,False,39999,0.5555555555555556,False,,1,0.5333333333333333,9
random,0.05,3,False,3104,False,39999,0.8888888888888888,False,,1,0.4,9
random,0.05,4,False,4100,False,39999,1.0,True,2,1,0.6,8
random,0.05,4,False,4101,False,39999,1.0,True,2,1,0.4666666666666667,8
random,0.05,4,False,4102,False,39999,0.875,False,,1,0.5333333333333333,8
random,0.05,4,False,4103,False,39999,1.0,True,2,1,0.4666666666666667,8
random,0.05,4,False,4104,False,39999,1.0,False,,1,0.6666666666666666,8
random,0.05,5,False,5100,False,39999,0.6666666666666666,False,,1,0.6,9
random,0.05,5,False,5101,False,39999,0.5555555555555556,False,,1,0.5333333333333333,9
random,0.05,5,False,5102,False,39999,0.7777777777777778,False,,1,0.5333333333333333,9
random,0.05,5,False,5103,False,39999,1.0,True,2,1,0.6,9
random,0.05,5,False,5104,False,39999,0.8888888888888888,False,,1,0.5333333333333333,9
random,0.05,6,False,6100,False,39999,1.0,False,,1,0.6,9
random,0.05,6,False,6101,False,39999,0.8888888888888888,False,,1,0.6666666666666666,9
random,0.05,6,False,6102,False,39999,0.8888888888888888,False,,1,0.6,9
random,0.05,6,False,6103,False,39999,1.0,False,,1,0.6,9
random,0.05,6,False,6104,False,39999,0.6666666666666666,False,,1,0.6,9
random,0.05,7,False,7100,False,39999,1.0,True,2,1,0.5333333333333333,8
random,0.05,7,False,7101,False,39999,0.75,False,,1,0.7333333333333333,8
random,0.05,7,False,7102,False,39999,1.0,True,2,1,0.7333333333333333,8
random,0.05,7,False,7103,False,39999,0.75,False,,1,0.6666666666666666,8
random,0.05,7,False,7104,False,39999,0.875,False,,1,0.6666666666666666,8
random,0.05,8,False,8100,False,39999,0.7,False,,1,0.26666666666666666,10
random,0.05,8,False,8101,False,39999,1.0,True,2,1,0.5333333333333333,10
random,0.05,8,False,8102,False,39999,0.9,False,,1,0.5333333333333333,10
random,0.05,8,False,8103,False,39999,0.3,False,,1,0.5333333333333333,10
random,0.05,8,False,8104,False,39999,0.7,False,,1,0.6,10
random,0.05,9,False,9100,False,39999,0.7,False,,1,0.26666666666666666,10
random,0.05,9,False,9101,False,39999,0.6,False,,1,0.4666666666666667,10
random,0.05,9,False,9102,False,39999,0.7,False,,1,0.6666666666666666,10
random,0.05,9,False,9103,False,39999,1.0,True,2,1,0.6666666666666666,10
random,0.05,9,False,9104,False,39999,0.6,False,,1,0.5333333333333333,10
random,0.05,10,False,10100,False,39999,0.5,False,,1,0.6,6
random,0.05,10,False,10101,True,16600,1.0,False,,1,0.7333333333333333,6
random,0.05,10,False,10102,False,39999,1.0,True,2,1,0.7333333333333333,6
random,0.05,10,False,10103,False,39999,0.6666666666666666,False,,1,0.8,6
random,0.05,10,False,10104,False,39999,0.6666666666666666,False,,1,0.6666666666666666,6
random,0.05,11,False,11100,False,39999,1.0,True,2,1,0.6,7
random,0.05,11,False,11101,False,39999,1.0,False,,1,0.6666666666666666,7
random,0.05,11,False,11102,False,39999,0.7142857142857143,False,,1,0.7333333333333333,7
random,0.05,11,False,11103,False,39999,0.5714285714285714,False,,1,0.8666666666666667,7
random,0.05,11,False,11104,False,39999,1.0,False,,1,0.6,7
random,0.05,12,False,12100,False,39999,0.6,False,,1,0.7333333333333333,10
random,0.05,12,False,12101,False,39999,0.8,False,,1,0.6666666666666666,10
random,0.05,12,False,12102,False,39999,0.7,False,,1,0.6,10
random,0.05,12,False,12103,False,39999,1.0,True,2,1,0.4666666666666667,10
random,0.05,12,False,12104,False,39999,0.7,False,,1,0.26666666666666666,10
random,0.05,13,False,13100,False,39999,1.0,False,,1,0.6,7
random,0.05,13,False,13101,False,39999,1.0,False,,1,0.7333333333333333,7
random,0.05,13,False,13102,False,39999,1.0,False,,1,0.7333333333333333,7
random,0.05,13,False,13103,False,39999,0.8571428571428571,False,,1,0.6,7
random,0.05,13,False,13104,False,39999,0.8571428571428571,False,,1,0.6,7
random,0.05,14,False,14100,False,39999,0.75,False,,1,0.5333333333333333,8
random,0.05,14,False,14101,False,39999,1.0,False,,1,0.5333333333333333,8
random,0.05,14,False,14102,False,39999,0.875,False,,1,0.7333333333333333,8
random,0.05,14,False,14103,False,39999,1.0,True,2,1,0.6666666666666666,8
random,0.05,14,False,14104,False,39999,0.75,False,,1,0.4,8
random,0.05,15,False,15100,False,39999,0.6666666666666666,False,,1,0.7333333333333333,9
random,0.05,15,False,15101,False,39999,0.7777777777777778,False,,1,0.6,9
random,0.05,15,False,15102,False,39999,0.8888888888888888,False,,1,0.6,9
random,0.05,15,False,15103,False,39999,1.0,True,2,1,0.3333333333333333,9
random,0.05,15,False,15104,False,39999,0.7777777777777778,False,,1,0.3333333333333333,9
random,0.05,16,False,16100,False,39999,1.0,False,,1,0.5333333333333333,8
random,0.05,16,False,16101,False,39999,1.0,True,2,1,0.6,8
random,0.05,16,False,16102,False,39999,0.875,False,,1,0.5333333333333333,8
random,0.05,16,False,16103,False,39999,0.625,False,,1,0.6,8
random,0.05,16,False,16104,False,39999,0.625,False,,1,0.6,8
random,0.05,17,False,17100,False,39999,0.6666666666666666,False,,1,0.5333333333333333,9
random,0.05,17,False,17101,False,39999,1.0,False,,1,0.6666666666666666,9
random,0.05,17,False,17102,False,39999,1.0,True,2,1,0.6666666666666666,9
random,0.05,17,False,17103,False,39999,0.4444444444444444,False,,1,0.8,9
random,0.05,17,False,17104,False,39999,0.8888888888888888,False,,1,0.5333333333333333,9
random,0.05,18,False,18100,False,39999,1.0,False,,1,0.5333333333333333,9
random,0.05,18,False,18101,False,39999,0.4444444444444444,False,,1,0.6,9
random,0.05,18,False,18102,False,39999,1.0,True,2,1,0.3333333333333333,9
random,0.05,18,False,18103,False,39999,0.5555555555555556,False,,1,0.5333333333333333,9
random,0.05,18,False,18104,False,39999,1.0,False,,1,0.7333333333333333,9
random,0.05,19,False,19100,False,39999,0.6666666666666666,False,,1,0.6,6
random,0.05,19,False,19101,False,39999,1.0,True,2,1,0.6,6
random,0.05,19,False,19102,False,39999,1.0,False,,1,0.5333333333333333,6
random,0.05,19,False,19103,False,39999,1.0,False,,1,0.5333333333333333,6
random,0.05,19,False,19104,False,39999,0.8333333333333334,False,,1,0.4,6
random,0.05,20,False,20100,False,39999,1.0,False,,1,0.4666666666666667,9
random,0.05,20,False,20101,False,39999,0.7777777777777778,False,,1,0.6666666666666666,9
random,0.05,20,False,20102,False,39999,0.6666666666666666,False,,1,0.5333333333333333,9
random,0.05,20,False,20103,False,39999,0.4444444444444444,False,,1,0.6,9
random,0.05,20,False,20104,False,39999,1.0,False,,1,0.6,9
random,0.05,21,False,21100,False,39999,1.0,True,2,1,0.6666666666666666,9
random,0.05,21,False,21101,False,39999,1.0,True,2,1,0.6,9
random,0.05,21,False,21102,False,39999,0.4444444444444444,False,,1,0.26666666666666666,9
random,0.05,21,False,21103,False,39999,0.7777777777777778,False,,1,0.4,9
random,0.05,21,False,21104,False,39999,0.6666666666666666,False,,1,0.6,9
random,0.05,22,False,22100,False,39999,0.6666666666666666,False,,1,0.4,9
random,0.05,22,False,22101,False,39999,0.8888888888888888,False,,1,0.6,9
random,0.05,22,False,22102,False,39999,0.8888888888888888,False,,1,0.8666666666666667,9
random,0.05,22,False,22103,False,39999,0.7777777777777778,False,,1,0.6,9
random,0.05,22,False,22104,False,39999,0.8888888888888888,False,,1,0.3333333333333333,9
random,0.05,23,False,23100,False,39999,1.0,True,2,1,0.7333333333333333,10
random,0.05,23,False,23101,False,39999,0.9,False,,1,0.4,10
random,0.05,23,False,23102,False,39999,1.0,True,2,1,0.6,10
random,0.05,23,False,23103,False,39999,1.0,True,2,1,0.4666666666666667,10
random,0.05,23,False,23104,False,39999,0.7,False,,1,0.6,10
random,0.05,24,False,24100,False,39999,0.8,False,,1,0.4666666666666667,10
random,0.05,24,False,24101,False,39999,1.0,True,2,1,0.3333333333333333,10
random,0.05,24,False,24102,False,39999,0.7,False,,1,0.6,10
random,0.05,24,False,24103,False,39999,0.2,False,,1,0.7333333333333333,10
random,0.05,24,False,24104,False,39999,0.9,False,,1,0.4,10
random,0.05,25,False,25100,False,39999,0.7777777777777778,False,,1,0.4666666666666667,9
random,0.05,25,False,25101,False,39999,0.8888888888888888,False,,1,0.4666666666666667,9
random,0.05,25,False,25102,False,39999,1.0,True,2,1,0.13333333333333333,9
random,0.05,25,False,25103,False,39999,1.0,True,2,1,0.8,9
random,0.05,25,False,25104,False,39999,0.7777777777777778,False,,1,0.4666666666666667,9
random,0.05,26,False,26100,False,39999,1.0,True,2,1,0.5333333333333333,10
random,0.05,26,False,26101,False,39999,0.7,False,,1,0.7333333333333333,10
random,0.05,26,False,26102,False,39999,0.8,False,,1,0.7333333333333333,10
random,0.05,26,False,26103,False,39999,0.8,False,,1,0.6666666666666666,10
random,0.05,26,False,26104,False,39999,0.7,False,,1,0.4666666666666667,10
random,0.05,27,False,27100,False,39999,1.0,True,3,2,0.26666666666666666,13
random,0.05,27,False,27101,False,39999,1.0,True,3,2,0.5333333333333333,13
random,0.05,27,False,27102,False,39999,0.7692307692307693,False,,2,0.4,13
random,0.05,27,False,27103,False,39999,0.6923076923076923,False,,2,0.4666666666666667,13
random,0.05,27,False,27104,False,39999,0.5384615384615384,False,,2,0.3333333333333333,13
random,0.05,28,False,28100,False,39999,1.0,False,,1,0.6666666666666666,8
random,0.05,28,False,28101,False,39999,1.0,False,,1,0.6,8
random,0.05,28,False,28102,False,39999,0.75,False,,1,0.4,8
random,0.05,28,False,28103,False,39999,0.75,False,,1,0.6,8
random,0.05,28,False,28104,False,39999,0.625,False,,1,0.6,8
random,0.05,29,False,29100,False,39999,0.8181818181818182,False,,2,0.5333333333333333,11
random,0.05,29,False,29101,False,39999,0.7272727272727273,False,,2,0.4666666666666667,11
random,0.05,29,False,29102,False,39999,1.0,True,3,2,0.6,11
random,0.05,29,False,29103,False,39999,0.7272727272727273,False,,2,0.5333333333333333,11
random,0.05,29,False,29104,False,39999,1.0,True,3,2,0.4666666666666667,11
geo,0.0,0,False,100,True,800,1.0,True,2,1,0.6,10
geo,0.0,0,False,101,True,850,1.0,True,2,1,0.4666666666666667,10
geo,0.0,0,False,102,True,850,1.0,True,2,1,0.6666666666666666,10
geo,0.0,0,False,103,True,800,1.0,True,2,1,0.6,10
geo,0.0,0,False,104,True,800,1.0,True,2,1,0.6,10
geo,0.0,1,False,1100,True,800,1.0,True,2,1,0.8125,11
geo,0.0,1,False,1101,True,850,1.0,True,2,1,0.625,11
geo,0.0,1,False,1102,True,800,1.0,True,2,1,0.625,11
geo,0.0,1,False,1103,True,800,1.0,True,2,1,0.8125,11
geo,0.0,1,False,1104,True,800,1.0,True,2,1,0.75,11
geo,0.0,2,False,2100,True,800,1.0,True,2,1,0.6875,11
geo,0.0,2,False,2101,True,800,1.0,True,2,1,0.4375,11
geo,0.0,2,False,2102,True,800,1.0,True,2,1,0.625,11
geo,0.0,2,False,2103,True,1000,1.0,True,2,1,0.5625,11
geo,0.0,2,False,2104,True,850,1.0,True,2,1,0.5,11
geo,0.0,3,False,3100,True,800,1.0,True,2,1,0.42857142857142855,9
geo,0.0,3,False,3101,True,800,1.0,True,2,1,0.7857142857142857,9
geo,0.0,3,False,3102,True,800,1.0,True,2,1,0.7857142857142857,9
geo,0.0,3,False,3103,True,800,1.0,True,2,1,0.6428571428571429,9
geo,0.0,3,False,3104,True,800,1.0,True,2,1,0.7857142857142857,9
geo,0.0,4,False,4100,True,800,1.0,True,2,1,0.75,3
geo,0.0,4,False,4101,True,750,1.0,False,,1,0.9166666666666666,3
geo,0.0,4,False,4102,True,800,1.0,True,2,1,0.75,3
geo,0.0,4,False,4103,True,750,1.0,False,,1,0.9166666666666666,3
geo,0.0,4,False,4104,True,750,1.0,False,,1,0.9166666666666666,3
geo,0.0,5,False,5100,True,850,1.0,True,2,1,0.6428571428571429,9
geo,0.0,5,False,5101,True,800,1.0,True,2,1,0.6428571428571429,9
geo,0.0,5,False,5102,True,850,1.0,True,2,1,0.5714285714285714,9
geo,0.0,5,False,5103,True,800,1.0,True,2,1,0.7142857142857143,9
geo,0.0,5,False,5104,True,800,1.0,True,2,1,0.7142857142857143,9
geo,0.0,6,False,6100,True,800,1.0,True,2,1,0.7857142857142857,7
geo,0.0,6,False,6101,True,800,1.0,False,,1,0.5714285714285714,7
geo,0.0,6,False,6102,True,800,1.0,False,,1,0.7857142857142857,7
geo,0.0,6,False,6103,True,800,1.0,False,,1,0.7142857142857143,7
geo,0.0,6,False,6104,True,800,1.0,True,2,1,0.7857142857142857,7
geo,0.0,7,False,7100,True,850,1.0,True,2,1,0.6,12
geo,0.0,7,False,7101,True,850,1.0,True,2,1,0.6666666666666666,12
geo,0.0,7,False,7102,True,800,1.0,True,2,1,0.8,12
geo,0.0,7,False,7103,True,850,1.0,True,2,1,0.6,12
geo,0.0,7,False,7104,True,950,1.0,True,2,1,0.4,12
geo,0.0,8,False,8100,True,800,1.0,True,2,1,0.46153846153846156,8
geo,0.0,8,False,8101,True,800,1.0,True,2,1,0.7692307692307693,8
geo,0.0,8,False,8102,True,800,1.0,True,2,1,0.7692307692307693,8
geo,0.0,8,False,8103,True,800,1.0,True,2,1,0.7692307692307693,8
geo,0.0,8,False,8104,True,800,1.0,True,2,1,0.7692307692307693,8
geo,0.0,9,False,9100,True,800,1.0,False,,1,0.8125,11
geo,0.0,9,False,9101,True,800,1.0,True,2,1,0.75,11
geo,0.0,9,False,9102,True,900,1.0,True,2,1,0.6875,11
geo,0.0,9,False,9103,True,850,1.0,False,,1,0.5625,11
geo,0.0,9,False,9104,True,850,1.0,True,2,1,0.5625,11
geo,0.0,10,False,10100,True,850,1.0,True,2,1,0.6666666666666666,10
geo,0.0,10,False,10101,True,850,1.0,True,2,1,0.6,10
geo,0.0,10,False,10102,True,800,1.0,True,2,1,0.6666666666666666,10
geo,0.0,10,False,10103,True,800,1.0,True,2,1,0.6666666666666666,10
geo,0.0,10,False,10104,True,850,1.0,True,2,1,0.4666666666666667,10
geo,0.0,11,False,11100,True,950,1.0,True,2,1,0.375,11
geo,0.0,11,False,11101,True,800,1.0,True,2,1,0.5625,11
geo,0.0,11,False,11102,True,850,1.0,True,2,1,0.75,11
geo,0.0,11,False,11103,True,950,1.0,True,2,1,0.625,11
geo,0.0,11,False,11104,True,950,1.0,True,2,1,0.625,11
geo,0.0,12,False,12100,True,800,1.0,True,2,1,0.7142857142857143,8
geo,0.0,12,False,12101,True,800,1.0,True,2,1,0.6428571428571429,8
geo,0.0,12,False,12102,True,800,1.0,True,2,1,0.6428571428571429,8
geo,0.0,12,False,12103,True,800,1.0,True,2,1,0.7142857142857143,8
geo,0.0,12,False,12104,True,800,1.0,True,2,1,0.5714285714285714,8
geo,0.0,13,False,13100,True,900,1.0,True,2,1,0.7333333333333333,10
geo,0.0,13,False,13101,True,850,1.0,True,2,1,0.4,10
geo,0.0,13,False,13102,True,800,1.0,True,2,1,0.5333333333333333,10
geo,0.0,13,False,13103,True,800,1.0,True,2,1,0.4666666666666667,10
geo,0.0,13,False,13104,True,800,1.0,True,2,1,0.7333333333333333,10
geo,0.0,14,False,14100,True,900,1.0,True,2,1,0.5294117647058824,15
geo,0.0,14,False,14101,True,800,1.0,True,2,1,0.7058823529411765,15
geo,0.0,14,False,14102,True,900,1.0,True,2,1,0.6470588235294118,15
geo,0.0,14,False,14103,True,950,1.0,True,2,1,0.47058823529411764,15
geo,0.0,14,False,14104,True,850,1.0,True,2,1,0.5882352941176471,15
geo,0.0,15,False,15100,True,800,1.0,True,3,2,0.6666666666666666,8
geo,0.0,15,False,15101,True,800,1.0,True,3,2,0.75,8
geo,0.0,15,False,15102,True,800,1.0,True,3,2,0.75,8
geo,0.0,15,False,15103,True,850,1.0,True,3,2,0.5833333333333334,8
geo,0.0,15,False,15104,True,800,1.0,True,3,2,0.75,8
geo,0.0,16,False,16100,True,800,1.0,True,2,1,0.6666666666666666,7
geo,0.0,16,False,16101,True,800,1.0,False,,1,0.8,7
geo,0.0,16,False,16102,True,800,1.0,False,,1,0.7333333333333333,7
geo,0.0,16,False,16103,True,800,1.0,False,,1,0.7333333333333333,7
geo,0.0,16,False,16104,True,800,1.0,False,,1,0.8,7
geo,0.0,17,False,17100,True,800,1.0,True,2,1,0.6,10
geo,0.0,17,False,17101,True,900,1.0,True,2,1,0.6,10
geo,0.0,17,False,17102,True,800,1.0,True,2,1,0.6,10
geo,0.0,17,False,17103,True,950,1.0,True,2,1,0.6,10
geo,0.0,17,False,17104,True,800,1.0,True,2,1,0.8,10
geo,0.0,18,False,18100,True,800,1.0,True,2,1,0.6842105263157895,19
geo,0.0,18,False,18101,True,850,1.0,True,2,1,0.7368421052631579,19
geo,0.0,18,False,18102,True,950,1.0,True,2,1,0.47368421052631576,19
geo,0.0,18,False,18103,True,800,1.0,True,2,1,0.6842105263157895,19
geo,0.0,18,False,18104,True,800,1.0,True,2,1,0.7368421052631579,19
geo,0.0,19,False,19100,True,800,1.0,True,2,1,0.7857142857142857,6
geo,0.0,19,False,19101,True,800,1.0,True,2,1,0.7857142857142857,6
geo,0.0,19,False,19102,True,800,1.0,False,,1,0.7857142857142857,6
geo,0.0,19,False,19103,True,800,1.0,True,2,1,0.7857142857142857,6
geo,0.0,19,False,19104,True,800,1.0,False,,1,0.7857142857142857,6
geo,0.0,20,False,20100,True,800,1.0,True,2,1,0.8181818181818182,4
geo,0.0,20,False,20101,True,800,1.0,True,2,1,0.6363636363636364,4
geo,0.0,20,False,20102,True,800,1.0,True,2,1,0.8181818181818182,4
geo,0.0,20,False,20103,True,800,1.0,True,2,1,0.6363636363636364,4
geo,0.0,20,False,20104,True,800,1.0,True,2,1,0.8181818181818182,4
geo,0.0,21,False,21100,True,850,1.0,True,2,1,0.7222222222222222,17
geo,0.0,21,False,21101,True,900,1.0,True,2,1,0.4444444444444444,17
geo,0.0,21,False,21102,True,850,1.0,True,2,1,0.6111111111111112,17
geo,0.0,21,False,21103,True,1050,1.0,True,2,1,0.2777777777777778,17
geo,0.0,21,False,21104,True,800,1.0,True,2,1,0.5,17
geo,0.0,22,False,22100,True,900,1.0,True,2,1,0.5294117647058824,13
geo,0.0,22,False,22101,True,800,1.0,True,2,1,0.6470588235294118,13
geo,0.0,22,False,22102,True,950,1.0,True,2,1,0.6470588235294118,13
geo,0.0,22,False,22103,True,800,1.0,True,2,1,0.6470588235294118,13
geo,0.0,22,False,22104,True,800,1.0,True,2,1,0.7058823529411765,13
geo,0.0,23,False,23100,True,850,1.0,True,2,1,0.5882352941176471,13
geo,0.0,23,False,23101,True,800,1.0,True,2,1,0.5294117647058824,13
geo,0.0,23,False,23102,True,800,1.0,True,2,1,0.5294117647058824,13
geo,0.0,23,False,23103,True,1000,1.0,True,2,1,0.4117647058823529,13
geo,0.0,23,False,23104,True,800,1.0,True,2,1,0.5882352941176471,13
geo,0.0,24,False,24100,True,800,1.0,True,2,1,0.7692307692307693,7
geo,0.0,24,False,24101,True,850,1.0,True,2,1,0.6153846153846154,7
geo,0.0,24,False,24102,True,800,1.0,True,2,1,0.7692307692307693,7
geo,0.0,24,False,24103,True,800,1.0,True,2,1,0.7692307692307693,7
geo,0.0,24,False,24104,True,800,1.0,True,2,1,0.6923076923076923,7
geo,0.0,25,False,25100,True,800,1.0,True,2,1,0.7333333333333333,10
geo,0.0,25,False,25101,True,800,1.0,True,2,1,0.4666666666666667,10
geo,0.0,25,False,25102,True,800,1.0,True,2,1,0.7333333333333333,10
geo,0.0,25,False,25103,True,800,1.0,True,2,1,0.8,10
geo,0.0,25,False,25104,True,800,1.0,True,2,1,0.7333333333333333,10
geo,0.0,26,False,26100,True,800,1.0,True,2,1,0.6470588235294118,14
geo,0.0,26,False,26101,True,800,1.0,True,2,1,0.6470588235294118,14
geo,0.0,26,False,26102,True,800,1.0,True,2,1,0.8235294117647058,14
geo,0.0,26,False,26103,True,850,1.0,True,2,1,0.5882352941176471,14
geo,0.0,26,False,26104,True,850,1.0,True,2,1,0.5294117647058824,14
geo,0.0,27,False,27100,True,800,1.0,False,,1,0.6666666666666666,9
geo,0.0,27,False,27101,True,800,1.0,False,,1,0.6,9
geo,0.0,27,False,27102,True,800,1.0,False,,1,0.6,9
geo,0.0,27,False,27103,True,800,1.0,True,2,1,0.8,9
geo,0.0,27,False,27104,True,850,1.0,False,,1,0.6666666666666666,9
geo,0.0,28,False,28100,True,800,1.0,True,2,1,0.6428571428571429,9
geo,0.0,28,False,28101,True,800,1.0,True,2,1,0.5,9
geo,0.0,28,False,28102,True,800,1.0,True,2,1,0.7142857142857143,9
geo,0.0,28,False,28103,True,800,1.0,True,2,1,0.7142857142857143,9
geo,0.0,28,False,28104,True,800,1.0,True,2,1,0.6428571428571429,9
geo,0.0,29,False,29100,True,850,1.0,True,2,1,0.6666666666666666,10
geo,0.0,29,False,29101,True,800,1.0,True,2,1,0.6666666666666666,10
geo,0.0,29,False,29102,True,800,1.0,True,2,1,0.6666666666666666,10
geo,0.0,29,False,29103,True,800,1.0,True,2,1,0.7333333333333333,10
geo,0.0,29,False,29104,True,850,1.0,True,2,1,0.4666666666666667,10
geo,0.002,0,False,100,True,1050,1.0,True,2,1,0.4666666666666667,10
geo,0.002,0,False,101,True,850,1.0,True,2,1,0.4666666666666667,10
geo,0.002,0,False,102,True,850,1.0,True,2,1,0.6666666666666666,10
geo,0.002,0,False,103,True,2800,1.0,True,2,1,0.6666666666666666,10
geo,0.002,0,False,104,True,1050,1.0,True,2,1,0.6,10
geo,0.002,1,False,1100,True,1650,1.0,True,2,1,0.75,11
geo,0.002,1,False,1101,True,2500,1.0,True,2,1,0.625,11
geo,0.002,1,False,1102,True,2250,1.0,True,2,1,0.25,11
geo,0.002,1,False,1103,True,1500,1.0,True,2,1,0.25,11
geo,0.002,1,False,1104,True,4150,1.0,True,2,1,0.6875,11
geo,0.002,2,False,2100,True,2300,1.0,True,2,1,0.375,11
geo,0.002,2,False,2101,True,800,1.0,True,2,1,0.4375,11
geo,0.002,2,False,2102,True,800,1.0,True,2,1,0.625,11
geo,0.002,2,False,2103,True,800,1.0,True,2,1,0.6875,11
geo,0.002,2,False,2104,True,2350,1.0,True,2,1,0.5,11
geo,0.002,3,False,3100,True,1350,1.0,True,2,1,0.6428571428571429,9
geo,0.002,3,False,3101,True,1450,1.0,True,2,1,0.5,9
geo,0.002,3,False,3102,True,1200,1.0,True,2,1,0.5714285714285714,9
geo,0.002,3,False,3103,True,800,1.0,True,2,1,0.6428571428571429,9
geo,0.002,3,False,3104,True,3350,1.0,True,2,1,0.7857142857142857,9
geo,0.002,4,False,4100,True,800,1.0,True,2,1,0.75,3
geo,0.002,4,False,4101,True,750,1.0,False,,1,0.9166666666666666,3
geo,0.002,4,False,4102,True,800,1.0,True,2,1,0.5833333333333334,3
geo,0.002,4,False,4103,True,750,1.0,True,2,1,0.75,3
geo,0.002,4,False,4104,True,750,1.0,True,2,1,0.75,3
geo,0.002,5,False,5100,True,850,1.0,True,2,1,0.6428571428571429,9
geo,0.002,5,False,5101,True,800,1.0,True,2,1,0.6428571428571429,9
geo,0.002,5,False,5102,True,900,1.0,True,2,1,0.5,9
geo,0.002,5,False,5103,True,1250,1.0,True,2,1,0.5714285714285714,9
geo,0.002,5,False,5104,True,800,1.0,True,2,1,0.7857142857142857,9
geo,0.002,6,False,6100,True,800,1.0,True,2,1,0.7857142857142857,7
geo,0.002,6,False,6101,True,2000,1.0,True,2,1,0.5714285714285714,7
geo,0.002,6,False,6102,True,1200,1.0,True,2,1,0.7857142857142857,7
geo,0.002,6,False,6103,True,800,1.0,False,,1,0.7142857142857143,7
geo,0.002,6,False,6104,True,1850,1.0,True,2,1,0.5,7
geo,0.002,7,False,7100,True,1750,1.0,True,2,1,0.4666666666666667,12
geo,0.002,7,False,7101,True,1400,1.0,True,2,1,0.4666666666666667,12
geo,0.002,7,False,7102,True,950,1.0,True,2,1,0.6666666666666666,12
geo,0.002,7,False,7103,True,850,1.0,True,2,1,0.6666666666666666,12
geo,0.002,7,False,7104,True,2150,1.0,True,2,1,0.7333333333333333,12
geo,0.002,8,False,8100,True,800,1.0,True,2,1,0.46153846153846156,8
geo,0.002,8,False,8101,True,800,1.0,True,2,1,0.6153846153846154,8
geo,0.002,8,False,8102,True,1300,1.0,True,2,1,0.6923076923076923,8
geo,0.002,8,False,8103,True,800,1.0,True,2,1,0.7692307692307693,8
geo,0.002,8,False,8104,True,800,1.0,True,2,1,0.7692307692307693,8
geo,0.002,9,False,9100,True,800,1.0,False,,1,0.8125,11
geo,0.002,9,False,9101,True,1150,1.0,True,2,1,0.625,11
geo,0.002,9,False,9102,True,1700,1.0,True,2,1,0.5625,11
geo,0.002,9,False,9103,True,850,1.0,False,,1,0.5625,11
geo,0.002,9,False,9104,True,800,1.0,False,,1,0.75,11
geo,0.002,10,False,10100,True,850,1.0,True,2,1,0.6666666666666666,10
geo,0.002,10,False,10101,True,850,1.0,True,2,1,0.6,10
geo,0.002,10,False,10102,True,1000,1.0,True,1,1,0.4666666666666667,10
geo,0.002,10,False,10103,True,1200,1.0,True,2,1,0.6,10
geo,0.002,10,False,10104,True,1950,1.0,True,2,1,0.4666666666666667,10
geo,0.002,11,False,11100,True,950,1.0,True,2,1,0.375,11
geo,0.002,11,False,11101,True,1800,1.0,True,2,1,0.3125,11
geo,0.002,11,False,11102,True,850,1.0,True,2,1,0.75,11
geo,0.002,11,False,11103,True,1100,1.0,True,2,1,0.625,11
geo,0.002,11,False,11104,True,950,1.0,True,2,1,0.625,11
geo,0.002,12,False,12100,True,1050,1.0,True,2,1,0.5,8
geo,0.002,12,False,12101,True,800,1.0,True,2,1,0.7142857142857143,8
geo,0.002,12,False,12102,True,800,1.0,True,2,1,0.6428571428571429,8
geo,0.002,12,False,12103,True,800,1.0,True,2,1,0.7142857142857143,8
geo,0.002,12,False,12104,True,1500,1.0,True,2,1,0.5,8
geo,0.002,13,False,13100,True,1350,1.0,True,2,1,0.7333333333333333,10
geo,0.002,13,False,13101,True,2000,1.0,True,2,1,0.6666666666666666,10
geo,0.002,13,False,13102,True,1500,1.0,True,2,1,0.5333333333333333,10
geo,0.002,13,False,13103,True,800,1.0,True,2,1,0.4666666666666667,10
geo,0.002,13,False,13104,True,1400,1.0,True,2,1,0.4,10
geo,0.002,14,False,14100,True,1700,1.0,True,2,1,0.5882352941176471,15
geo,0.002,14,False,14101,True,1000,1.0,True,2,1,0.47058823529411764,15
geo,0.002,14,False,14102,True,1100,1.0,True,2,1,0.5294117647058824,15
geo,0.002,14,False,14103,True,950,1.0,True,2,1,0.47058823529411764,15
geo,0.002,14,False,14104,True,1400,1.0,True,2,1,0.5882352941176471,15
geo,0.002,15,False,15100,True,1200,1.0,True,3,2,0.5833333333333334,8
geo,0.002,15,False,15101,True,800,1.0,True,3,2,0.5,8
geo,0.002,15,False,15102,True,800,1.0,True,3,2,0.75,8
geo,0.002,15,False,15103,True,850,1.0,True,3,2,0.5833333333333334,8
geo,0.002,15,False,15104,True,1250,1.0,True,3,2,0.5833333333333334,8
geo,0.002,16,False,16100,True,800,1.0,True,2,1,0.7333333333333333,7
geo,0.002,16,False,16101,True,900,1.0,False,,1,0.4,7
geo,0.002,16,False,16102,True,800,1.0,False,,1,0.7333333333333333,7
geo,0.002,16,False,16103,True,800,1.0,False,,1,0.7333333333333333,7
geo,0.002,16,False,16104,True,1800,1.0,True,2,1,0.7333333333333333,7
geo,0.002,17,False,17100,True,800,1.0,True,2,1,0.6,10
geo,0.002,17,False,17101,True,850,1.0,True,2,1,0.5333333333333333,10
geo,0.002,17,False,17102,True,1250,1.0,True,2,1,0.4666666666666667,10
geo,0.002,17,False,17103,True,1650,1.0,True,2,1,0.4666666666666667,10
geo,0.002,17,False,17104,True,800,1.0,True,2,1,0.8,10
geo,0.002,18,False,18100,True,4050,1.0,True,2,1,0.5789473684210527,19
geo,0.002,18,False,18101,True,900,1.0,True,2,1,0.42105263157894735,19
geo,0.002,18,False,18102,True,950,1.0,True,2,1,0.47368421052631576,19
geo,0.002,18,False,18103,True,800,1.0,True,2,1,0.6842105263157895,19
geo,0.002,18,False,18104,True,800,1.0,True,2,1,0.7368421052631579,19
geo,0.002,19,False,19100,True,800,1.0,False,,1,0.6428571428571429,6
geo,0.002,19,False,19101,True,1650,1.0,False,,1,0.5,6
geo,0.002,19,False,19102,True,800,1.0,False,,1,0.7857142857142857,6
geo,0.002,19,False,19103,True,1450,1.0,True,2,1,0.7857142857142857,6
geo,0.002,19,False,19104,True,800,1.0,False,,1,0.7857142857142857,6
geo,0.002,20,False,20100,True,800,1.0,True,2,1,0.6363636363636364,4
geo,0.002,20,False,20101,True,1600,1.0,True,2,1,0.6363636363636364,4
geo,0.002,20,False,20102,True,800,1.0,True,2,1,0.8181818181818182,4
geo,0.002,20,False,20103,True,800,1.0,True,2,1,0.45454545454545453,4
geo,0.002,20,False,20104,True,800,1.0,True,2,1,0.8181818181818182,4
geo,0.002,21,False,21100,True,850,1.0,True,2,1,0.7222222222222222,17
geo,0.002,21,False,21101,True,1150,1.0,True,2,1,0.5555555555555556,17
geo,0.002,21,False,21102,True,850,1.0,True,2,1,0.6111111111111112,17
geo,0.002,21,False,21103,True,1850,1.0,True,2,1,0.6666666666666666,17
geo,0.002,21,False,21104,True,800,1.0,True,2,1,0.5,17
geo,0.002,22,False,22100,True,900,1.0,True,2,1,0.5294117647058824,13
geo,0.002,22,False,22101,True,800,1.0,True,2,1,0.6470588235294118,13
geo,0.002,22,False,22102,True,950,1.0,True,2,1,0.6470588235294118,13
geo,0.002,22,False,22103,True,800,1.0,True,2,1,0.6470588235294118,13
geo,0.002,22,False,22104,True,1000,1.0,True,2,1,0.6470588235294118,13
geo,0.002,23,False,23100,True,1550,1.0,True,2,1,0.5882352941176471,13
geo,0.002,23,False,23101,True,1400,1.0,True,2,1,0.5294117647058824,13
geo,0.002,23,False,23102,True,1100,1.0,True,2,1,0.6470588235294118,13
geo,0.002,23,False,23103,True,2700,1.0,True,2,1,0.4117647058823529,13
geo,0.002,23,False,23104,True,2700,1.0,True,2,1,0.6470588235294118,13
geo,0.002,24,False,24100,True,800,1.0,True,2,1,0.6923076923076923,7
geo,0.002,24,False,24101,True,850,1.0,True,2,1,0.6153846153846154,7
geo,0.002,24,False,24102,True,800,1.0,True,2,1,0.6153846153846154,7
geo,0.002,24,False,24103,True,1550,1.0,True,2,1,0.3076923076923077,7
geo,0.002,24,False,24104,True,800,1.0,True,2,1,0.6923076923076923,7
geo,0.002,25,False,25100,True,800,1.0,True,2,1,0.7333333333333333,10
geo,0.002,25,False,25101,True,1050,1.0,True,2,1,0.4666666666666667,10
geo,0.002,25,False,25102,True,1200,1.0,True,2,1,0.4666666666666667,10
geo,0.002,25,False,25103,True,2350,1.0,True,2,1,0.5333333333333333,10
geo,0.002,25,False,25104,True,800,1.0,True,2,1,0.7333333333333333,10
geo,0.002,26,False,26100,True,950,1.0,True,2,1,0.4117647058823529,14
geo,0.002,26,False,26101,True,800,1.0,True,2,1,0.6470588235294118,14
geo,0.002,26,False,26102,True,1450,1.0,True,2,1,0.5882352941176471,14
geo,0.002,26,False,26103,True,2100,1.0,True,2,1,0.5882352941176471,14
geo,0.002,26,False,26104,True,1850,1.0,True,2,1,0.5294117647058824,14
geo,0.002,27,False,27100,True,1600,1.0,False,,1,0.6666666666666666,9
geo,0.002,27,False,27101,True,800,1.0,False,,1,0.6,9
geo,0.002,27,False,27102,True,2100,1.0,True,2,1,0.6666666666666666,9
geo,0.002,27,False,27103,True,800,1.0,True,2,1,0.8,9
geo,0.002,27,False,27104,True,950,1.0,False,,1,0.6,9
geo,0.002,28,False,28100,True,800,1.0,True,2,1,0.6428571428571429,9
geo,0.002,28,False,28101,True,800,1.0,True,2,1,0.5,9
geo,0.002,28,False,28102,True,2100,1.0,True,2,1,0.5,9
geo,0.002,28,False,28103,True,800,1.0,True,2,1,0.6428571428571429,9
geo,0.002,28,False,28104,True,800,1.0,True,2,1,0.6428571428571429,9
geo,0.002,29,False,29100,True,850,1.0,True,2,1,0.4666666666666667,10
geo,0.002,29,False,29101,True,800,1.0,True,2,1,0.6666666666666666,10
geo,0.002,29,False,29102,True,1600,1.0,True,2,1,0.4666666666666667,10
geo,0.002,29,False,29103,True,800,1.0,True,2,1,0.7333333333333333,10
geo,0.002,29,False,29104,True,1250,1.0,True,2,1,0.5333333333333333,10
geo,0.005,0,False,100,True,1500,1.0,True,2,1,0.4666666666666667,10
geo,0.005,0,False,101,True,1400,1.0,True,2,1,0.8,10
geo,0.005,0,False,102,True,850,1.0,True,2,1,0.7333333333333333,10
geo,0.005,0,False,103,True,6700,1.0,True,2,1,0.5333333333333333,10
geo,0.005,0,False,104,True,1050,1.0,True,2,1,0.6,10
geo,0.005,1,False,1100,True,1900,1.0,True,2,1,0.375,11
geo,0.005,1,False,1101,True,3100,1.0,True,2,1,0.375,11
geo,0.005,1,False,1102,True,2650,1.0,True,2,1,0.5,11
geo,0.005,1,False,1103,True,1500,1.0,True,2,1,0.625,11
geo,0.005,1,False,1104,True,5500,1.0,True,2,1,0.375,11
geo,0.005,2,False,2100,True,2900,1.0,True,2,1,0.375,11
geo,0.005,2,False,2101,True,1100,1.0,True,2,1,0.4375,11
geo,0.005,2,False,2102,True,4900,1.0,True,2,1,0.5,11
geo,0.005,2,False,2103,True,800,1.0,True,2,1,0.6875,11
geo,0.005,2,False,2104,True,2350,1.0,True,2,1,0.6875,11
geo,0.005,3,False,3100,True,1350,1.0,True,2,1,0.7857142857142857,9
geo,0.005,3,False,3101,True,1150,1.0,True,2,1,0.5,9
geo,0.005,3,False,3102,True,2450,1.0,True,1,1,0.6428571428571429,9
geo,0.005,3,False,3103,True,800,1.0,True,2,1,0.6428571428571429,9
geo,0.005,3,False,3104,True,4800,1.0,True,2,1,0.42857142857142855,9
geo,0.005,4,False,4100,True,800,1.0,True,2,1,0.75,3
geo,0.005,4,False,4101,True,750,1.0,False,,1,0.75,3
geo,0.005,4,False,4102,True,800,1.0,False,,1,0.75,3
geo,0.005,4,False,4103,True,750,1.0,True,2,1,0.75,3
geo,0.005,4,False,4104,True,750,1.0,True,2,1,0.75,3
geo,0.005,5,False,5100,True,2100,1.0,True,2,1,0.6428571428571429,9
geo,0.005,5,False,5101,True,1950,1.0,True,2,1,0.5714285714285714,9
geo,0.005,5,False,5102,True,1250,1.0,True,2,1,0.42857142857142855,9
geo,0.005,5,False,5103,True,3400,1.0,True,2,1,0.21428571428571427,9
geo,0.005,5,False,5104,True,850,1.0,True,2,1,0.6428571428571429,9
geo,0.005,6,False,6100,True,800,1.0,True,2,1,0.7857142857142857,7
geo,0.005,6,False,6101,True,2600,1.0,False,,1,0.5,7
geo,0.005,6,False,6102,True,2550,1.0,False,,1,0.7857142857142857,7
geo,0.005,6,False,6103,True,1050,1.0,True,2,1,0.5,7
geo,0.005,6,False,6104,True,1700,1.0,True,2,1,0.5714285714285714,7
geo,0.005,7,False,7100,True,4000,1.0,True,2,1,0.4666666666666667,12
geo,0.005,7,False,7101,True,1350,1.0,True,2,1,0.3333333333333333,12
geo,0.005,7,False,7102,True,950,1.0,True,2,1,0.6666666666666666,12
geo,0.005,7,False,7103,True,1550,1.0,True,2,1,0.4666666666666667,12
geo,0.005,7,False,7104,True,4700,1.0,True,2,1,0.4666666666666667,12
geo,0.005,8,False,8100,True,800,1.0,True,2,1,0.7692307692307693,8
geo,0.005,8,False,8101,True,800,1.0,True,2,1,0.6923076923076923,8
geo,0.005,8,False,8102,True,2250,1.0,True,2,1,0.6153846153846154,8
geo,0.005,8,False,8103,True,1250,1.0,True,2,1,0.6153846153846154,8
geo,0.005,8,False,8104,True,4000,1.0,True,2,1,0.5384615384615384,8
geo,0.005,9,False,9100,True,800,1.0,False,,1,0.8125,11
geo,0.005,9,False,9101,True,1500,1.0,True,2,1,0.3125,11
geo,0.005,9,False,9102,True,2350,1.0,True,2,1,0.75,11
geo,0.005,9,False,9103,True,850,1.0,False,,1,0.625,11
geo,0.005,9,False,9104,True,5050,1.0,True,2,1,0.6875,11
geo,0.005,10,False,10100,True,8950,1.0,True,2,1,0.4666666666666667,10
geo,0.005,10,False,10101,True,1150,1.0,True,2,1,0.4666666666666667,10
geo,0.005,10,False,10102,True,2100,1.0,True,2,1,0.5333333333333333,10
geo,0.005,10,False,10103,True,9400,1.0,True,2,1,0.5333333333333333,10
geo,0.005,10,False,10104,True,3400,1.0,True,2,1,0.6,10
geo,0.005,11,False,11100,True,950,1.0,True,2,1,0.625,11
geo,0.005,11,False,11101,True,6650,1.0,True,2,1,0.5625,11
geo,0.005,11,False,11102,True,3500,1.0,True,2,1,0.375,11
geo,0.005,11,False,11103,True,4700,1.0,True,2,1,0.625,11
geo,0.005,11,False,11104,True,1850,1.0,True,2,1,0.375,11
geo,0.005,12,False,12100,True,1050,1.0,True,2,1,0.5,8
geo,0.005,12,False,12101,True,1250,1.0,True,2,1,0.7142857142857143,8
geo,0.005,12,False,12102,True,800,1.0,True,2,1,0.6428571428571429,8
geo,0.005,12,False,12103,True,2150,1.0,True,2,1,0.7142857142857143,8
geo,0.005,12,False,12104,True,2500,1.0,True,2,1,0.7142857142857143,8
geo,0.005,13,False,13100,True,1200,1.0,True,2,1,0.6666666666666666,10
geo,0.005,13,False,13101,True,3150,1.0,True,2,1,0.2,10
geo,0.005,13,False,13102,True,1500,1.0,True,2,1,0.7333333333333333,10
geo,0.005,13,False,13103,True,1800,1.0,True,2,1,0.6666666666666666,10
geo,0.005,13,False,13104,True,1400,1.0,True,2,1,0.3333333333333333,10
geo,0.005,14,False,14100,True,1700,1.0,True,2,1,0.47058823529411764,15
geo,0.005,14,False,14101,True,13000,1.0,True,2,1,0.23529411764705882,15
geo,0.005,14,False,14102,True,1050,1.0,True,2,1,0.5294117647058824,15
geo,0.005,14,False,14103,True,2100,1.0,True,2,1,0.5882352941176471,15
geo,0.005,14,False,14104,True,1400,1.0,True,2,1,0.6470588235294118,15
geo,0.005,15,False,15100,True,1200,1.0,True,3,2,0.5,8
geo,0.005,15,False,15101,True,800,1.0,True,3,2,0.5,8
geo,0.005,15,False,15102,True,800,1.0,True,3,2,0.3333333333333333,8
geo,0.005,15,False,15103,True,2300,1.0,True,3,2,0.6666666666666666,8
geo,0.005,15,False,15104,True,1750,1.0,True,3,2,0.5,8
geo,0.005,16,False,16100,True,800,1.0,True,2,1,0.6666666666666666,7
geo,0.005,16,False,16101,True,3850,1.0,False,,1,0.4666666666666667,7
geo,0.005,16,False,16102,True,1600,1.0,False,,1,0.6,7
geo,0.005,16,False,16103,True,1150,1.0,False,,1,0.6,7
geo,0.005,16,False,16104,True,1800,1.0,True,2,1,0.5333333333333333,7
geo,0.005,17,False,17100,True,2950,1.0,True,2,1,0.5333333333333333,10
geo,0.005,17,False,17101,True,2700,1.0,True,2,1,0.4,10
geo,0.005,17,False,17102,True,1350,1.0,True,2,1,0.4666666666666667,10
geo,0.005,17,False,17103,True,2100,1.0,True,2,1,0.4666666666666667,10
geo,0.005,17,False,17104,True,800,1.0,True,2,1,0.8,10
geo,0.005,18,False,18100,True,4000,1.0,True,2,1,0.5789473684210527,19
geo,0.005,18,False,18101,True,1700,1.0,True,2,1,0.47368421052631576,19
geo,0.005,18,False,18102,True,1500,1.0,True,2,1,0.5789473684210527,19
geo,0.005,18,False,18103,True,800,1.0,True,2,1,0.6842105263157895,19
geo,0.005,18,False,18104,True,1650,1.0,True,2,1,0.47368421052631576,19
geo,0.005,19,False,19100,True,800,1.0,False,,1,0.6428571428571429,6
geo,0.005,19,False,19101,True,1650,1.0,False,,1,0.7857142857142857,6
geo,0.005,19,False,19102,True,1650,1.0,False,,1,0.6428571428571429,6
geo,0.005,19,False,19103,True,1050,1.0,True,2,1,0.7857142857142857,6
geo,0.005,19,False,19104,True,1150,1.0,False,,1,0.6428571428571429,6
geo,0.005,20,False,20100,True,1650,1.0,True,2,1,0.45454545454545453,4
geo,0.005,20,False,20101,True,1600,1.0,True,2,1,0.8181818181818182,4
geo,0.005,20,False,20102,True,1350,1.0,True,2,1,0.45454545454545453,4
geo,0.005,20,False,20103,True,950,1.0,True,2,1,0.6363636363636364,4
geo,0.005,20,False,20104,True,800,1.0,True,2,1,0.6363636363636364,4
geo,0.005,21,False,21100,True,850,1.0,True,2,1,0.7222222222222222,17
geo,0.005,21,False,21101,True,1350,1.0,True,2,1,0.6666666666666666,17
geo,0.005,21,False,21102,True,3400,1.0,True,2,1,0.5,17
geo,0.005,21,False,21103,True,2250,1.0,True,2,1,0.5,17
geo,0.005,21,False,21104,True,1750,1.0,True,2,1,0.4444444444444444,17
geo,0.005,22,False,22100,True,2650,1.0,True,2,1,0.5294117647058824,13
geo,0.005,22,False,22101,True,800,1.0,True,2,1,0.6470588235294118,13
geo,0.005,22,False,22102,True,2100,1.0,True,2,1,0.5294117647058824,13
geo,0.005,22,False,22103,True,2700,1.0,True,2,1,0.6470588235294118,13
geo,0.005,22,False,22104,True,1000,1.0,True,2,1,0.6470588235294118,13
geo,0.005,23,False,23100,True,2100,1.0,True,2,1,0.4117647058823529,13
geo,0.005,23,False,23101,True,4850,1.0,True,2,1,0.29411764705882354,13
geo,0.005,23,False,23102,True,1150,1.0,True,2,1,0.6470588235294118,13
geo,0.005,23,False,23103,True,6300,1.0,True,2,1,0.4117647058823529,13
geo,0.005,23,False,23104,True,2700,1.0,True,2,1,0.6470588235294118,13
geo,0.005,24,False,24100,True,1050,1.0,True,2,1,0.6923076923076923,7
geo,0.005,24,False,24101,True,1600,1.0,True,2,1,0.6153846153846154,7
geo,0.005,24,False,24102,True,800,1.0,True,2,1,0.5384615384615384,7
geo,0.005,24,False,24103,True,2650,1.0,True,2,1,0.7692307692307693,7
geo,0.005,24,False,24104,True,800,1.0,True,2,1,0.6923076923076923,7
geo,0.005,25,False,25100,True,4550,1.0,True,2,1,0.4,10
geo,0.005,25,False,25101,True,1100,1.0,True,2,1,0.4,10
geo,0.005,25,False,25102,True,2350,1.0,True,2,1,0.6,10
geo,0.005,25,False,25103,True,2350,1.0,True,2,1,0.4,10
geo,0.005,25,False,25104,True,800,1.0,True,2,1,0.7333333333333333,10
geo,0.005,26,False,26100,True,1250,1.0,True,2,1,0.5294117647058824,14
geo,0.005,26,False,26101,True,5500,1.0,True,2,1,0.6470588235294118,14
geo,0.005,26,False,26102,True,7550,1.0,True,2,1,0.5294117647058824,14
geo,0.005,26,False,26103,True,3050,1.0,True,2,1,0.5882352941176471,14
geo,0.005,26,False,26104,True,2600,1.0,True,2,1,0.5294117647058824,14
geo,0.005,27,False,27100,True,1950,1.0,False,,1,0.2,9
geo,0.005,27,False,27101,True,950,1.0,True,2,1,0.4666666666666667,9
geo,0.005,27,False,27102,True,10550,1.0,False,,1,0.4666666666666667,9
geo,0.005,27,False,27103,True,850,1.0,False,,1,0.6,9
geo,0.005,27,False,27104,True,1700,1.0,False,,1,0.6,9
geo,0.005,28,False,28100,True,800,1.0,True,2,1,0.6428571428571429,9
geo,0.005,28,False,28101,True,800,1.0,True,2,1,0.5,9
geo,0.005,28,False,28102,True,2650,1.0,True,2,1,0.7142857142857143,9
geo,0.005,28,False,28103,True,950,1.0,True,2,1,0.5714285714285714,9
geo,0.005,28,False,28104,True,3550,1.0,True,2,1,0.42857142857142855,9
geo,0.005,29,False,29100,True,850,1.0,True,2,1,0.4666666666666667,10
geo,0.005,29,False,29101,True,2300,1.0,True,2,1,0.4,10
geo,0.005,29,False,29102,True,1600,1.0,True,2,1,0.4666666666666667,10
geo,0.005,29,False,29103,True,1350,1.0,True,2,1,0.2,10
geo,0.005,29,False,29104,True,1500,1.0,True,2,1,0.5333333333333333,10
geo,0.01,0,False,100,True,9000,1.0,True,2,1,0.3333333333333333,10
geo,0.01,0,False,101,True,4350,1.0,True,2,1,0.4666666666666667,10
geo,0.01,0,False,102,True,5900,1.0,True,2,1,0.6,10
geo,0.01,0,False,103,True,16400,1.0,True,2,1,0.4666666666666667,10
geo,0.01,0,False,104,True,23650,1.0,True,2,1,0.5333333333333333,10
geo,0.01,1,False,1100,True,1700,1.0,True,2,1,0.1875,11
geo,0.01,1,False,1101,True,21900,1.0,True,2,1,0.625,11
geo,0.01,1,False,1102,True,5200,1.0,True,2,1,0.625,11
geo,0.01,1,False,1103,True,28500,1.0,True,2,1,0.25,11
geo,0.01,1,False,1104,False,39999,1.0,True,2,1,0.6875,11
geo,0.01,2,False,2100,True,6750,1.0,True,2,1,0.375,11
geo,0.01,2,False,2101,True,2050,1.0,True,2,1,0.5,11
geo,0.01,2,False,2102,False,39999,1.0,True,2,1,0.375,11
geo,0.01,2,False,2103,True,25450,1.0,True,2,1,0.5,11
geo,0.01,2,False,2104,True,5300,1.0,True,2,1,0.5,11
geo,0.01,3,False,3100,True,16100,1.0,True,2,1,0.42857142857142855,9
geo,0.01,3,False,3101,True,1150,1.0,True,2,1,0.2857142857142857,9
geo,0.01,3,False,3102,True,7300,1.0,True,2,1,0.42857142857142855,9
geo,0.01,3,False,3103,True,7700,1.0,True,2,1,0.5,9
geo,0.01,3,False,3104,True,4800,1.0,True,2,1,0.5,9
geo,0.01,4,False,4100,True,800,1.0,True,2,1,0.75,3
geo,0.01,4,False,4101,True,1000,1.0,True,2,1,0.5833333333333334,3
geo,0.01,4,False,4102,True,1100,1.0,True,2,1,0.75,3
geo,0.01,4,False,4103,True,750,1.0,True,2,1,0.75,3
geo,0.01,4,False,4104,True,750,1.0,True,2,1,0.75,3
geo,0.01,5,False,5100,True,6250,1.0,True,2,1,0.42857142857142855,9
geo,0.01,5,False,5101,True,1650,1.0,True,2,1,0.42857142857142855,9
geo,0.01,5,False,5102,True,2800,1.0,True,2,1,0.5714285714285714,9
geo,0.01,5,False,5103,True,10700,1.0,True,2,1,0.5714285714285714,9
geo,0.01,5,False,5104,True,2000,1.0,True,2,1,0.5714285714285714,9
geo,0.01,6,False,6100,True,1800,1.0,False,,1,0.5714285714285714,7
geo,0.01,6,False,6101,True,2600,1.0,False,,1,0.35714285714285715,7
geo,0.01,6,False,6102,True,3150,1.0,True,2,1,0.5714285714285714,7
geo,0.01,6,False,6103,True,4050,1.0,True,2,1,0.5,7
geo,0.01,6,False,6104,True,2550,1.0,True,2,1,0.5,7
geo,0.01,7,False,7100,True,3850,1.0,True,2,1,0.6666666666666666,12
geo,0.01,7,False,7101,True,3300,1.0,True,2,1,0.7333333333333333,12
geo,0.01,7,False,7102,True,3000,1.0,True,2,1,0.5333333333333333,12
geo,0.01,7,False,7103,True,5300,1.0,True,2,1,0.6666666666666666,12
geo,0.01,7,False,7104,True,2100,1.0,True,2,1,0.7333333333333333,12
geo,0.01,8,False,8100,True,2000,1.0,True,2,1,0.46153846153846156,8
geo,0.01,8,False,8101,True,800,1.0,True,2,1,0.6923076923076923,8
geo,0.01,8,False,8102,True,2500,1.0,True,2,1,0.6153846153846154,8
geo,0.01,8,False,8103,True,9050,1.0,True,2,1,0.3076923076923077,8
geo,0.01,8,False,8104,True,7350,1.0,True,2,1,0.6153846153846154,8
geo,0.01,9,False,9100,True,9700,1.0,True,2,1,0.75,11
geo,0.01,9,False,9101,True,1650,1.0,False,,1,0.6875,11
geo,0.01,9,False,9102,True,7250,1.0,True,2,1,0.5,11
geo,0.01,9,False,9103,True,850,1.0,False,,1,0.75,11
geo,0.01,9,False,9104,True,5000,1.0,True,2,1,0.4375,11
geo,0.01,10,False,10100,True,10800,1.0,True,2,1,0.6666666666666666,10
geo,0.01,10,False,10101,True,2950,1.0,True,2,1,0.5333333333333333,10
geo,0.01,10,False,10102,True,16550,1.0,True,2,1,0.6666666666666666,10
geo,0.01,10,False,10103,True,24600,1.0,True,2,1,0.5333333333333333,10
geo,0.01,10,False,10104,True,8950,1.0,True,2,1,0.6,10
geo,0.01,11,False,11100,True,9200,1.0,True,2,1,0.625,11
geo,0.01,11,False,11101,True,31100,1.0,True,2,1,0.4375,11
geo,0.01,11,False,11102,True,19650,1.0,True,2,1,0.5625,11
geo,0.01,11,False,11103,True,6150,1.0,True,2,1,0.5,11
geo,0.01,11,False,11104,True,12550,1.0,True,2,1,0.5625,11
geo,0.01,12,False,12100,True,1150,1.0,True,2,1,0.7142857142857143,8
geo,0.01,12,False,12101,True,3550,1.0,True,2,1,0.6428571428571429,8
geo,0.01,12,False,12102,True,9800,1.0,True,2,1,0.5714285714285714,8
geo,0.01,12,False,12103,True,5800,1.0,True,2,1,0.42857142857142855,8
geo,0.01,12,False,12104,True,1750,1.0,True,2,1,0.5714285714285714,8
geo,0.01,13,False,13100,True,3200,1.0,True,2,1,0.6,10
geo,0.01,13,False,13101,True,15000,1.0,True,1,1,0.5333333333333333,10
geo,0.01,13,False,13102,True,8150,1.0,True,2,1,0.4,10
geo,0.01,13,False,13103,True,5700,1.0,True,2,1,0.5333333333333333,10
geo,0.01,13,False,13104,True,12900,1.0,True,2,1,0.6666666666666666,10
geo,0.01,14,False,14100,True,5050,1.0,True,2,1,0.7058823529411765,15
geo,0.01,14,False,14101,True,3050,1.0,True,2,1,0.47058823529411764,15
geo,0.01,14,False,14102,True,20050,1.0,True,2,1,0.17647058823529413,15
geo,0.01,14,False,14103,True,10050,1.0,True,2,1,0.5882352941176471,15
geo,0.01,14,False,14104,True,3950,1.0,True,2,1,0.5294117647058824,15
geo,0.01,15,False,15100,True,1100,1.0,True,3,2,0.5833333333333334,8
geo,0.01,15,False,15101,True,3500,1.0,True,3,2,0.3333333333333333,8
geo,0.01,15,False,15102,True,10450,1.0,True,3,2,0.5833333333333334,8
geo,0.01,15,False,15103,True,2550,1.0,True,3,2,0.5,8
geo,0.01,15,False,15104,True,5400,1.0,True,3,2,0.5,8
geo,0.01,16,False,16100,True,3550,1.0,True,2,1,0.6,7
geo,0.01,16,False,16101,True,2250,1.0,False,,1,0.4,7
geo,0.01,16,False,16102,True,8800,1.0,False,,1,0.6666666666666666,7
geo,0.01,16,False,16103,True,2600,1.0,False,,1,0.7333333333333333,7
geo,0.01,16,False,16104,True,1350,1.0,True,2,1,0.6666666666666666,7
geo,0.01,17,False,17100,True,21950,1.0,True,2,1,0.6666666666666666,10
geo,0.01,17,False,17101,False,39999,0.9,False,,1,0.26666666666666666,10
geo,0.01,17,False,17102,True,1350,1.0,True,2,1,0.6,10
geo,0.01,17,False,17103,True,5100,1.0,True,2,1,0.6,10
geo,0.01,17,False,17104,True,5750,1.0,True,2,1,0.4,10
geo,0.01,18,False,18100,True,3950,1.0,True,2,1,0.47368421052631576,19
geo,0.01,18,False,18101,True,37500,1.0,True,2,1,0.5789473684210527,19
geo,0.01,18,False,18102,True,3800,1.0,True,2,1,0.5789473684210527,19
geo,0.01,18,False,18103,False,39999,0.9473684210526315,False,,1,0.5263157894736842,19
geo,0.01,18,False,18104,True,7500,1.0,True,2,1,0.47368421052631576,19
geo,0.01,19,False,19100,True,800,1.0,False,,1,0.7857142857142857,6
geo,0.01,19,False,19101,True,2000,1.0,False,,1,0.6428571428571429,6
geo,0.01,19,False,19102,True,2150,1.0,False,,1,0.5,6
geo,0.01,19,False,19103,True,4050,1.0,False,,1,0.5,6
geo,0.01,19,False,19104,True,3250,1.0,False,,1,0.7857142857142857,6
geo,0.01,20,False,20100,True,900,1.0,True,2,1,0.8181818181818182,4
geo,0.01,20,False,20101,True,1750,1.0,True,2,1,0.45454545454545453,4
geo,0.01,20,False,20102,True,1350,1.0,True,2,1,0.45454545454545453,4
geo,0.01,20,False,20103,True,1300,1.0,True,2,1,0.45454545454545453,4
geo,0.01,20,False,20104,True,800,1.0,True,2,1,0.8181818181818182,4
geo,0.01,21,False,21100,True,11250,1.0,True,2,1,0.6666666666666666,17
geo,0.01,21,False,21101,False,39999,0.7647058823529411,False,,1,0.4444444444444444,17
geo,0.01,21,False,21102,True,5500,1.0,True,2,1,0.5,17
geo,0.01,21,False,21103,True,2250,1.0,True,2,1,0.4444444444444444,17
geo,0.01,21,False,21104,True,6950,1.0,True,2,1,0.6111111111111112,17
geo,0.01,22,False,22100,True,5300,1.0,True,2,1,0.5294117647058824,13
geo,0.01,22,False,22101,True,24000,1.0,True,2,1,0.5294117647058824,13
geo,0.01,22,False,22102,True,17700,1.0,True,2,1,0.5294117647058824,13
geo,0.01,22,False,22103,False,39999,1.0,True,2,1,0.6470588235294118,13
geo,0.01,22,False,22104,True,9500,1.0,True,2,1,0.6470588235294118,13
geo,0.01,23,False,23100,True,12500,1.0,True,2,1,0.5882352941176471,13
geo,0.01,23,False,23101,True,15150,1.0,True,2,1,0.6470588235294118,13
geo,0.01,23,False,23102,True,16950,1.0,True,2,1,0.47058823529411764,13
geo,0.01,23,False,23103,True,23350,1.0,True,2,1,0.5294117647058824,13
geo,0.01,23,False,23104,True,18600,1.0,True,2,1,0.47058823529411764,13
geo,0.01,24,False,24100,True,5600,1.0,True,2,1,0.6923076923076923,7
geo,0.01,24,False,24101,True,4450,1.0,True,2,1,0.6153846153846154,7
geo,0.01,24,False,24102,True,7450,1.0,True,2,1,0.6923076923076923,7
geo,0.01,24,False,24103,True,950,1.0,True,2,1,0.5384615384615384,7
geo,0.01,24,False,24104,True,2100,1.0,True,2,1,0.6153846153846154,7
geo,0.01,25,False,25100,True,23850,1.0,True,2,1,0.6666666666666666,10
geo,0.01,25,False,25101,True,10850,1.0,True,2,1,0.3333333333333333,10
geo,0.01,25,False,25102,True,7450,1.0,True,2,1,0.6666666666666666,10
geo,0.01,25,False,25103,True,2350,1.0,True,2,1,0.5333333333333333,10
geo,0.01,25,False,25104,True,4250,1.0,True,2,1,0.5333333333333333,10
geo,0.01,26,False,26100,True,12450,1.0,True,2,1,0.6470588235294118,14
geo,0.01,26,False,26101,True,12250,1.0,True,2,1,0.5882352941176471,14
geo,0.01,26,False,26102,True,19450,1.0,True,2,1,0.6470588235294118,14
geo,0.01,26,False,26103,True,31350,1.0,True,2,1,0.47058823529411764,14
geo,0.01,26,False,26104,True,14350,1.0,True,2,1,0.4117647058823529,14
geo,0.01,27,False,27100,True,6450,1.0,True,2,1,0.6,9
geo,0.01,27,False,27101,True,5500,1.0,False,,1,0.7333333333333333,9
geo,0.01,27,False,27102,True,4400,1.0,True,2,1,0.4666666666666667,9
geo,0.01,27,False,27103,True,4700,1.0,False,,1,0.5333333333333333,9
geo,0.01,27,False,27104,True,1700,1.0,True,2,1,0.6,9
geo,0.01,28,False,28100,True,1350,1.0,True,2,1,0.5,9
geo,0.01,28,False,28101,True,3350,1.0,True,2,1,0.6428571428571429,9
geo,0.01,28,False,28102,True,3950,1.0,True,2,1,0.5714285714285714,9
geo,0.01,28,False,28103,True,1600,1.0,True,2,1,0.7142857142857143,9
geo,0.01,28,False,28104,True,2100,1.0,True,2,1,0.5,9
geo,0.01,29,False,29100,True,18300,1.0,True,2,1,0.4,10
geo,0.01,29,False,29101,True,2500,1.0,True,2,1,0.5333333333333333,10
geo,0.01,29,False,29102,True,3000,1.0,True,2,1,0.4666666666666667,10
geo,0.01,29,False,29103,True,1550,1.0,True,2,1,0.5333333333333333,10
geo,0.01,29,False,29104,True,19800,1.0,True,2,1,0.6,10
geo,0.015,0,False,100,True,6900,1.0,True,2,1,0.7333333333333333,10
geo,0.015,0,False,101,False,39999,0.9,False,,1,0.6,10
geo,0.015,0,False,102,False,39999,1.0,True,2,1,0.4666666666666667,10
geo,0.015,0,False,103,True,6800,1.0,True,2,1,0.6,10
geo,0.015,0,False,104,False,39999,1.0,True,2,1,0.6666666666666666,10
geo,0.015,1,False,1100,False,39999,0.5454545454545454,False,,1,0.4375,11
geo,0.015,1,False,1101,False,39999,1.0,True,2,1,0.25,11
geo,0.015,1,False,1102,True,17600,1.0,True,2,1,0.6875,11
geo,0.015,1,False,1103,True,29900,1.0,True,2,1,0.375,11
geo,0.015,1,False,1104,True,4150,1.0,True,2,1,0.4375,11
geo,0.015,2,False,2100,True,12050,1.0,True,2,1,0.3125,11
geo,0.015,2,False,2101,False,39999,1.0,True,2,1,0.5,11
geo,0.015,2,False,2102,True,5300,1.0,True,2,1,0.4375,11
geo,0.015,2,False,2103,False,39999,1.0,True,2,1,0.6875,11
geo,0.015,2,False,2104,True,5500,1.0,True,2,1,0.5625,11
geo,0.015,3,False,3100,True,14350,1.0,True,2,1,0.5,9
geo,0.015,3,False,3101,True,22450,1.0,True,2,1,0.6428571428571429,9
geo,0.015,3,False,3102,True,4050,1.0,True,2,1,0.42857142857142855,9
geo,0.015,3,False,3103,True,7650,1.0,True,2,1,0.5714285714285714,9
geo,0.015,3,False,3104,True,27550,1.0,True,2,1,0.5,9
geo,0.015,4,False,4100,True,1400,1.0,True,2,1,0.75,3
geo,0.015,4,False,4101,True,3250,1.0,False,,1,0.75,3
geo,0.015,4,False,4102,True,1900,1.0,False,,1,0.75,3
geo,0.015,4,False,4103,True,3750,1.0,False,,1,0.4166666666666667,3
geo,0.015,4,False,4104,True,750,1.0,True,2,1,0.75,3
geo,0.015,5,False,5100,True,4200,1.0,True,2,1,0.42857142857142855,9
geo,0.015,5,False,5101,True,26550,1.0,True,2,1,0.5,9
geo,0.015,5,False,5102,True,17600,1.0,True,2,1,0.5714285714285714,9
geo,0.015,5,False,5103,True,10700,1.0,True,2,1,0.5,9
geo,0.015,5,False,5104,True,14550,1.0,True,2,1,0.42857142857142855,9
geo,0.015,6,False,6100,True,25900,1.0,True,2,1,0.5,7
geo,0.015,6,False,6101,True,7050,1.0,False,,1,0.7142857142857143,7
geo,0.015,6,False,6102,True,2800,1.0,True,2,1,0.42857142857142855,7
geo,0.015,6,False,6103,True,20150,1.0,True,2,1,0.5714285714285714,7
geo,0.015,6,False,6104,True,17650,1.0,True,2,1,0.6428571428571429,7
geo,0.015,7,False,7100,True,15550,1.0,True,2,1,0.4666666666666667,12
geo,0.015,7,False,7101,True,2200,1.0,True,2,1,0.5333333333333333,12
geo,0.015,7,False,7102,True,32600,1.0,True,2,1,0.7333333333333333,12
geo,0.015,7,False,7103,True,25150,1.0,True,2,1,0.26666666666666666,12
geo,0.015,7,False,7104,False,39999,1.0,True,2,1,0.4,12
geo,0.015,8,False,8100,True,1750,1.0,True,2,1,0.46153846153846156,8
geo,0.015,8,False,8101,True,3600,1.0,True,2,1,0.7692307692307693,8
geo,0.015,8,False,8102,True,2350,1.0,True,2,1,0.5384615384615384,8
geo,0.015,8,False,8103,True,17050,1.0,True,2,1,0.6923076923076923,8
geo,0.015,8,False,8104,True,34450,1.0,True,2,1,0.7692307692307693,8
geo,0.015,9,False,9100,True,13000,1.0,False,,1,0.5625,11
geo,0.015,9,False,9101,True,9450,1.0,False,,1,0.5,11
geo,0.015,9,False,9102,False,39999,0.8181818181818182,False,,1,0.6875,11
geo,0.015,9,False,9103,True,23450,1.0,True,2,1,0.6875,11
geo,0.015,9,False,9104,False,39999,1.0,True,2,1,0.5625,11
geo,0.015,10,False,10100,True,2850,1.0,True,2,1,0.6666666666666666,10
geo,0.015,10,False,10101,True,2950,1.0,True,2,1,0.7333333333333333,10
geo,0.015,10,False,10102,True,16800,1.0,True,2,1,0.6,10
geo,0.015,10,False,10103,False,39999,1.0,True,2,1,0.5333333333333333,10
geo,0.015,10,False,10104,True,34750,1.0,True,2,1,0.3333333333333333,10
geo,0.015,11,False,11100,True,9050,1.0,True,2,1,0.5,11
geo,0.015,11,False,11101,False,39999,1.0,True,2,1,0.5,11
geo,0.015,11,False,11102,False,39999,1.0,True,2,1,0.625,11
geo,0.015,11,False,11103,False,39999,1.0,True,2,1,0.4375,11
geo,0.015,11,False,11104,False,39999,0.7272727272727273,False,,1,0.375,11
geo,0.015,12,False,12100,True,18900,1.0,True,2,1,0.7142857142857143,8
geo,0.015,12,False,12101,True,1650,1.0,True,2,1,0.5,8
geo,0.015,12,False,12102,True,30150,1.0,True,2,1,0.5714285714285714,8
geo,0.015,12,False,12103,True,20950,1.0,True,2,1,0.5714285714285714,8
geo,0.015,12,False,12104,True,17500,1.0,True,2,1,0.42857142857142855,8
geo,0.015,13,False,13100,True,7600,1.0,True,2,1,0.6,10
geo,0.015,13,False,13101,False,39999,1.0,True,2,1,0.6,10
geo,0.015,13,False,13102,True,18150,1.0,True,2,1,0.3333333333333333,10
geo,0.015,13,False,13103,True,8700,1.0,True,2,1,0.6,10
geo,0.015,13,False,13104,True,13750,1.0,True,2,1,0.5333333333333333,10
geo,0.015,14,False,14100,False,39999,1.0,True,2,1,0.5294117647058824,15
geo,0.015,14,False,14101,True,1050,1.0,True,2,1,0.5294117647058824,15
geo,0.015,14,False,14102,False,39999,0.8,False,,1,0.47058823529411764,15
geo,0.015,14,False,14103,False,39999,1.0,True,2,1,0.35294117647058826,15
geo,0.015,14,False,14104,True,3850,1.0,True,2,1,0.29411764705882354,15
geo,0.015,15,False,15100,True,12550,1.0,True,3,2,0.3333333333333333,8
geo,0.015,15,False,15101,True,6100,1.0,True,3,2,0.3333333333333333,8
geo,0.015,15,False,15102,True,18000,1.0,True,3,2,0.6666666666666666,8
geo,0.015,15,False,15103,True,14600,1.0,True,3,2,0.3333333333333333,8
geo,0.015,15,False,15104,True,6650,1.0,True,3,2,0.3333333333333333,8
geo,0.015,16,False,16100,True,4600,1.0,False,,1,0.5333333333333333,7
geo,0.015,16,False,16101,True,3650,1.0,False,,1,0.7333333333333333,7
geo,0.015,16,False,16102,True,4200,1.0,False,,1,0.6,7
geo,0.015,16,False,16103,True,15300,1.0,False,,1,0.6666666666666666,7
geo,0.015,16,False,16104,True,13700,1.0,False,,1,0.7333333333333333,7
geo,0.015,17,False,17100,False,39999,1.0,True,2,1,0.4666666666666667,10
geo,0.015,17,False,17101,True,35050,1.0,True,2,1,0.6666666666666666,10
geo,0.015,17,False,17102,False,39999,1.0,True,2,1,0.6,10
geo,0.015,17,False,17103,True,11700,1.0,True,2,1,0.4666666666666667,10
geo,0.015,17,False,17104,False,39999,1.0,True,2,1,0.6,10
geo,0.015,18,False,18100,False,39999,0.6842105263157895,False,,1,0.5789473684210527,19
geo,0.015,18,False,18101,False,39999,0.5263157894736842,False,,1,0.5789473684210527,19
geo,0.015,18,False,18102,False,39999,0.8421052631578947,False,,1,0.5263157894736842,19
geo,0.015,18,False,18103,False,39999,1.0,True,2,1,0.3157894736842105,19
geo,0.015,18,False,18104,True,17000,1.0,True,2,1,0.3684210526315789,19
geo,0.015,19,False,19100,True,800,1.0,False,,1,0.7857142857142857,6
geo,0.015,19,False,19101,True,7100,1.0,False,,1,0.5,6
geo,0.015,19,False,19102,True,2200,1.0,False,,1,0.6428571428571429,6
geo,0.015,19,False,19103,True,8650,1.0,False,,1,0.5,6
geo,0.015,19,False,19104,True,2200,1.0,False,,1,0.5,6
geo,0.015,20,False,20100,True,900,1.0,True,2,1,0.45454545454545453,4
geo,0.015,20,False,20101,True,1900,1.0,True,2,1,0.2727272727272727,4
geo,0.015,20,False,20102,True,4100,1.0,True,2,1,0.45454545454545453,4
geo,0.015,20,False,20103,True,1900,1.0,True,2,1,0.6363636363636364,4
geo,0.015,20,False,20104,True,1800,1.0,True,2,1,0.8181818181818182,4
geo,0.015,21,False,21100,False,39999,0.5882352941176471,False,,1,0.3333333333333333,17
geo,0.015,21,False,21101,False,39999,1.0,True,2,1,0.5555555555555556,17
geo,0.015,21,False,21102,True,35000,1.0,True,2,1,0.6666666666666666,17
geo,0.015,21,False,21103,False,39999,1.0,True,2,1,0.5,17
geo,0.015,21,False,21104,False,39999,1.0,True,2,1,0.6666666666666666,17
geo,0.015,22,False,22100,True,32700,1.0,True,2,1,0.7058823529411765,13
geo,0.015,22,False,22101,True,8500,1.0,True,2,1,0.5882352941176471,13
geo,0.015,22,False,22102,False,39999,0.6153846153846154,False,,1,0.5294117647058824,13
geo,0.015,22,False,22103,False,39999,0.8461538461538461,False,,1,0.4117647058823529,13
geo,0.015,22,False,22104,False,39999,0.8461538461538461,False,,1,0.5294117647058824,13
geo,0.015,23,False,23100,False,39999,0.6923076923076923,False,,1,0.5882352941176471,13
geo,0.015,23,False,23101,False,39999,1.0,True,2,1,0.6470588235294118,13
geo,0.015,23,False,23102,False,39999,1.0,True,2,1,0.35294117647058826,13
geo,0.015,23,False,23103,True,28750,1.0,True,2,1,0.4117647058823529,13
geo,0.015,23,False,23104,False,39999,0.6923076923076923,False,,1,0.4117647058823529,13
geo,0.015,24,False,24100,True,2450,1.0,True,2,1,0.38461538461538464,7
geo,0.015,24,False,24101,True,11150,1.0,True,2,1,0.6153846153846154,7
geo,0.015,24,False,24102,True,6200,1.0,True,2,1,0.5384615384615384,7
geo,0.015,24,False,24103,True,950,1.0,True,2,1,0.5384615384615384,7
geo,0.015,24,False,24104,True,2700,1.0,True,2,1,0.5384615384615384,7
geo,0.015,25,False,25100,True,8400,1.0,True,2,1,0.4,10
geo,0.015,25,False,25101,False,39999,1.0,True,2,1,0.26666666666666666,10
geo,0.015,25,False,25102,False,39999,0.9,False,,1,0.6,10
geo,0.015,25,False,25103,True,16400,1.0,True,2,1,0.6666666666666666,10
geo,0.015,25,False,25104,False,39999,1.0,True,2,1,0.4666666666666667,10
geo,0.015,26,False,26100,False,39999,0.8571428571428571,False,,1,0.7647058823529411,14
geo,0.015,26,False,26101,False,39999,1.0,True,2,1,0.4117647058823529,14
geo,0.015,26,False,26102,False,39999,0.6428571428571429,False,,1,0.5882352941176471,14
geo,0.015,26,False,26103,True,9050,1.0,True,2,1,0.35294117647058826,14
geo,0.015,26,False,26104,False,39999,1.0,True,2,1,0.5882352941176471,14
geo,0.015,27,False,27100,True,6850,1.0,True,2,1,0.3333333333333333,9
geo,0.015,27,False,27101,True,20400,1.0,True,2,1,0.4666666666666667,9
geo,0.015,27,False,27102,True,10400,1.0,True,2,1,0.6,9
geo,0.015,27,False,27103,True,12700,1.0,False,,1,0.4666666666666667,9
geo,0.015,27,False,27104,True,14200,1.0,True,2,1,0.5333333333333333,9
geo,0.015,28,False,28100,True,1350,1.0,True,2,1,0.5714285714285714,9
geo,0.015,28,False,28101,True,1100,1.0,True,2,1,0.5,9
geo,0.015,28,False,28102,True,3950,1.0,True,2,1,0.7142857142857143,9
geo,0.015,28,False,28103,True,34000,1.0,True,2,1,0.6428571428571429,9
geo,0.015,28,False,28104,True,1850,1.0,True,2,1,0.7142857142857143,9
geo,0.015,29,False,29100,True,26700,1.0,True,2,1,0.4666666666666667,10
geo,0.015,29,False,29101,False,39999,1.0,True,2,1,0.6666666666666666,10
geo,0.015,29,False,29102,True,7700,1.0,True,2,1,0.6666666666666666,10
geo,0.015,29,False,29103,True,3250,1.0,True,2,1,0.4666666666666667,10
geo,0.015,29,False,29104,False,39999,1.0,True,2,1,0.3333333333333333,10
geo,0.02,0,False,100,True,8450,1.0,True,2,1,0.4666666666666667,10
geo,0.02,0,False,101,False,39999,1.0,True,2,1,0.5333333333333333,10
geo,0.02,0,False,102,False,39999,1.0,True,2,1,0.4,10
geo,0.02,0,False,103,False,39999,1.0,True,2,1,0.5333333333333333,10
geo,0.02,0,False,104,False,39999,1.0,True,2,1,0.3333333333333333,10
geo,0.02,1,False,1100,False,39999,0.8181818181818182,False,,1,0.625,11
geo,0.02,1,False,1101,False,39999,0.8181818181818182,False,,1,0.625,11
geo,0.02,1,False,1102,False,39999,1.0,True,2,1,0.4375,11
geo,0.02,1,False,1103,True,29650,1.0,True,2,1,0.4375,11
geo,0.02,1,False,1104,False,39999,0.9090909090909091,False,,1,0.4375,11
geo,0.02,2,False,2100,False,39999,1.0,True,2,1,0.625,11
geo,0.02,2,False,2101,False,39999,0.7272727272727273,False,,1,0.625,11
geo,0.02,2,False,2102,False,39999,1.0,True,2,1,0.625,11
geo,0.02,2,False,2103,False,39999,1.0,True,2,1,0.25,11
geo,0.02,2,False,2104,True,5550,1.0,True,2,1,0.375,11
geo,0.02,3,False,3100,True,18600,1.0,True,2,1,0.5714285714285714,9
geo,0.02,3,False,3101,False,39999,1.0,True,2,1,0.5714285714285714,9
geo,0.02,3,False,3102,False,39999,1.0,True,2,1,0.42857142857142855,9
geo,0.02,3,False,3103,False,39999,0.5555555555555556,False,,1,0.6428571428571429,9
geo,0.02,3,False,3104,False,39999,1.0,True,2,1,0.5714285714285714,9
geo,0.02,4,False,4100,True,1400,1.0,False,,1,0.9166666666666666,3
geo,0.02,4,False,4101,True,1100,1.0,False,,1,0.75,3
geo,0.02,4,False,4102,True,3450,1.0,True,2,1,0.75,3
geo,0.02,4,False,4103,True,5650,1.0,False,,1,0.5833333333333334,3
geo,0.02,4,False,4104,True,1350,1.0,True,2,1,0.75,3
geo,0.02,5,False,5100,False,39999,1.0,True,2,1,0.6428571428571429,9
geo,0.02,5,False,5101,True,13600,1.0,True,2,1,0.6428571428571429,9
geo,0.02,5,False,5102,False,39999,1.0,True,2,1,0.2857142857142857,9
geo,0.02,5,False,5103,True,33550,1.0,True,2,1,0.5714285714285714,9
geo,0.02,5,False,5104,False,39999,1.0,True,2,1,0.35714285714285715,9
geo,0.02,6,False,6100,True,35400,1.0,False,,1,0.6428571428571429,7
geo,0.02,6,False,6101,True,9000,1.0,True,2,1,0.7857142857142857,7
geo,0.02,6,False,6102,True,25200,1.0,True,2,1,0.5,7
geo,0.02,6,False,6103,True,23100,1.0,True,2,1,0.7857142857142857,7
geo,0.02,6,False,6104,True,8750,1.0,False,,1,0.7142857142857143,7
geo,0.02,7,False,7100,True,24950,1.0,True,2,1,0.6666666666666666,12
geo,0.02,7,False,7101,False,39999,0.4166666666666667,False,,1,0.5333333333333333,12
geo,0.02,7,False,7102,False,39999,1.0,True,2,1,0.3333333333333333,12
geo,0.02,7,False,7103,False,39999,0.5,False,,1,0.5333333333333333,12
geo,0.02,7,False,7104,False,39999,0.5833333333333334,False,,1,0.3333333333333333,12
geo,0.02,8,False,8100,True,3500,1.0,True,2,1,0.5384615384615384,8
geo,0.02,8,False,8101,False,39999,1.0,True,2,1,0.46153846153846156,8
geo,0.02,8,False,8102,True,10100,1.0,True,2,1,0.6153846153846154,8
geo,0.02,8,False,8103,True,14850,1.0,True,2,1,0.6153846153846154,8
geo,0.02,8,False,8104,True,24700,1.0,True,2,1,0.5384615384615384,8
geo,0.02,9,False,9100,True,34050,1.0,False,,1,0.5625,11
geo,0.02,9,False,9101,False,39999,1.0,True,2,1,0.5625,11
geo,0.02,9,False,9102,False,39999,0.6363636363636364,False,,1,0.375,11
geo,0.02,9,False,9103,False,39999,1.0,False,,1,0.625,11
geo,0.02,9,False,9104,False,39999,1.0,True,2,1,0.5625,11
geo,0.02,10,False,10100,False,39999,0.6,False,,1,0.6,10
geo,0.02,10,False,10101,False,39999,0.8,False,,1,0.4666666666666667,10
geo,0.02,10,False,10102,True,19950,1.0,True,2,1,0.6666666666666666,10
geo,0.02,10,False,10103,False,39999,0.7,False,,1,0.4666666666666667,10
geo,0.02,10,False,10104,False,39999,1.0,True,2,1,0.7333333333333333,10
geo,0.02,11,False,11100,False,39999,0.6363636363636364,False,,1,0.6875,11
geo,0.02,11,False,11101,False,39999,1.0,True,2,1,0.4375,11
geo,0.02,11,False,11102,False,39999,0.6363636363636364,False,,1,0.625,11
geo,0.02,11,False,11103,False,39999,1.0,True,2,1,0.4375,11
geo,0.02,11,False,11104,False,39999,0.9090909090909091,False,,1,0.3125,11
geo,0.02,12,False,12100,True,900,1.0,True,2,1,0.5714285714285714,8
geo,0.02,12,False,12101,True,25600,1.0,True,2,1,0.5714285714285714,8
geo,0.02,12,False,12102,False,39999,1.0,True,2,1,0.5,8
geo,0.02,12,False,12103,True,3750,1.0,True,2,1,0.42857142857142855,8
geo,0.02,12,False,12104,False,39999,0.875,False,,1,0.35714285714285715,8
geo,0.02,13,False,13100,False,39999,1.0,True,2,1,0.5333333333333333,10
geo,0.02,13,False,13101,False,39999,0.9,False,,1,0.5333333333333333,10
geo,0.02,13,False,13102,False,39999,1.0,True,2,1,0.6,10
geo,0.02,13,False,13103,False,39999,1.0,True,2,1,0.6,10
geo,0.02,13,False,13104,False,39999,0.8,False,,1,0.6,10
geo,0.02,14,False,14100,False,39999,0.6666666666666666,False,,1,0.5882352941176471,15
geo,0.02,14,False,14101,False,39999,1.0,True,2,1,0.47058823529411764,15
geo,0.02,14,False,14102,False,39999,1.0,True,2,1,0.4117647058823529,15
geo,0.02,14,False,14103,False,39999,0.8,False,,1,0.5882352941176471,15
geo,0.02,14,False,14104,False,39999,1.0,True,2,1,0.5882352941176471,15
geo,0.02,15,False,15100,True,27500,1.0,True,3,2,0.5833333333333334,8
geo,0.02,15,False,15101,True,6400,1.0,True,3,2,0.6666666666666666,8
geo,0.02,15,False,15102,True,10950,1.0,True,3,2,0.5833333333333334,8
geo,0.02,15,False,15103,True,14700,1.0,True,3,2,0.75,8
geo,0.02,15,False,15104,False,39999,1.0,True,3,2,0.5833333333333334,8
geo,0.02,16,False,16100,True,4500,1.0,True,2,1,0.4666666666666667,7
geo,0.02,16,False,16101,False,39999,1.0,False,,1,0.4666666666666667,7
geo,0.02,16,False,16102,True,8650,1.0,False,,1,0.7333333333333333,7
geo,0.02,16,False,16103,False,39999,1.0,True,2,1,0.7333333333333333,7
geo,0.02,16,False,16104,True,4350,1.0,True,2,1,0.7333333333333333,7
geo,0.02,17,False,17100,False,39999,1.0,True,2,1,0.6666666666666666,10
geo,0.02,17,False,17101,False,39999,1.0,True,2,1,0.4,10
geo,0.02,17,False,17102,False,39999,0.8,False,,1,0.6,10
geo,0.02,17,False,17103,False,39999,0.6,False,,1,0.26666666666666666,10
geo,0.02,17,False,17104,False,39999,0.4,False,,1,0.6666666666666666,10
geo,0.02,18,False,18100,False,39999,1.0,True,2,1,0.5263157894736842,19
geo,0.02,18,False,18101,False,39999,1.0,True,2,1,0.3684210526315789,19
geo,0.02,18,False,18102,False,39999,0.5789473684210527,False,,1,0.5263157894736842,19
geo,0.02,18,False,18103,False,39999,1.0,True,2,1,0.3684210526315789,19
geo,0.02,18,False,18104,False,39999,0.6842105263157895,False,,1,0.5789473684210527,19
geo,0.02,19,False,19100,True,26000,1.0,False,,1,0.6428571428571429,6
geo,0.02,19,False,19101,True,6750,1.0,False,,1,0.6428571428571429,6
geo,0.02,19,False,19102,True,8200,1.0,False,,1,0.7857142857142857,6
geo,0.02,19,False,19103,True,10050,1.0,False,,1,0.6428571428571429,6
geo,0.02,19,False,19104,True,7700,1.0,False,,1,0.7857142857142857,6
geo,0.02,20,False,20100,True,2400,1.0,True,2,1,0.6363636363636364,4
geo,0.02,20,False,20101,True,4200,1.0,True,2,1,0.45454545454545453,4
geo,0.02,20,False,20102,True,3400,1.0,True,2,1,0.2727272727272727,4
geo,0.02,20,False,20103,True,1300,1.0,True,2,1,0.6363636363636364,4
geo,0.02,20,False,20104,True,4800,1.0,True,2,1,0.45454545454545453,4
geo,0.02,21,False,21100,False,39999,1.0,True,2,1,0.5,17
geo,0.02,21,False,21101,False,39999,0.5882352941176471,False,,1,0.4444444444444444,17
geo,0.02,21,False,21102,False,39999,0.7647058823529411,False,,1,0.4444444444444444,17
geo,0.02,21,False,21103,False,39999,0.9411764705882353,False,,1,0.5555555555555556,17
geo,0.02,21,False,21104,False,39999,1.0,True,2,1,0.4444444444444444,17
geo,0.02,22,False,22100,False,39999,0.8461538461538461,False,,1,0.5882352941176471,13
geo,0.02,22,False,22101,False,39999,0.6153846153846154,False,,1,0.6470588235294118,13
geo,0.02,22,False,22102,False,39999,1.0,True,2,1,0.5294117647058824,13
geo,0.02,22,False,22103,False,39999,0.7692307692307693,False,,1,0.4117647058823529,13
geo,0.02,22,False,22104,False,39999,0.8461538461538461,False,,1,0.6470588235294118,13
geo,0.02,23,False,23100,False,39999,1.0,True,2,1,0.35294117647058826,13
geo,0.02,23,False,23101,False,39999,1.0,True,2,1,0.5882352941176471,13
geo,0.02,23,False,23102,False,39999,1.0,True,2,1,0.5882352941176471,13
geo,0.02,23,False,23103,False,39999,1.0,True,2,1,0.47058823529411764,13
geo,0.02,23,False,23104,False,39999,1.0,True,2,1,0.5882352941176471,13
geo,0.02,24,False,24100,True,5600,1.0,True,2,1,0.7692307692307693,7
geo,0.02,24,False,24101,True,21000,1.0,True,2,1,0.6153846153846154,7
geo,0.02,24,False,24102,True,6200,1.0,True,2,1,0.46153846153846156,7
geo,0.02,24,False,24103,True,16450,1.0,True,2,1,0.38461538461538464,7
geo,0.02,24,False,24104,True,13800,1.0,True,2,1,0.15384615384615385,7
geo,0.02,25,False,25100,False,39999,0.8,False,,1,0.6,10
geo,0.02,25,False,25101,False,39999,0.8,False,,1,0.4666666666666667,10
geo,0.02,25,False,25102,False,39999,1.0,True,2,1,0.6,10
geo,0.02,25,False,25103,False,39999,0.9,False,,1,0.4,10
geo,0.02,25,False,25104,False,39999,1.0,True,2,1,0.6,10
geo,0.02,26,False,26100,False,39999,0.5,False,,1,0.35294117647058826,14
geo,0.02,26,False,26101,False,39999,0.7142857142857143,False,,1,0.47058823529411764,14
geo,0.02,26,False,26102,False,39999,1.0,True,2,1,0.35294117647058826,14
geo,0.02,26,False,26103,True,7500,1.0,True,2,1,0.47058823529411764,14
geo,0.02,26,False,26104,False,39999,0.7142857142857143,False,,1,0.4117647058823529,14
geo,0.02,27,False,27100,False,39999,1.0,True,2,1,0.6666666666666666,9
geo,0.02,27,False,27101,True,22200,1.0,True,2,1,0.6,9
geo,0.02,27,False,27102,False,39999,1.0,True,2,1,0.4666666666666667,9
geo,0.02,27,False,27103,True,12600,1.0,False,,1,0.6666666666666666,9
geo,0.02,27,False,27104,False,39999,1.0,True,2,1,0.6666666666666666,9
geo,0.02,28,False,28100,True,5400,1.0,True,2,1,0.5,9
geo,0.02,28,False,28101,False,39999,1.0,True,2,1,0.5,9
geo,0.02,28,False,28102,False,39999,1.0,True,2,1,0.42857142857142855,9
geo,0.02,28,False,28103,False,39999,1.0,True,2,1,0.5,9
geo,0.02,28,False,28104,True,18450,1.0,True,2,1,0.5,9
geo,0.02,29,False,29100,False,39999,1.0,True,2,1,0.3333333333333333,10
geo,0.02,29,False,29101,False,39999,0.7,False,,1,0.6,10
geo,0.02,29,False,29102,False,39999,0.8,False,,1,0.6666666666666666,10
geo,0.02,29,False,29103,False,39999,1.0,True,2,1,0.6,10
geo,0.02,29,False,29104,False,39999,1.0,True,2,1,0.26666666666666666,10
geo,0.03,0,False,100,True,8850,1.0,True,2,1,0.4,10
geo,0.03,0,False,101,False,39999,0.6,False,,1,0.5333333333333333,10
geo,0.03,0,False,102,False,39999,1.0,True,2,1,0.5333333333333333,10
geo,0.03,0,False,103,False,39999,0.6,False,,1,0.4666666666666667,10
geo,0.03,0,False,104,False,39999,0.6,False,,1,0.7333333333333333,10
geo,0.03,1,False,1100,False,39999,0.7272727272727273,False,,1,0.3125,11
geo,0.03,1,False,1101,False,39999,1.0,True,2,1,0.5,11
geo,0.03,1,False,1102,False,39999,0.8181818181818182,False,,1,0.3125,11
geo,0.03,1,False,1103,False,39999,1.0,True,2,1,0.5625,11
geo,0.03,1,False,1104,False,39999,1.0,True,2,1,0.5625,11
geo,0.03,2,False,2100,False,39999,0.8181818181818182,False,,1,0.5,11
geo,0.03,2,False,2101,False,39999,1.0,True,2,1,0.375,11
geo,0.03,2,False,2102,False,39999,0.8181818181818182,False,,1,0.4375,11
geo,0.03,2,False,2103,False,39999,1.0,True,2,1,0.625,11
geo,0.03,2,False,2104,False,39999,0.8181818181818182,False,,1,0.75,11
geo,0.03,3,False,3100,False,39999,1.0,True,2,1,0.42857142857142855,9
geo,0.03,3,False,3101,False,39999,0.6666666666666666,False,,1,0.21428571428571427,9
geo,0.03,3,False,3102,False,39999,1.0,True,2,1,0.6428571428571429,9
geo,0.03,3,False,3103,False,39999,1.0,True,2,1,0.6428571428571429,9
geo,0.03,3,False,3104,True,12700,1.0,True,2,1,0.6428571428571429,9
geo,0.03,4,False,4100,True,1550,1.0,False,,1,0.75,3
geo,0.03,4,False,4101,True,2200,1.0,False,,1,0.5833333333333334,3
geo,0.03,4,False,4102,True,3700,1.0,True,2,1,0.5833333333333334,3
geo,0.03,4,False,4103,True,1750,1.0,True,2,1,0.75,3
geo,0.03,4,False,4104,True,750,1.0,True,2,1,0.75,3
geo,0.03,5,False,5100,False,39999,1.0,True,2,1,0.5714285714285714,9
geo,0.03,5,False,5101,False,39999,1.0,True,2,1,0.42857142857142855,9
geo,0.03,5,False,5102,True,3100,1.0,True,2,1,0.35714285714285715,9
geo,0.03,5,False,5103,False,39999,1.0,True,2,1,0.5,9
geo,0.03,5,False,5104,False,39999,0.6666666666666666,False,,1,0.42857142857142855,9
geo,0.03,6,False,6100,False,39999,0.5714285714285714,False,,1,0.5,7
geo,0.03,6,False,6101,False,39999,1.0,True,2,1,0.6428571428571429,7
geo,0.03,6,False,6102,True,2650,1.0,False,,1,0.5,7
geo,0.03,6,False,6103,False,39999,0.7142857142857143,False,,1,0.6428571428571429,7
geo,0.03,6,False,6104,True,20900,1.0,True,2,1,0.5,7
geo,0.03,7,False,7100,False,39999,1.0,True,2,1,0.4,12
geo,0.03,7,False,7101,False,39999,1.0,True,2,1,0.4666666666666667,12
geo,0.03,7,False,7102,False,39999,1.0,True,2,1,0.4666666666666667,12
geo,0.03,7,False,7103,False,39999,1.0,True,2,1,0.7333333333333333,12
geo,0.03,7,False,7104,False,39999,1.0,True,2,1,0.6,12
geo,0.03,8,False,8100,False,39999,1.0,True,2,1,0.6923076923076923,8
geo,0.03,8,False,8101,False,39999,1.0,True,2,1,0.7692307692307693,8
geo,0.03,8,False,8102,False,39999,1.0,True,2,1,0.5384615384615384,8
geo,0.03,8,False,8103,False,39999,1.0,True,2,1,0.6923076923076923,8
geo,0.03,8,False,8104,False,39999,1.0,True,2,1,0.5384615384615384,8
geo,0.03,9,False,9100,False,39999,1.0,True,2,1,0.5,11
geo,0.03,9,False,9101,False,39999,1.0,False,,1,0.5625,11
geo,0.03,9,False,9102,False,39999,0.8181818181818182,False,,1,0.5625,11
geo,0.03,9,False,9103,False,39999,1.0,False,,1,0.5625,11
geo,0.03,9,False,9104,False,39999,1.0,True,2,1,0.6875,11
geo,0.03,10,False,10100,False,39999,0.8,False,,1,0.6666666666666666,10
geo,0.03,10,False,10101,False,39999,0.8,False,,1,0.6,10
geo,0.03,10,False,10102,False,39999,0.9,False,,1,0.6,10
geo,0.03,10,False,10103,False,39999,0.5,False,,1,0.6666666666666666,10
geo,0.03,10,False,10104,False,39999,0.7,False,,1,0.6,10
geo,0.03,11,False,11100,True,35650,1.0,True,2,1,0.375,11
geo,0.03,11,False,11101,False,39999,0.8181818181818182,False,,1,0.3125,11
geo,0.03,11,False,11102,False,39999,0.7272727272727273,False,,1,0.5625,11
geo,0.03,11,False,11103,False,39999,1.0,True,2,1,0.4375,11
geo,0.03,11,False,11104,False,39999,0.9090909090909091,False,,1,0.5,11
geo,0.03,12,False,12100,False,39999,1.0,True,2,1,0.6428571428571429,8
geo,0.03,12,False,12101,False,39999,1.0,True,2,1,0.6428571428571429,8
geo,0.03,12,False,12102,False,39999,0.5,False,,1,0.42857142857142855,8
geo,0.03,12,False,12103,False,39999,0.75,False,,1,0.5,8
geo,0.03,12,False,12104,False,39999,1.0,True,1,1,0.42857142857142855,8
geo,0.03,13,False,13100,False,39999,0.9,False,,1,0.4,10
geo,0.03,13,False,13101,False,39999,1.0,True,2,1,0.6,10
geo,0.03,13,False,13102,False,39999,0.8,False,,1,0.4666666666666667,10
geo,0.03,13,False,13103,False,39999,0.8,False,,1,0.5333333333333333,10
geo,0.03,13,False,13104,False,39999,0.7,False,,1,0.3333333333333333,10
geo,0.03,14,False,14100,False,39999,1.0,True,2,1,0.5882352941176471,15
geo,0.03,14,False,14101,False,39999,0.6666666666666666,False,,1,0.6470588235294118,15
geo,0.03,14,False,14102,False,39999,0.7333333333333333,False,,1,0.47058823529411764,15
geo,0.03,14,False,14103,False,39999,1.0,True,2,1,0.5882352941176471,15
geo,0.03,14,False,14104,False,39999,0.5333333333333333,False,,1,0.6470588235294118,15
geo,0.03,15,False,15100,False,39999,1.0,True,3,2,0.6666666666666666,8
geo,0.03,15,False,15101,False,39999,0.75,False,,2,0.6666666666666666,8
geo,0.03,15,False,15102,False,39999,0.875,False,,2,0.5,8
geo,0.03,15,False,15103,True,32900,1.0,True,3,2,0.5,8
geo,0.03,15,False,15104,False,39999,1.0,True,3,2,0.5833333333333334,8
geo,0.03,16,False,16100,False,39999,0.8571428571428571,False,,1,0.7333333333333333,7
geo,0.03,16,False,16101,True,4350,1.0,False,,1,0.7333333333333333,7
geo,0.03,16,False,16102,False,39999,1.0,False,,1,0.4666666666666667,7
geo,0.03,16,False,16103,False,39999,0.7142857142857143,False,,1,0.6,7
geo,0.03,16,False,16104,False,39999,0.7142857142857143,False,,1,0.6666666666666666,7
geo,0.03,17,False,17100,False,39999,0.7,False,,1,0.6666666666666666,10
geo,0.03,17,False,17101,False,39999,0.7,False,,1,0.4666666666666667,10
geo,0.03,17,False,17102,False,39999,0.9,False,,1,0.6,10
geo,0.03,17,False,17103,False,39999,0.8,False,,1,0.7333333333333333,10
geo,0.03,17,False,17104,False,39999,1.0,True,2,1,0.6,10
geo,0.03,18,False,18100,False,39999,0.9473684210526315,False,,1,0.2631578947368421,19
geo,0.03,18,False,18101,False,39999,0.47368421052631576,False,,1,0.47368421052631576,19
geo,0.03,18,False,18102,False,39999,0.631578947368421,False,,1,0.47368421052631576,19
geo,0.03,18,False,18103,False,39999,0.6842105263157895,False,,1,0.3684210526315789,19
geo,0.03,18,False,18104,False,39999,0.7894736842105263,False,,1,0.42105263157894735,19
geo,0.03,19,False,19100,True,6600,1.0,True,2,1,0.7857142857142857,6
geo,0.03,19,False,19101,True,34600,1.0,True,2,1,0.7857142857142857,6
geo,0.03,19,False,19102,True,30600,1.0,False,,1,0.6428571428571429,6
geo,0.03,19,False,19103,False,39999,0.8333333333333334,False,,1,0.8571428571428571,6
geo,0.03,19,False,19104,True,33750,1.0,False,,1,0.5,6
geo,0.03,20,False,20100,True,2800,1.0,True,2,1,0.2727272727272727,4
geo,0.03,20,False,20101,True,10300,1.0,True,2,1,0.6363636363636364,4
geo,0.03,20,False,20102,True,11550,1.0,True,2,1,0.45454545454545453,4
geo,0.03,20,False,20103,True,6700,1.0,True,2,1,0.6363636363636364,4
geo,0.03,20,False,20104,True,4900,1.0,True,2,1,0.6363636363636364,4
geo,0.03,21,False,21100,False,39999,1.0,True,2,1,0.7222222222222222,17
geo,0.03,21,False,21101,False,39999,0.9411764705882353,False,,1,0.5,17
geo,0.03,21,False,21102,False,39999,1.0,True,2,1,0.5555555555555556,17
geo,0.03,21,False,21103,False,39999,0.5882352941176471,False,,1,0.5,17
geo,0.03,21,False,21104,False,39999,0.7058823529411765,False,,1,0.6111111111111112,17
geo,0.03,22,False,22100,False,39999,0.7692307692307693,False,,1,0.5882352941176471,13
geo,0.03,22,False,22101,False,39999,0.8461538461538461,False,,1,0.47058823529411764,13
geo,0.03,22,False,22102,False,39999,0.7692307692307693,False,,1,0.5294117647058824,13
geo,0.03,22,False,22103,False,39999,0.7692307692307693,False,,1,0.6470588235294118,13
geo,0.03,22,False,22104,False,39999,0.7692307692307693,False,,1,0.6470588235294118,13
geo,0.03,23,False,23100,False,39999,0.38461538461538464,False,,1,0.5882352941176471,13
geo,0.03,23,False,23101,False,39999,0.6153846153846154,False,,1,0.4117647058823529,13
geo,0.03,23,False,23102,False,39999,0.7692307692307693,False,,1,0.47058823529411764,13
geo,0.03,23,False,23103,False,39999,0.9230769230769231,False,,1,0.5294117647058824,13
geo,0.03,23,False,23104,False,39999,0.6153846153846154,False,,1,0.35294117647058826,13
geo,0.03,24,False,24100,False,39999,1.0,True,2,1,0.6153846153846154,7
geo,0.03,24,False,24101,False,39999,0.5714285714285714,False,,1,0.7692307692307693,7
geo,0.03,24,False,24102,False,39999,0.8571428571428571,False,,1,0.46153846153846156,7
geo,0.03,24,False,24103,False,39999,1.0,True,2,1,0.46153846153846156,7
geo,0.03,24,False,24104,False,39999,1.0,True,2,1,0.38461538461538464,7
geo,0.03,25,False,25100,False,39999,0.6,False,,1,0.4666666666666667,10
geo,0.03,25,False,25101,False,39999,0.7,False,,1,0.5333333333333333,10
geo,0.03,25,False,25102,False,39999,1.0,True,2,1,0.5333333333333333,10
geo,0.03,25,False,25103,False,39999,0.6,False,,1,0.4666666666666667,10
geo,0.03,25,False,25104,False,39999,1.0,True,2,1,0.6,10
geo,0.03,26,False,26100,False,39999,1.0,True,2,1,0.5882352941176471,14
geo,0.03,26,False,26101,False,39999,1.0,True,2,1,0.4117647058823529,14
geo,0.03,26,False,26102,False,39999,1.0,True,2,1,0.7058823529411765,14
geo,0.03,26,False,26103,False,39999,1.0,True,2,1,0.6470588235294118,14
geo,0.03,26,False,26104,False,39999,0.6428571428571429,False,,1,0.6470588235294118,14
geo,0.03,27,False,27100,False,39999,0.8888888888888888,False,,1,0.6,9
geo,0.03,27,False,27101,False,39999,0.5555555555555556,False,,1,0.8666666666666667,9
geo,0.03,27,False,27102,False,39999,0.8888888888888888,False,,1,0.4666666666666667,9
geo,0.03,27,False,27103,False,39999,0.5555555555555556,False,,1,0.5333333333333333,9
geo,0.03,27,False,27104,False,39999,0.7777777777777778,False,,1,0.3333333333333333,9
geo,0.03,28,False,28100,False,39999,1.0,True,2,1,0.5,9
geo,0.03,28,False,28101,False,39999,1.0,True,2,1,0.6428571428571429,9
geo,0.03,28,False,28102,False,39999,1.0,True,2,1,0.6428571428571429,9
geo,0.03,28,False,28103,False,39999,1.0,True,2,1,0.2857142857142857,9
geo,0.03,28,False,28104,False,39999,0.7777777777777778,False,,1,0.42857142857142855,9
geo,0.03,29,False,29100,False,39999,0.8,False,,1,0.4666666666666667,10
geo,0.03,29,False,29101,False,39999,0.8,False,,1,0.6666666666666666,10
geo,0.03,29,False,29102,False,39999,0.7,False,,1,0.5333333333333333,10
geo,0.03,29,False,29103,False,39999,1.0,True,2,1,0.4,10
geo,0.03,29,False,29104,False,39999,1.0,True,2,1,0.3333333333333333,10
geo,0.05,0,False,100,False,39999,1.0,True,2,1,0.6,10
geo,0.05,0,False,101,False,39999,1.0,True,2,1,0.4666666666666667,10
geo,0.05,0,False,102,False,39999,0.8,False,,1,0.5333333333333333,10
geo,0.05,0,False,103,False,39999,1.0,True,2,1,0.4,10
geo,0.05,0,False,104,False,39999,0.9,False,,1,0.4666666666666667,10
geo,0.05,1,False,1100,False,39999,0.7272727272727273,False,,1,0.5,11
geo,0.05,1,False,1101,False,39999,0.6363636363636364,False,,1,0.5625,11
geo,0.05,1,False,1102,False,39999,0.9090909090909091,False,,1,0.5625,11
geo,0.05,1,False,1103,False,39999,0.6363636363636364,False,,1,0.3125,11
geo,0.05,1,False,1104,False,39999,0.6363636363636364,False,,1,0.75,11
geo,0.05,2,False,2100,False,39999,0.7272727272727273,False,,1,0.5,11
geo,0.05,2,False,2101,False,39999,1.0,True,2,1,0.375,11
geo,0.05,2,False,2102,False,39999,0.8181818181818182,False,,1,0.5625,11
geo,0.05,2,False,2103,False,39999,0.5454545454545454,False,,1,0.5,11
geo,0.05,2,False,2104,False,39999,0.6363636363636364,False,,1,0.75,11
geo,0.05,3,False,3100,False,39999,0.8888888888888888,False,,1,0.5714285714285714,9
geo,0.05,3,False,3101,False,39999,1.0,True,2,1,0.42857142857142855,9
geo,0.05,3,False,3102,False,39999,1.0,True,2,1,0.5714285714285714,9
geo,0.05,3,False,3103,False,39999,1.0,True,2,1,0.2857142857142857,9
geo,0.05,3,False,3104,False,39999,1.0,True,2,1,0.5714285714285714,9
geo,0.05,4,False,4100,True,1500,1.0,True,2,1,0.5833333333333334,3
geo,0.05,4,False,4101,True,18650,1.0,False,,1,0.4166666666666667,3
geo,0.05,4,False,4102,True,10350,1.0,False,,1,0.75,3
geo,0.05,4,False,4103,True,10700,1.0,False,,1,0.75,3
geo,0.05,4,False,4104,True,3650,1.0,False,,1,0.75,3
geo,0.05,5,False,5100,False,39999,0.6666666666666666,False,,1,0.6428571428571429,9
geo,0.05,5,False,5101,False,39999,1.0,True,2,1,0.5714285714285714,9
geo,0.05,5,False,5102,False,39999,1.0,True,2,1,0.5,9
geo,0.05,5,False,5103,False,39999,0.5555555555555556,False,,1,0.42857142857142855,9
geo,0.05,5,False,5104,False,39999,0.7777777777777778,False,,1,0.42857142857142855,9
geo,0.05,6,False,6100,False,39999,1.0,False,,1,0.42857142857142855,7
geo,0.05,6,False,6101,False,39999,1.0,True,2,1,0.42857142857142855,7
geo,0.05,6,False,6102,False,39999,0.7142857142857143,False,,1,0.42857142857142855,7
geo,0.05,6,False,6103,False,39999,1.0,False,,1,0.5714285714285714,7
geo,0.05,6,False,6104,False,39999,1.0,True,2,1,0.5,7
geo,0.05,7,False,7100,False,39999,1.0,True,2,1,0.4,12
geo,0.05,7,False,7101,False,39999,0.6666666666666666,False,,1,0.5333333333333333,12
geo,0.05,7,False,7102,False,39999,1.0,True,2,1,0.4666666666666667,12
geo,0.05,7,False,7103,False,39999,1.0,True,2,1,0.26666666666666666,12
geo,0.05,7,False,7104,False,39999,1.0,True,2,1,0.7333333333333333,12
geo,0.05,8,False,8100,False,39999,0.875,False,,1,0.7692307692307693,8
geo,0.05,8,False,8101,False,39999,0.875,False,,1,0.6923076923076923,8
geo,0.05,8,False,8102,False,39999,1.0,True,2,1,0.6153846153846154,8
geo,0.05,8,False,8103,False,39999,1.0,True,2,1,0.5384615384615384,8
geo,0.05,8,False,8104,False,39999,1.0,True,2,1,0.6923076923076923,8
geo,0.05,9,False,9100,False,39999,0.6363636363636364,False,,1,0.4375,11
geo,0.05,9,False,9101,False,39999,0.45454545454545453,False,,1,0.625,11
geo,0.05,9,False,9102,False,39999,0.8181818181818182,False,,1,0.625,11
geo,0.05,9,False,9103,False,39999,0.7272727272727273,False,,1,0.8125,11
geo,0.05,9,False,9104,False,39999,0.45454545454545453,False,,1,0.75,11
geo,0.05,10,False,10100,False,39999,0.7,False,,1,0.4666666666666667,10
geo,0.05,10,False,10101,False,39999,0.7,False,,1,0.6666666666666666,10
geo,0.05,10,False,10102,False,39999,0.7,False,,1,0.6,10
geo,0.05,10,False,10103,False,39999,1.0,True,2,1,0.6,10
geo,0.05,10,False,10104,False,39999,0.7,False,,1,0.3333333333333333,10
geo,0.05,11,False,11100,False,39999,0.5454545454545454,False,,1,0.5625,11
geo,0.05,11,False,11101,False,39999,1.0,True,2,1,0.5,11
geo,0.05,11,False,11102,False,39999,0.6363636363636364,False,,1,0.5625,11
geo,0.05,11,False,11103,False,39999,0.8181818181818182,False,,1,0.5,11
geo,0.05,11,False,11104,False,39999,0.9090909090909091,False,,1,0.5,11
geo,0.05,12,False,12100,False,39999,0.625,False,,1,0.5,8
geo,0.05,12,False,12101,False,39999,0.875,False,,1,0.42857142857142855,8
geo,0.05,12,False,12102,False,39999,0.75,False,,1,0.5714285714285714,8
geo,0.05,12,False,12103,False,39999,1.0,True,2,1,0.5714285714285714,8
geo,0.05,12,False,12104,False,39999,0.625,False,,1,0.5714285714285714,8
geo,0.05,13,False,13100,False,39999,0.7,False,,1,0.4666666666666667,10
geo,0.05,13,False,13101,False,39999,0.6,False,,1,0.26666666666666666,10
geo,0.05,13,False,13102,False,39999,0.7,False,,1,0.5333333333333333,10
geo,0.05,13,False,13103,False,39999,1.0,True,2,1,0.4666666666666667,10
geo,0.05,13,False,13104,False,39999,1.0,True,2,1,0.6666666666666666,10
geo,0.05,14,False,14100,False,39999,0.9333333333333333,False,,1,0.29411764705882354,15
geo,0.05,14,False,14101,False,39999,0.8,False,,1,0.7058823529411765,15
geo,0.05,14,False,14102,False,39999,0.4666666666666667,False,,1,0.47058823529411764,15
geo,0.05,14,False,14103,False,39999,0.7333333333333333,False,,1,0.5294117647058824,15
geo,0.05,14,False,14104,False,39999,0.7333333333333333,False,,1,0.35294117647058826,15
geo,0.05,15,False,15100,False,39999,0.75,False,,2,0.5,8
geo,0.05,15,False,15101,False,39999,0.75,False,,2,0.5,8
geo,0.05,15,False,15102,False,39999,0.625,False,,2,0.6666666666666666,8
geo,0.05,15,False,15103,False,39999,1.0,True,3,2,0.6666666666666666,8
geo,0.05,15,False,15104,False,39999,1.0,True,3,2,0.5833333333333334,8
geo,0.05,16,False,16100,False,39999,0.7142857142857143,False,,1,0.8,7
geo,0.05,16,False,16101,False,39999,1.0,False,,1,0.5333333333333333,7
geo,0.05,16,False,16102,False,39999,1.0,False,,1,0.6,7
geo,0.05,16,False,16103,False,39999,0.5714285714285714,False,,1,0.6,7
geo,0.05,16,False,16104,False,39999,0.8571428571428571,False,,1,0.6,7
geo,0.05,17,False,17100,False,39999,0.5,False,,1,0.6,10
geo,0.05,17,False,17101,False,39999,1.0,True,2,1,0.6,10
geo,0.05,17,False,17102,False,39999,0.6,False,,1,0.6,10
geo,0.05,17,False,17103,False,39999,0.6,False,,1,0.5333333333333333,10
geo,0.05,17,False,17104,False,39999,1.0,True,2,1,0.6666666666666666,10
geo,0.05,18,False,18100,False,39999,0.631578947368421,False,,1,0.42105263157894735,19
geo,0.05,18,False,18101,False,39999,0.5263157894736842,False,,1,0.47368421052631576,19
geo,0.05,18,False,18102,False,39999,0.6842105263157895,False,,1,0.631578947368421,19
geo,0.05,18,False,18103,False,39999,0.631578947368421,False,,1,0.5263157894736842,19
geo,0.05,18,False,18104,False,39999,0.6842105263157895,False,,1,0.5789473684210527,19
geo,0.05,19,False,19100,False,39999,1.0,False,,1,0.7857142857142857,6
geo,0.05,19,False,19101,False,39999,0.6666666666666666,False,,1,0.7857142857142857,6
geo,0.05,19,False,19102,False,39999,0.6666666666666666,False,,1,0.6428571428571429,6
geo,0.05,19,False,19103,False,39999,1.0,False,,1,0.7857142857142857,6
geo,0.05,19,False,19104,False,39999,1.0,False,,1,0.6428571428571429,6
geo,0.05,20,False,20100,False,39999,1.0,True,2,1,0.6363636363636364,4
geo,0.05,20,False,20101,False,39999,1.0,True,2,1,0.6363636363636364,4
geo,0.05,20,False,20102,False,39999,1.0,True,2,1,0.45454545454545453,4
geo,0.05,20,False,20103,False,39999,1.0,True,2,1,0.45454545454545453,4
geo,0.05,20,False,20104,True,32750,1.0,True,2,1,0.45454545454545453,4
geo,0.05,21,False,21100,False,39999,0.7647058823529411,False,,1,0.5,17
geo,0.05,21,False,21101,False,39999,0.7058823529411765,False,,1,0.6666666666666666,17
geo,0.05,21,False,21102,False,39999,0.7647058823529411,False,,1,0.5555555555555556,17
geo,0.05,21,False,21103,False,39999,1.0,True,2,1,0.3888888888888889,17
geo,0.05,21,False,21104,False,39999,0.5882352941176471,False,,1,0.6111111111111112,17
geo,0.05,22,False,22100,False,39999,0.7692307692307693,False,,1,0.47058823529411764,13
geo,0.05,22,False,22101,False,39999,0.7692307692307693,False,,1,0.6470588235294118,13
geo,0.05,22,False,22102,False,39999,1.0,True,2,1,0.7058823529411765,13
geo,0.05,22,False,22103,False,39999,0.6153846153846154,False,,1,0.6470588235294118,13
geo,0.05,22,False,22104,False,39999,0.6153846153846154,False,,1,0.23529411764705882,13
geo,0.05,23,False,23100,False,39999,1.0,True,2,1,0.5294117647058824,13
geo,0.05,23,False,23101,False,39999,0.3076923076923077,False,,1,0.5882352941176471,13
geo,0.05,23,False,23102,False,39999,0.9230769230769231,False,,1,0.5882352941176471,13
geo,0.05,23,False,23103,False,39999,0.6923076923076923,False,,1,0.5294117647058824,13
geo,0.05,23,False,23104,False,39999,0.5384615384615384,False,,1,0.23529411764705882,13
geo,0.05,24,False,24100,False,39999,0.7142857142857143,False,,1,0.6153846153846154,7
geo,0.05,24,False,24101,False,39999,1.0,True,2,1,0.7692307692307693,7
geo,0.05,24,False,24102,False,39999,0.8571428571428571,False,,1,0.5384615384615384,7
geo,0.05,24,False,24103,False,39999,1.0,True,2,1,0.6923076923076923,7
geo,0.05,24,False,24104,False,39999,1.0,True,2,1,0.6153846153846154,7
geo,0.05,25,False,25100,False,39999,1.0,True,2,1,0.4666666666666667,10
geo,0.05,25,False,25101,False,39999,0.8,False,,1,0.4666666666666667,10
geo,0.05,25,False,25102,False,39999,0.8,False,,1,0.4666666666666667,10
geo,0.05,25,False,25103,False,39999,1.0,True,2,1,0.6666666666666666,10
geo,0.05,25,False,25104,False,39999,0.8,False,,1,0.4666666666666667,10
geo,0.05,26,False,26100,False,39999,0.7142857142857143,False,,1,0.29411764705882354,14
geo,0.05,26,False,26101,False,39999,0.7857142857142857,False,,1,0.47058823529411764,14
geo,0.05,26,False,26102,False,39999,0.42857142857142855,False,,1,0.6470588235294118,14
geo,0.05,26,False,26103,False,39999,0.8571428571428571,False,,1,0.35294117647058826,14
geo,0.05,26,False,26104,False,39999,0.7142857142857143,False,,1,0.4117647058823529,14
geo,0.05,27,False,27100,False,39999,0.8888888888888888,False,,1,0.5333333333333333,9
geo,0.05,27,False,27101,False,39999,0.8888888888888888,False,,1,0.6666666666666666,9
geo,0.05,27,False,27102,False,39999,0.8888888888888888,False,,1,0.6,9
geo,0.05,27,False,27103,False,39999,0.7777777777777778,False,,1,0.5333333333333333,9
geo,0.05,27,False,27104,False,39999,0.6666666666666666,False,,1,0.6666666666666666,9
geo,0.05,28,False,28100,False,39999,0.7777777777777778,False,,1,0.5,9
geo,0.05,28,False,28101,False,39999,0.7777777777777778,False,,1,0.5,9
geo,0.05,28,False,28102,False,39999,0.7777777777777778,False,,1,0.7142857142857143,9
geo,0.05,28,False,28103,False,39999,0.7777777777777778,False,,1,0.5714285714285714,9
geo,0.05,28,False,28104,False,39999,1.0,True,2,1,0.5,9
geo,0.05,29,False,29100,False,39999,1.0,True,2,1,0.3333333333333333,10
geo,0.05,29,False,29101,False,39999,0.9,False,,1,0.4666666666666667,10
geo,0.05,29,False,29102,False,39999,0.7,False,,1,0.6666666666666666,10
geo,0.05,29,False,29103,False,39999,1.0,True,2,1,0.4,10
geo,0.05,29,False,29104,False,39999,0.8,False,,1,0.4666666666666667,10
real,0.0,0,True,100,True,950,1.0,True,2,1,0.65,22
real,0.0,0,True,101,True,1800,1.0,True,2,1,0.6,22
real,0.0,0,True,102,True,1250,1.0,True,2,1,0.5,22
real,0.0,0,True,103,True,1650,1.0,True,2,1,0.55,22
real,0.0,0,True,104,True,1300,1.0,True,2,1,0.6,22
real,0.0,1,True,1100,True,2400,1.0,True,2,1,0.45,22
real,0.0,1,True,1101,True,1500,1.0,True,2,1,0.5,22
real,0.0,1,True,1102,True,1150,1.0,True,2,1,0.65,22
real,0.0,1,True,1103,True,1450,1.0,True,2,1,0.5,22
real,0.0,1,True,1104,True,1300,1.0,True,2,1,0.4,22
real,0.0,2,True,2100,True,1500,1.0,True,2,1,0.45,22
real,0.0,2,True,2101,True,900,1.0,True,2,1,0.7,22
real,0.0,2,True,2102,True,900,1.0,True,2,1,0.55,22
real,0.0,2,True,2103,True,1950,1.0,True,2,1,0.5,22
real,0.0,2,True,2104,True,1050,1.0,True,2,1,0.55,22
real,0.0,3,True,3100,True,1000,1.0,True,2,1,0.4,22
real,0.0,3,True,3101,True,850,1.0,True,2,1,0.7,22
real,0.0,3,True,3102,True,900,1.0,True,2,1,0.6,22
real,0.0,3,True,3103,True,900,1.0,True,2,1,0.55,22
real,0.0,3,True,3104,True,1000,1.0,True,2,1,0.35,22
real,0.0,4,True,4100,True,850,1.0,True,2,1,0.65,22
real,0.0,4,True,4101,True,1100,1.0,True,2,1,0.55,22
real,0.0,4,True,4102,True,1150,1.0,True,2,1,0.65,22
real,0.0,4,True,4103,True,1000,1.0,True,2,1,0.65,22
real,0.0,4,True,4104,True,800,1.0,True,2,1,0.7,22
real,0.0,5,True,5100,True,950,1.0,True,2,1,0.5,22
real,0.0,5,True,5101,True,2050,1.0,True,2,1,0.4,22
real,0.0,5,True,5102,True,1050,1.0,True,2,1,0.7,22
real,0.0,5,True,5103,True,1750,1.0,True,2,1,0.4,22
real,0.0,5,True,5104,True,1050,1.0,True,2,1,0.5,22
real,0.0,6,True,6100,True,1250,1.0,True,2,1,0.45,22
real,0.0,6,True,6101,True,850,1.0,True,2,1,0.5,22
real,0.0,6,True,6102,True,850,1.0,True,2,1,0.65,22
real,0.0,6,True,6103,True,1100,1.0,True,2,1,0.45,22
real,0.0,6,True,6104,True,1200,1.0,True,2,1,0.6,22
real,0.0,7,True,7100,True,1650,1.0,True,2,1,0.5,22
real,0.0,7,True,7101,True,1150,1.0,True,2,1,0.55,22
real,0.0,7,True,7102,True,1000,1.0,True,2,1,0.55,22
real,0.0,7,True,7103,True,1100,1.0,True,2,1,0.7,22
real,0.0,7,True,7104,True,2800,1.0,True,2,1,0.45,22
real,0.0,8,True,8100,True,1500,1.0,True,2,1,0.5,22
real,0.0,8,True,8101,True,1000,1.0,True,2,1,0.45,22
real,0.0,8,True,8102,True,1250,1.0,True,2,1,0.3,22
real,0.0,8,True,8103,True,1050,1.0,True,2,1,0.4,22
real,0.0,8,True,8104,True,850,1.0,True,2,1,0.7,22
real,0.0,9,True,9100,True,1000,1.0,True,2,1,0.6,22
real,0.0,9,True,9101,True,1000,1.0,True,2,1,0.6,22
real,0.0,9,True,9102,True,1250,1.0,True,2,1,0.7,22
real,0.0,9,True,9103,True,950,1.0,True,2,1,0.25,22
real,0.0,9,True,9104,True,1400,1.0,True,2,1,0.35,22
real,0.0,10,True,10100,True,950,1.0,True,2,1,0.5,22
real,0.0,10,True,10101,True,850,1.0,True,2,1,0.7,22
real,0.0,10,True,10102,True,1300,1.0,True,2,1,0.65,22
real,0.0,10,True,10103,True,1000,1.0,True,2,1,0.5,22
real,0.0,10,True,10104,True,900,1.0,True,2,1,0.6,22
real,0.0,11,True,11100,True,1050,1.0,True,2,1,0.45,22
real,0.0,11,True,11101,True,850,1.0,True,2,1,0.55,22
real,0.0,11,True,11102,True,900,1.0,True,2,1,0.65,22
real,0.0,11,True,11103,True,1250,1.0,True,2,1,0.65,22
real,0.0,11,True,11104,True,1450,1.0,True,2,1,0.65,22
real,0.0,12,True,12100,True,1500,1.0,True,2,1,0.45,22
real,0.0,12,True,12101,True,1100,1.0,True,2,1,0.3,22
real,0.0,12,True,12102,True,1100,1.0,True,2,1,0.45,22
real,0.0,12,True,12103,True,1650,1.0,True,2,1,0.65,22
real,0.0,12,True,12104,True,950,1.0,True,2,1,0.65,22
real,0.0,13,True,13100,True,1200,1.0,True,2,1,0.5,22
real,0.0,13,True,13101,True,850,1.0,True,2,1,0.7,22
real,0.0,13,True,13102,True,950,1.0,True,2,1,0.55,22
real,0.0,13,True,13103,True,2200,1.0,True,2,1,0.65,22
real,0.0,13,True,13104,True,800,1.0,True,2,1,0.65,22
real,0.0,14,True,14100,True,1050,1.0,True,2,1,0.65,22
real,0.0,14,True,14101,True,1300,1.0,True,2,1,0.4,22
real,0.0,14,True,14102,True,1000,1.0,True,2,1,0.5,22
real,0.0,14,True,14103,True,900,1.0,True,2,1,0.65,22
real,0.0,14,True,14104,True,1150,1.0,True,2,1,0.6,22
real,0.0,15,True,15100,True,1450,1.0,True,2,1,0.5,22
real,0.0,15,True,15101,True,1150,1.0,True,2,1,0.65,22
real,0.0,15,True,15102,True,1800,1.0,True,2,1,0.45,22
real,0.0,15,True,15103,True,1100,1.0,True,2,1,0.6,22
real,0.0,15,True,15104,True,1300,1.0,True,2,1,0.55,22
real,0.0,16,True,16100,True,850,1.0,True,2,1,0.65,22
real,0.0,16,True,16101,True,1050,1.0,True,2,1,0.55,22
real,0.0,16,True,16102,True,1050,1.0,True,2,1,0.5,22
real,0.0,16,True,16103,True,1050,1.0,True,2,1,0.65,22
real,0.0,16,True,16104,True,1300,1.0,True,2,1,0.6,22
real,0.0,17,True,17100,True,950,1.0,True,2,1,0.6,22
real,0.0,17,True,17101,True,1400,1.0,True,2,1,0.55,22
real,0.0,17,True,17102,True,1050,1.0,True,2,1,0.55,22
real,0.0,17,True,17103,True,1000,1.0,True,2,1,0.7,22
real,0.0,17,True,17104,True,900,1.0,True,2,1,0.55,22
real,0.0,18,True,18100,True,1300,1.0,True,2,1,0.55,22
real,0.0,18,True,18101,True,1900,1.0,True,2,1,0.45,22
real,0.0,18,True,18102,True,1100,1.0,True,2,1,0.45,22
real,0.0,18,True,18103,True,1200,1.0,True,2,1,0.7,22
real,0.0,18,True,18104,True,1000,1.0,True,2,1,0.65,22
real,0.0,19,True,19100,True,1000,1.0,True,2,1,0.65,22
real,0.0,19,True,19101,True,1050,1.0,True,2,1,0.35,22
real,0.0,19,True,19102,True,1050,1.0,True,2,1,0.5,22
real,0.0,19,True,19103,True,1150,1.0,True,2,1,0.25,22
real,0.0,19,True,19104,True,1250,1.0,True,2,1,0.65,22
real,0.0,20,True,20100,True,1700,1.0,True,2,1,0.3,22
real,0.0,20,True,20101,True,900,1.0,True,2,1,0.55,22
real,0.0,20,True,20102,True,1450,1.0,True,2,1,0.55,22
real,0.0,20,True,20103,True,1050,1.0,True,2,1,0.7,22
real,0.0,20,True,20104,True,900,1.0,True,2,1,0.5,22
real,0.0,21,True,21100,True,950,1.0,True,2,1,0.7,22
real,0.0,21,True,21101,True,850,1.0,True,2,1,0.7,22
real,0.0,21,True,21102,True,1350,1.0,True,2,1,0.6,22
real,0.0,21,True,21103,True,1050,1.0,True,2,1,0.65,22
real,0.0,21,True,21104,True,1050,1.0,True,2,1,0.65,22
real,0.0,22,True,22100,True,1250,1.0,True,2,1,0.55,22
real,0.0,22,True,22101,True,1200,1.0,True,2,1,0.65,22
real,0.0,22,True,22102,True,850,1.0,True,2,1,0.65,22
real,0.0,22,True,22103,True,1700,1.0,True,2,1,0.6,22
real,0.0,22,True,22104,True,1100,1.0,True,2,1,0.45,22
real,0.0,23,True,23100,True,1100,1.0,True,2,1,0.7,22
real,0.0,23,True,23101,True,850,1.0,True,2,1,0.55,22
real,0.0,23,True,23102,True,900,1.0,True,2,1,0.6,22
real,0.0,23,True,23103,True,1000,1.0,True,2,1,0.55,22
real,0.0,23,True,23104,True,1300,1.0,True,2,1,0.4,22
real,0.0,24,True,24100,True,1200,1.0,True,2,1,0.5,22
real,0.0,24,True,24101,True,900,1.0,True,2,1,0.65,22
real,0.0,24,True,24102,True,1200,1.0,True,2,1,0.6,22
real,0.0,24,True,24103,True,1200,1.0,True,2,1,0.55,22
real,0.0,24,True,24104,True,1050,1.0,True,2,1,0.4,22
real,0.0,25,True,25100,True,800,1.0,True,2,1,0.7,22
real,0.0,25,True,25101,True,1400,1.0,True,2,1,0.55,22
real,0.0,25,True,25102,True,800,1.0,True,2,1,0.7,22
real,0.0,25,True,25103,True,1050,1.0,True,2,1,0.65,22
real,0.0,25,True,25104,True,900,1.0,True,2,1,0.65,22
real,0.0,26,True,26100,True,1050,1.0,True,2,1,0.6,22
real,0.0,26,True,26101,True,850,1.0,True,2,1,0.7,22
real,0.0,26,True,26102,True,1050,1.0,True,2,1,0.45,22
real,0.0,26,True,26103,True,1000,1.0,True,2,1,0.7,22
real,0.0,26,True,26104,True,1350,1.0,True,2,1,0.65,22
real,0.0,27,True,27100,True,900,1.0,True,2,1,0.6,22
real,0.0,27,True,27101,True,1000,1.0,True,2,1,0.55,22
real,0.0,27,True,27102,True,950,1.0,True,2,1,0.65,22
real,0.0,27,True,27103,True,1300,1.0,True,2,1,0.35,22
real,0.0,27,True,27104,True,950,1.0,True,2,1,0.55,22
real,0.0,28,True,28100,True,1350,1.0,True,2,1,0.6,22
real,0.0,28,True,28101,True,1050,1.0,True,2,1,0.6,22
real,0.0,28,True,28102,True,900,1.0,True,2,1,0.7,22
real,0.0,28,True,28103,True,1050,1.0,True,2,1,0.6,22
real,0.0,28,True,28104,True,1000,1.0,True,2,1,0.6,22
real,0.0,29,True,29100,True,850,1.0,True,2,1,0.55,22
real,0.0,29,True,29101,True,950,1.0,True,2,1,0.6,22
real,0.0,29,True,29102,True,1500,1.0,True,2,1,0.3,22
real,0.0,29,True,29103,True,1050,1.0,True,2,1,0.65,22
real,0.0,29,True,29104,True,1050,1.0,True,2,1,0.65,22
real,0.002,0,True,100,True,1650,1.0,True,2,1,0.65,22
real,0.002,0,True,101,True,1800,1.0,True,2,1,0.6,22
real,0.002,0,True,102,True,1250,1.0,True,2,1,0.5,22
real,0.002,0,True,103,True,4800,1.0,True,2,1,0.4,22
real,0.002,0,True,104,True,1000,1.0,True,2,1,0.6,22
real,0.002,1,True,1100,True,4700,1.0,True,2,1,0.65,22
real,0.002,1,True,1101,True,1500,1.0,True,2,1,0.5,22
real,0.002,1,True,1102,True,1150,1.0,True,2,1,0.65,22
real,0.002,1,True,1103,True,1450,1.0,True,2,1,0.5,22
real,0.002,1,True,1104,True,1850,1.0,True,2,1,0.55,22
real,0.002,2,True,2100,True,2450,1.0,True,2,1,0.5,22
real,0.002,2,True,2101,True,900,1.0,True,2,1,0.7,22
real,0.002,2,True,2102,True,900,1.0,True,2,1,0.55,22
real,0.002,2,True,2103,True,2650,1.0,True,2,1,0.5,22
real,0.002,2,True,2104,True,2200,1.0,True,2,1,0.5,22
real,0.002,3,True,3100,True,1500,1.0,True,2,1,0.7,22
real,0.002,3,True,3101,True,800,1.0,True,2,1,0.7,22
real,0.002,3,True,3102,True,900,1.0,True,2,1,0.6,22
real,0.002,3,True,3103,True,1650,1.0,True,2,1,0.55,22
real,0.002,3,True,3104,True,3050,1.0,True,2,1,0.45,22
real,0.002,4,True,4100,True,850,1.0,True,2,1,0.65,22
real,0.002,4,True,4101,True,1100,1.0,True,2,1,0.55,22
real,0.002,4,True,4102,True,1150,1.0,True,2,1,0.65,22
real,0.002,4,True,4103,True,1000,1.0,True,2,1,0.65,22
real,0.002,4,True,4104,True,800,1.0,True,2,1,0.7,22
real,0.002,5,True,5100,True,950,1.0,True,2,1,0.5,22
real,0.002,5,True,5101,True,2650,1.0,True,2,1,0.4,22
real,0.002,5,True,5102,True,1750,1.0,True,2,1,0.7,22
real,0.002,5,True,5103,True,1750,1.0,True,2,1,0.4,22
real,0.002,5,True,5104,True,1050,1.0,True,2,1,0.5,22
real,0.002,6,True,6100,True,1500,1.0,True,2,1,0.55,22
real,0.002,6,True,6101,True,3350,1.0,True,2,1,0.4,22
real,0.002,6,True,6102,True,850,1.0,True,2,1,0.65,22
real,0.002,6,True,6103,True,2550,1.0,True,2,1,0.55,22
real,0.002,6,True,6104,True,3250,1.0,True,2,1,0.55,22
real,0.002,7,True,7100,True,1650,1.0,True,2,1,0.5,22
real,0.002,7,True,7101,True,1150,1.0,True,2,1,0.55,22
real,0.002,7,True,7102,True,1000,1.0,True,2,1,0.55,22
real,0.002,7,True,7103,True,1400,1.0,True,2,1,0.7,22
real,0.002,7,True,7104,True,2850,1.0,True,2,1,0.55,22
real,0.002,8,True,8100,True,1500,1.0,True,2,1,0.5,22
real,0.002,8,True,8101,True,2400,1.0,True,2,1,0.65,22
real,0.002,8,True,8102,True,1250,1.0,True,2,1,0.3,22
real,0.002,8,True,8103,True,1050,1.0,True,2,1,0.4,22
real,0.002,8,True,8104,True,1650,1.0,True,2,1,0.6,22
real,0.002,9,True,9100,True,1000,1.0,True,2,1,0.6,22
real,0.002,9,True,9101,True,1000,1.0,True,2,1,0.6,22
real,0.002,9,True,9102,True,2000,1.0,True,2,1,0.45,22
real,0.002,9,True,9103,True,950,1.0,True,2,1,0.25,22
real,0.002,9,True,9104,True,1400,1.0,True,2,1,0.35,22
real,0.002,10,True,10100,True,1050,1.0,True,2,1,0.45,22
real,0.002,10,True,10101,True,850,1.0,True,2,1,0.7,22
real,0.002,10,True,10102,True,1300,1.0,True,2,1,0.65,22
real,0.002,10,True,10103,True,1000,1.0,True,2,1,0.7,22
real,0.002,10,True,10104,True,1350,1.0,True,2,1,0.6,22
real,0.002,11,True,11100,True,1050,1.0,True,2,1,0.45,22
real,0.002,11,True,11101,True,1300,1.0,True,2,1,0.55,22
real,0.002,11,True,11102,True,900,1.0,True,2,1,0.65,22
real,0.002,11,True,11103,True,4300,1.0,True,2,1,0.4,22
real,0.002,11,True,11104,True,1450,1.0,True,2,1,0.55,22
real,0.002,12,True,12100,True,1500,1.0,True,2,1,0.45,22
real,0.002,12,True,12101,True,1100,1.0,True,2,1,0.3,22
real,0.002,12,True,12102,True,1100,1.0,True,2,1,0.45,22
real,0.002,12,True,12103,True,1650,1.0,True,2,1,0.65,22
real,0.002,12,True,12104,True,950,1.0,True,2,1,0.65,22
real,0.002,13,True,13100,True,1200,1.0,True,2,1,0.5,22
real,0.002,13,True,13101,True,850,1.0,True,2,1,0.7,22
real,0.002,13,True,13102,True,1450,1.0,True,2,1,0.6,22
real,0.002,13,True,13103,True,1000,1.0,True,2,1,0.5,22
real,0.002,13,True,13104,True,1800,1.0,True,2,1,0.6,22
real,0.002,14,True,14100,True,1050,1.0,True,2,1,0.65,22
real,0.002,14,True,14101,True,1100,1.0,True,2,1,0.55,22
real,0.002,14,True,14102,True,1000,1.0,True,2,1,0.5,22
real,0.002,14,True,14103,True,900,1.0,True,2,1,0.65,22
real,0.002,14,True,14104,True,1150,1.0,True,2,1,0.6,22
real,0.002,15,True,15100,True,1450,1.0,True,2,1,0.5,22
real,0.002,15,True,15101,True,2000,1.0,True,2,1,0.55,22
real,0.002,15,True,15102,True,1800,1.0,True,2,1,0.45,22
real,0.002,15,True,15103,True,1100,1.0,True,2,1,0.6,22
real,0.002,15,True,15104,True,2050,1.0,True,2,1,0.5,22
real,0.002,16,True,16100,True,850,1.0,True,2,1,0.65,22
real,0.002,16,True,16101,True,1050,1.0,True,2,1,0.55,22
real,0.002,16,True,16102,True,1050,1.0,True,2,1,0.5,22
real,0.002,16,True,16103,True,2050,1.0,True,2,1,0.25,22
real,0.002,16,True,16104,True,1600,1.0,True,2,1,0.6,22
real,0.002,17,True,17100,True,1650,1.0,True,2,1,0.4,22
real,0.002,17,True,17101,True,1400,1.0,True,2,1,0.55,22
real,0.002,17,True,17102,True,1050,1.0,True,2,1,0.55,22
real,0.002,17,True,17103,True,1000,1.0,True,2,1,0.7,22
real,0.002,17,True,17104,True,900,1.0,True,2,1,0.55,22
real,0.002,18,True,18100,True,1300,1.0,True,2,1,0.55,22
real,0.002,18,True,18101,True,1500,1.0,True,2,1,0.5,22
real,0.002,18,True,18102,True,1100,1.0,True,2,1,0.45,22
real,0.002,18,True,18103,True,2250,1.0,True,2,1,0.35,22
real,0.002,18,True,18104,True,1000,1.0,True,2,1,0.65,22
real,0.002,19,True,19100,True,1350,1.0,True,2,1,0.7,22
real,0.002,19,True,19101,True,1550,1.0,True,2,1,0.5,22
real,0.002,19,True,19102,True,1650,1.0,True,2,1,0.5,22
real,0.002,19,True,19103,True,1150,1.0,True,2,1,0.25,22
real,0.002,19,True,19104,True,1250,1.0,True,2,1,0.65,22
real,0.002,20,True,20100,True,2350,1.0,True,2,1,0.45,22
real,0.002,20,True,20101,True,900,1.0,True,2,1,0.55,22
real,0.002,20,True,20102,True,1450,1.0,True,2,1,0.55,22
real,0.002,20,True,20103,True,1050,1.0,True,2,1,0.7,22
real,0.002,20,True,20104,True,1500,1.0,True,2,1,0.5,22
real,0.002,21,True,21100,True,950,1.0,True,2,1,0.7,22
real,0.002,21,True,21101,True,850,1.0,True,2,1,0.7,22
real,0.002,21,True,21102,True,1600,1.0,True,2,1,0.5,22
real,0.002,21,True,21103,True,2050,1.0,True,2,1,0.55,22
real,0.002,21,True,21104,True,3700,1.0,True,2,1,0.6,22
real,0.002,22,True,22100,True,1850,1.0,True,2,1,0.45,22
real,0.002,22,True,22101,True,1150,1.0,True,2,1,0.65,22
real,0.002,22,True,22102,True,850,1.0,True,2,1,0.65,22
real,0.002,22,True,22103,True,2850,1.0,True,2,1,0.4,22
real,0.002,22,True,22104,True,1100,1.0,True,2,1,0.45,22
real,0.002,23,True,23100,True,1100,1.0,True,2,1,0.7,22
real,0.002,23,True,23101,True,850,1.0,True,2,1,0.55,22
real,0.002,23,True,23102,True,1450,1.0,True,2,1,0.6,22
real,0.002,23,True,23103,True,1000,1.0,True,2,1,0.55,22
real,0.002,23,True,23104,True,1300,1.0,True,2,1,0.4,22
real,0.002,24,True,24100,True,1200,1.0,True,2,1,0.5,22
real,0.002,24,True,24101,True,900,1.0,True,2,1,0.65,22
real,0.002,24,True,24102,True,1200,1.0,True,2,1,0.6,22
real,0.002,24,True,24103,True,1750,1.0,True,2,1,0.55,22
real,0.002,24,True,24104,True,4850,1.0,True,2,1,0.3,22
real,0.002,25,True,25100,True,800,1.0,True,2,1,0.7,22
real,0.002,25,True,25101,True,3600,1.0,True,2,1,0.6,22
real,0.002,25,True,25102,True,1150,1.0,True,2,1,0.7,22
real,0.002,25,True,25103,True,2450,1.0,True,2,1,0.55,22
real,0.002,25,True,25104,True,900,1.0,True,2,1,0.65,22
real,0.002,26,True,26100,True,1050,1.0,True,2,1,0.6,22
real,0.002,26,True,26101,True,850,1.0,True,2,1,0.7,22
real,0.002,26,True,26102,True,1050,1.0,True,2,1,0.45,22
real,0.002,26,True,26103,True,5800,1.0,True,2,1,0.6,22
real,0.002,26,True,26104,True,1350,1.0,True,2,1,0.65,22
real,0.002,27,True,27100,True,1650,1.0,True,2,1,0.55,22
real,0.002,27,True,27101,True,2700,1.0,True,2,1,0.4,22
real,0.002,27,True,27102,True,1350,1.0,True,2,1,0.55,22
real,0.002,27,True,27103,True,1300,1.0,True,2,1,0.35,22
real,0.002,27,True,27104,True,1100,1.0,True,2,1,0.65,22
real,0.002,28,True,28100,True,4600,1.0,True,2,1,0.55,22
real,0.002,28,True,28101,True,1050,1.0,True,2,1,0.6,22
real,0.002,28,True,28102,True,2200,1.0,True,2,1,0.55,22
real,0.002,28,True,28103,True,950,1.0,True,2,1,0.7,22
real,0.002,28,True,28104,True,3500,1.0,True,2,1,0.55,22
real,0.002,29,True,29100,True,850,1.0,True,2,1,0.55,22
real,0.002,29,True,29101,True,950,1.0,True,2,1,0.6,22
real,0.002,29,True,29102,True,1950,1.0,True,2,1,0.6,22
real,0.002,29,True,29103,True,1050,1.0,True,2,1,0.65,22
real,0.002,29,True,29104,True,2100,1.0,True,2,1,0.4,22
real,0.005,0,True,100,True,6150,1.0,True,2,1,0.4,22
real,0.005,0,True,101,True,2600,1.0,True,2,1,0.6,22
real,0.005,0,True,102,True,1250,1.0,True,2,1,0.5,22
real,0.005,0,True,103,True,6150,1.0,True,2,1,0.6,22
real,0.005,0,True,104,True,1000,1.0,True,2,1,0.6,22
real,0.005,1,True,1100,True,1450,1.0,True,2,1,0.6,22
real,0.005,1,True,1101,True,1950,1.0,True,2,1,0.55,22
real,0.005,1,True,1102,True,1150,1.0,True,2,1,0.65,22
real,0.005,1,True,1103,True,3600,1.0,True,2,1,0.45,22
real,0.005,1,True,1104,True,1700,1.0,True,2,1,0.55,22
real,0.005,2,True,2100,True,2400,1.0,True,2,1,0.45,22
real,0.005,2,True,2101,True,900,1.0,True,2,1,0.7,22
real,0.005,2,True,2102,True,4950,1.0,True,2,1,0.55,22
real,0.005,2,True,2103,True,1350,1.0,True,2,1,0.55,22
real,0.005,2,True,2104,True,2200,1.0,True,2,1,0.5,22
real,0.005,3,True,3100,True,1500,1.0,True,2,1,0.7,22
real,0.005,3,True,3101,True,800,1.0,True,2,1,0.7,22
real,0.005,3,True,3102,True,900,1.0,True,2,1,0.6,22
real,0.005,3,True,3103,True,1650,1.0,True,2,1,0.55,22
real,0.005,3,True,3104,True,4250,1.0,True,2,1,0.6,22
real,0.005,4,True,4100,True,850,1.0,True,2,1,0.65,22
real,0.005,4,True,4101,True,1050,1.0,True,2,1,0.55,22
real,0.005,4,True,4102,True,1100,1.0,True,2,1,0.65,22
real,0.005,4,True,4103,True,1700,1.0,True,2,1,0.65,22
real,0.005,4,True,4104,True,5650,1.0,True,2,1,0.45,22
real,0.005,5,True,5100,True,950,1.0,True,2,1,0.5,22
real,0.005,5,True,5101,True,4500,1.0,True,2,1,0.35,22
real,0.005,5,True,5102,True,1750,1.0,True,2,1,0.7,22
real,0.005,5,True,5103,True,3300,1.0,True,2,1,0.55,22
real,0.005,5,True,5104,True,1700,1.0,True,2,1,0.5,22
real,0.005,6,True,6100,True,2150,1.0,True,2,1,0.55,22
real,0.005,6,True,6101,True,3200,1.0,True,2,1,0.4,22
real,0.005,6,True,6102,True,2850,1.0,True,2,1,0.5,22
real,0.005,6,True,6103,True,4500,1.0,True,2,1,0.5,22
real,0.005,6,True,6104,True,5850,1.0,True,2,1,0.5,22
real,0.005,7,True,7100,True,11650,1.0,True,2,1,0.5,22
real,0.005,7,True,7101,True,1300,1.0,True,2,1,0.5,22
real,0.005,7,True,7102,True,1000,1.0,True,2,1,0.55,22
real,0.005,7,True,7103,True,1350,1.0,True,2,1,0.55,22
real,0.005,7,True,7104,True,4800,1.0,True,2,1,0.45,22
real,0.005,8,True,8100,True,1950,1.0,True,2,1,0.4,22
real,0.005,8,True,8101,True,2400,1.0,True,2,1,0.65,22
real,0.005,8,True,8102,True,2800,1.0,True,2,1,0.6,22
real,0.005,8,True,8103,True,1050,1.0,True,2,1,0.4,22
real,0.005,8,True,8104,True,2150,1.0,True,2,1,0.6,22
real,0.005,9,True,9100,True,4400,1.0,True,2,1,0.45,22
real,0.005,9,True,9101,True,1350,1.0,True,2,1,0.45,22
real,0.005,9,True,9102,True,8250,1.0,True,2,1,0.6,22
real,0.005,9,True,9103,True,2350,1.0,True,2,1,0.45,22
real,0.005,9,True,9104,True,1700,1.0,True,2,1,0.65,22
real,0.005,10,True,10100,True,1400,1.0,True,2,1,0.6,22
real,0.005,10,True,10101,True,850,1.0,True,2,1,0.7,22
real,0.005,10,True,10102,True,3050,1.0,True,2,1,0.5,22
real,0.005,10,True,10103,True,1600,1.0,True,2,1,0.7,22
real,0.005,10,True,10104,True,1350,1.0,True,2,1,0.6,22
real,0.005,11,True,11100,True,1350,1.0,True,2,1,0.6,22
real,0.005,11,True,11101,True,1300,1.0,True,2,1,0.55,22
real,0.005,11,True,11102,True,2050,1.0,True,2,1,0.35,22
real,0.005,11,True,11103,True,4450,1.0,True,2,1,0.5,22
real,0.005,11,True,11104,True,2150,1.0,True,2,1,0.6,22
real,0.005,12,True,12100,True,1500,1.0,True,2,1,0.45,22
real,0.005,12,True,12101,True,1100,1.0,True,2,1,0.3,22
real,0.005,12,True,12102,True,1100,1.0,True,2,1,0.45,22
real,0.005,12,True,12103,True,1650,1.0,True,2,1,0.55,22
real,0.005,12,True,12104,True,950,1.0,True,2,1,0.65,22
real,0.005,13,True,13100,True,1300,1.0,True,2,1,0.7,22
real,0.005,13,True,13101,True,850,1.0,True,2,1,0.7,22
real,0.005,13,True,13102,True,1450,1.0,True,2,1,0.6,22
real,0.005,13,True,13103,True,2000,1.0,True,2,1,0.55,22
real,0.005,13,True,13104,True,1800,1.0,True,2,1,0.5,22
real,0.005,14,True,14100,True,1850,1.0,True,2,1,0.65,22
real,0.005,14,True,14101,True,1700,1.0,True,2,1,0.6,22
real,0.005,14,True,14102,True,1000,1.0,True,2,1,0.5,22
real,0.005,14,True,14103,True,5400,1.0,True,2,1,0.4,22
real,0.005,14,True,14104,True,1150,1.0,True,2,1,0.6,22
real,0.005,15,True,15100,True,1850,1.0,True,2,1,0.45,22
real,0.005,15,True,15101,True,3100,1.0,True,2,1,0.35,22
real,0.005,15,True,15102,True,2300,1.0,True,2,1,0.45,22
real,0.005,15,True,15103,True,1100,1.0,True,2,1,0.6,22
real,0.005,15,True,15104,True,1950,1.0,True,2,1,0.7,22
real,0.005,16,True,16100,True,3600,1.0,True,2,1,0.6,22
real,0.005,16,True,16101,True,2350,1.0,True,2,1,0.55,22
real,0.005,16,True,16102,True,1650,1.0,True,2,1,0.6,22
real,0.005,16,True,16103,True,2050,1.0,True,2,1,0.25,22
real,0.005,16,True,16104,True,3150,1.0,True,2,1,0.55,22
real,0.005,17,True,17100,True,1650,1.0,True,2,1,0.4,22
real,0.005,17,True,17101,True,2100,1.0,True,2,1,0.55,22
real,0.005,17,True,17102,True,4750,1.0,True,2,1,0.65,22
real,0.005,17,True,17103,True,1000,1.0,True,2,1,0.7,22
real,0.005,17,True,17104,True,1750,1.0,True,2,1,0.25,22
real,0.005,18,True,18100,True,1300,1.0,True,2,1,0.55,22
real,0.005,18,True,18101,True,1500,1.0,True,2,1,0.5,22
real,0.005,18,True,18102,True,1100,1.0,True,2,1,0.45,22
real,0.005,18,True,18103,True,2300,1.0,True,2,1,0.65,22
real,0.005,18,True,18104,True,3450,1.0,True,2,1,0.5,22
real,0.005,19,True,19100,True,3550,1.0,True,2,1,0.5,22
real,0.005,19,True,19101,True,1600,1.0,True,2,1,0.35,22
real,0.005,19,True,19102,True,3750,1.0,True,2,1,0.6,22
real,0.005,19,True,19103,True,2850,1.0,True,2,1,0.5,22
real,0.005,19,True,19104,True,1250,1.0,True,2,1,0.65,22
real,0.005,20,True,20100,True,2350,1.0,True,2,1,0.45,22
real,0.005,20,True,20101,True,900,1.0,True,2,1,0.55,22
real,0.005,20,True,20102,True,1600,1.0,True,2,1,0.55,22
real,0.005,20,True,20103,True,1100,1.0,True,2,1,0.45,22
real,0.005,20,True,20104,True,3000,1.0,True,2,1,0.4,22
real,0.005,21,True,21100,True,950,1.0,True,2,1,0.7,22
real,0.005,21,True,21101,True,850,1.0,True,2,1,0.7,22
real,0.005,21,True,21102,True,2050,1.0,True,2,1,0.55,22
real,0.005,21,True,21103,True,2050,1.0,True,2,1,0.55,22
real,0.005,21,True,21104,True,3300,1.0,True,2,1,0.45,22
real,0.005,22,True,22100,True,1600,1.0,True,2,1,0.4,22
real,0.005,22,True,22101,True,1150,1.0,True,2,1,0.65,22
real,0.005,22,True,22102,True,850,1.0,True,2,1,0.65,22
real,0.005,22,True,22103,True,2900,1.0,True,2,1,0.4,22
real,0.005,22,True,22104,True,5600,1.0,True,2,1,0.65,22
real,0.005,23,True,23100,True,4450,1.0,True,2,1,0.6,22
real,0.005,23,True,23101,True,9650,1.0,True,2,1,0.5,22
real,0.005,23,True,23102,True,1450,1.0,True,2,1,0.6,22
real,0.005,23,True,23103,True,1050,1.0,True,2,1,0.5,22
real,0.005,23,True,23104,True,5100,1.0,True,2,1,0.5,22
real,0.005,24,True,24100,True,1700,1.0,True,2,1,0.65,22
real,0.005,24,True,24101,True,3000,1.0,True,2,1,0.4,22
real,0.005,24,True,24102,True,1050,1.0,True,2,1,0.55,22
real,0.005,24,True,24103,True,5250,1.0,True,2,1,0.55,22
real,0.005,24,True,24104,True,5000,1.0,True,2,1,0.5,22
real,0.005,25,True,25100,True,4250,1.0,True,1,1,0.5,22
real,0.005,25,True,25101,True,2600,1.0,True,2,1,0.25,22
real,0.005,25,True,25102,True,1600,1.0,True,2,1,0.7,22
real,0.005,25,True,25103,True,2400,1.0,True,2,1,0.55,22
real,0.005,25,True,25104,True,5800,1.0,True,2,1,0.5,22
real,0.005,26,True,26100,True,3900,1.0,True,2,1,0.5,22
real,0.005,26,True,26101,True,1650,1.0,True,2,1,0.65,22
real,0.005,26,True,26102,True,1050,1.0,True,2,1,0.45,22
real,0.005,26,True,26103,True,4500,1.0,True,2,1,0.65,22
real,0.005,26,True,26104,True,1350,1.0,True,2,1,0.65,22
real,0.005,27,True,27100,True,3100,1.0,True,2,1,0.4,22
real,0.005,27,True,27101,True,2750,1.0,True,2,1,0.45,22
real,0.005,27,True,27102,True,1350,1.0,True,2,1,0.55,22
real,0.005,27,True,27103,True,1400,1.0,True,2,1,0.45,22
real,0.005,27,True,27104,True,1700,1.0,True,2,1,0.65,22
real,0.005,28,True,28100,True,4600,1.0,True,2,1,0.55,22
real,0.005,28,True,28101,True,1050,1.0,True,2,1,0.6,22
real,0.005,28,True,28102,True,2600,1.0,True,2,1,0.5,22
real,0.005,28,True,28103,True,3400,1.0,True,2,1,0.55,22
real,0.005,28,True,28104,True,3800,1.0,True,2,1,0.2,22
real,0.005,29,True,29100,True,3000,1.0,True,2,1,0.7,22
real,0.005,29,True,29101,True,4000,1.0,True,2,1,0.55,22
real,0.005,29,True,29102,True,1700,1.0,True,2,1,0.35,22
real,0.005,29,True,29103,True,3300,1.0,True,2,1,0.5,22
real,0.005,29,True,29104,True,4350,1.0,True,2,1,0.5,22
real,0.01,0,True,100,True,2550,1.0,True,2,1,0.55,22
real,0.01,0,True,101,True,9350,1.0,True,2,1,0.65,22
real,0.01,0,True,102,True,2650,1.0,True,2,1,0.35,22
real,0.01,0,True,103,True,6100,1.0,True,2,1,0.2,22
real,0.01,0,True,104,True,1000,1.0,True,2,1,0.6,22
real,0.01,1,True,1100,True,1450,1.0,True,2,1,0.6,22
real,0.01,1,True,1101,True,1900,1.0,True,2,1,0.4,22
real,0.01,1,True,1102,True,4600,1.0,True,2,1,0.55,22
real,0.01,1,True,1103,True,17300,1.0,True,2,1,0.6,22
real,0.01,1,True,1104,True,14800,1.0,True,2,1,0.6,22
real,0.01,2,True,2100,True,9000,1.0,True,2,1,0.4,22
real,0.01,2,True,2101,True,4350,1.0,True,2,1,0.6,22
real,0.01,2,True,2102,True,11350,1.0,True,2,1,0.25,22
real,0.01,2,True,2103,True,1500,1.0,True,2,1,0.6,22
real,0.01,2,True,2104,True,2600,1.0,True,2,1,0.45,22
real,0.01,3,True,3100,True,2300,1.0,True,2,1,0.45,22
real,0.01,3,True,3101,True,7450,1.0,True,2,1,0.6,22
real,0.01,3,True,3102,True,2450,1.0,True,2,1,0.45,22
real,0.01,3,True,3103,True,1650,1.0,True,2,1,0.55,22
real,0.01,3,True,3104,True,8050,1.0,True,2,1,0.6,22
real,0.01,4,True,4100,True,850,1.0,True,2,1,0.65,22
real,0.01,4,True,4101,True,4650,1.0,True,2,1,0.4,22
real,0.01,4,True,4102,True,1400,1.0,True,2,1,0.55,22
real,0.01,4,True,4103,True,1500,1.0,True,2,1,0.6,22
real,0.01,4,True,4104,True,5650,1.0,True,2,1,0.55,22
real,0.01,5,True,5100,True,12900,1.0,True,2,1,0.6,22
real,0.01,5,True,5101,True,4350,1.0,True,2,1,0.55,22
real,0.01,5,True,5102,True,2000,1.0,True,2,1,0.5,22
real,0.01,5,True,5103,True,1350,1.0,True,2,1,0.55,22
real,0.01,5,True,5104,True,3850,1.0,True,2,1,0.55,22
real,0.01,6,True,6100,True,5500,1.0,True,2,1,0.3,22
real,0.01,6,True,6101,True,6350,1.0,True,2,1,0.6,22
real,0.01,6,True,6102,True,2550,1.0,True,2,1,0.5,22
real,0.01,6,True,6103,True,4400,1.0,True,2,1,0.55,22
real,0.01,6,True,6104,True,8500,1.0,True,2,1,0.55,22
real,0.01,7,True,7100,True,3850,1.0,True,2,1,0.65,22
real,0.01,7,True,7101,True,5800,1.0,True,2,1,0.45,22
real,0.01,7,True,7102,True,1000,1.0,True,2,1,0.55,22
real,0.01,7,True,7103,True,21250,1.0,True,2,1,0.5,22
real,0.01,7,True,7104,True,2300,1.0,True,2,1,0.6,22
real,0.01,8,True,8100,True,3050,1.0,True,2,1,0.6,22
real,0.01,8,True,8101,True,10450,1.0,True,2,1,0.35,22
real,0.01,8,True,8102,True,2900,1.0,True,2,1,0.6,22
real,0.01,8,True,8103,True,1050,1.0,True,2,1,0.4,22
real,0.01,8,True,8104,True,4100,1.0,True,2,1,0.45,22
real,0.01,9,True,9100,True,8500,1.0,True,2,1,0.65,22
real,0.01,9,True,9101,True,1600,1.0,True,2,1,0.3,22
real,0.01,9,True,9102,True,10950,1.0,True,2,1,0.7,22
real,0.01,9,True,9103,True,3450,1.0,True,2,1,0.3,22
real,0.01,9,True,9104,True,3650,1.0,True,2,1,0.65,22
real,0.01,10,True,10100,True,5050,1.0,True,2,1,0.55,22
real,0.01,10,True,10101,True,10550,1.0,True,2,1,0.55,22
real,0.01,10,True,10102,True,11900,1.0,True,2,1,0.6,22
real,0.01,10,True,10103,True,1600,1.0,True,2,1,0.7,22
real,0.01,10,True,10104,True,5250,1.0,True,2,1,0.45,22
real,0.01,11,True,11100,True,2400,1.0,True,2,1,0.35,22
real,0.01,11,True,11101,True,3050,1.0,True,2,1,0.45,22
real,0.01,11,True,11102,True,3000,1.0,True,2,1,0.3,22
real,0.01,11,True,11103,True,4600,1.0,True,2,1,0.55,22
real,0.01,11,True,11104,True,23700,1.0,True,2,1,0.3,22
real,0.01,12,True,12100,True,3700,1.0,True,2,1,0.55,22
real,0.01,12,True,12101,True,4600,1.0,True,2,1,0.3,22
real,0.01,12,True,12102,True,6300,1.0,True,2,1,0.45,22
real,0.01,12,True,12103,True,5850,1.0,True,2,1,0.35,22
real,0.01,12,True,12104,True,1350,1.0,True,2,1,0.35,22
real,0.01,13,True,13100,True,2200,1.0,True,2,1,0.6,22
real,0.01,13,True,13101,True,1550,1.0,True,2,1,0.4,22
real,0.01,13,True,13102,True,1450,1.0,True,2,1,0.6,22
real,0.01,13,True,13103,True,3550,1.0,True,2,1,0.25,22
real,0.01,13,True,13104,True,4300,1.0,True,2,1,0.6,22
real,0.01,14,True,14100,True,5800,1.0,True,2,1,0.45,22
real,0.01,14,True,14101,True,5050,1.0,True,2,1,0.15,22
real,0.01,14,True,14102,True,1000,1.0,True,2,1,0.5,22
real,0.01,14,True,14103,True,2550,1.0,True,2,1,0.45,22
real,0.01,14,True,14104,True,7500,1.0,True,2,1,0.45,22
real,0.01,15,True,15100,True,4550,1.0,True,2,1,0.65,22
real,0.01,15,True,15101,True,3250,1.0,True,2,1,0.4,22
real,0.01,15,True,15102,True,7050,1.0,True,2,1,0.3,22
real,0.01,15,True,15103,True,5300,1.0,True,2,1,0.55,22
real,0.01,15,True,15104,True,8350,1.0,True,2,1,0.45,22
real,0.01,16,True,16100,True,3750,1.0,True,2,1,0.55,22
real,0.01,16,True,16101,True,5150,1.0,True,2,1,0.6,22
real,0.01,16,True,16102,True,9000,1.0,True,2,1,0.5,22
real,0.01,16,True,16103,True,4750,1.0,True,2,1,0.6,22
real,0.01,16,True,16104,True,3600,1.0,True,2,1,0.5,22
real,0.01,17,True,17100,True,7400,1.0,True,2,1,0.55,22
real,0.01,17,True,17101,True,2350,1.0,True,2,1,0.6,22
real,0.01,17,True,17102,True,5050,1.0,True,2,1,0.4,22
real,0.01,17,True,17103,True,7300,1.0,True,2,1,0.65,22
real,0.01,17,True,17104,True,6400,1.0,True,2,1,0.6,22
real,0.01,18,True,18100,True,3300,1.0,True,2,1,0.45,22
real,0.01,18,True,18101,True,3400,1.0,True,2,1,0.4,22
real,0.01,18,True,18102,True,5800,1.0,True,2,1,0.5,22
real,0.01,18,True,18103,True,12300,1.0,True,2,1,0.45,22
real,0.01,18,True,18104,True,6150,1.0,True,2,1,0.4,22
real,0.01,19,True,19100,True,5450,1.0,True,2,1,0.4,22
real,0.01,19,True,19101,True,3750,1.0,True,2,1,0.3,22
real,0.01,19,True,19102,True,19150,1.0,True,2,1,0.55,22
real,0.01,19,True,19103,True,5900,1.0,True,2,1,0.6,22
real,0.01,19,True,19104,True,2300,1.0,True,2,1,0.5,22
real,0.01,20,True,20100,True,6950,1.0,True,2,1,0.45,22
real,0.01,20,True,20101,True,900,1.0,True,2,1,0.55,22
real,0.01,20,True,20102,True,3350,1.0,True,2,1,0.6,22
real,0.01,20,True,20103,True,11250,1.0,True,2,1,0.45,22
real,0.01,20,True,20104,True,8000,1.0,True,2,1,0.4,22
real,0.01,21,True,21100,True,11600,1.0,True,2,1,0.55,22
real,0.01,21,True,21101,True,850,1.0,True,2,1,0.7,22
real,0.01,21,True,21102,True,2050,1.0,True,2,1,0.35,22
real,0.01,21,True,21103,True,11450,1.0,True,2,1,0.4,22
real,0.01,21,True,21104,True,7350,1.0,True,2,1,0.6,22
real,0.01,22,True,22100,True,1800,1.0,True,2,1,0.55,22
real,0.01,22,True,22101,True,4000,1.0,True,2,1,0.45,22
real,0.01,22,True,22102,True,3850,1.0,True,2,1,0.55,22
real,0.01,22,True,22103,True,14550,1.0,True,2,1,0.7,22
real,0.01,22,True,22104,True,8500,1.0,True,2,1,0.55,22
real,0.01,23,True,23100,True,16650,1.0,True,2,1,0.45,22
real,0.01,23,True,23101,True,14800,1.0,True,2,1,0.6,22
real,0.01,23,True,23102,True,12950,1.0,True,2,1,0.45,22
real,0.01,23,True,23103,True,2100,1.0,True,2,1,0.55,22
real,0.01,23,True,23104,True,10250,1.0,True,2,1,0.4,22
real,0.01,24,True,24100,True,2800,1.0,True,2,1,0.55,22
real,0.01,24,True,24101,True,2900,1.0,True,2,1,0.65,22
real,0.01,24,True,24102,True,1050,1.0,True,2,1,0.5,22
real,0.01,24,True,24103,True,5000,1.0,True,2,1,0.4,22
real,0.01,24,True,24104,True,20250,1.0,True,2,1,0.6,22
real,0.01,25,True,25100,True,6400,1.0,True,2,1,0.55,22
real,0.01,25,True,25101,True,3600,1.0,True,2,1,0.6,22
real,0.01,25,True,25102,True,1100,1.0,True,2,1,0.7,22
real,0.01,25,True,25103,True,2300,1.0,True,2,1,0.5,22
real,0.01,25,True,25104,True,17100,1.0,True,2,1,0.55,22
real,0.01,26,True,26100,True,3800,1.0,True,2,1,0.5,22
real,0.01,26,True,26101,True,2200,1.0,True,2,1,0.4,22
real,0.01,26,True,26102,True,6850,1.0,True,2,1,0.4,22
real,0.01,26,True,26103,True,4400,1.0,True,2,1,0.5,22
real,0.01,26,True,26104,True,1350,1.0,True,2,1,0.65,22
real,0.01,27,True,27100,True,2750,1.0,True,2,1,0.55,22
real,0.01,27,True,27101,True,2800,1.0,True,2,1,0.5,22
real,0.01,27,True,27102,True,2900,1.0,True,2,1,0.2,22
real,0.01,27,True,27103,True,4250,1.0,True,2,1,0.3,22
real,0.01,27,True,27104,True,8950,1.0,True,2,1,0.55,22
real,0.01,28,True,28100,True,4300,1.0,True,2,1,0.65,22
real,0.01,28,True,28101,True,11350,1.0,True,2,1,0.45,22
real,0.01,28,True,28102,True,12250,1.0,True,2,1,0.65,22
real,0.01,28,True,28103,True,1350,1.0,True,1,1,0.5,22
real,0.01,28,True,28104,True,11950,1.0,True,2,1,0.4,22
real,0.01,29,True,29100,True,17850,1.0,True,2,1,0.55,22
real,0.01,29,True,29101,True,3150,1.0,True,2,1,0.5,22
real,0.01,29,True,29102,True,5250,1.0,True,1,1,0.5,22
real,0.01,29,True,29103,True,1750,1.0,True,2,1,0.5,22
real,0.01,29,True,29104,True,4000,1.0,True,2,1,0.65,22
real,0.015,0,True,100,True,28950,1.0,True,2,1,0.15,22
real,0.015,0,True,101,True,13250,1.0,True,2,1,0.55,22
real,0.015,0,True,102,False,39999,1.0,True,2,1,0.5,22
real,0.015,0,True,103,True,6150,1.0,True,2,1,0.7,22
real,0.015,0,True,104,True,1000,1.0,True,2,1,0.6,22
real,0.015,1,True,1100,True,2150,1.0,True,2,1,0.7,22
real,0.015,1,True,1101,True,14100,1.0,True,2,1,0.55,22
real,0.015,1,True,1102,True,4500,1.0,True,2,1,0.45,22
real,0.015,1,True,1103,False,39999,0.5454545454545454,False,,1,0.55,22
real,0.015,1,True,1104,False,39999,0.7272727272727273,False,,1,0.55,22
real,0.015,2,True,2100,True,10450,1.0,True,2,1,0.3,22
real,0.015,2,True,2101,True,22850,1.0,True,2,1,0.5,22
real,0.015,2,True,2102,True,13800,1.0,True,2,1,0.3,22
real,0.015,2,True,2103,True,21350,1.0,True,2,1,0.25,22
real,0.015,2,True,2104,True,35150,1.0,True,2,1,0.5,22
real,0.015,3,True,3100,True,2350,1.0,True,2,1,0.45,22
real,0.015,3,True,3101,True,7150,1.0,True,2,1,0.3,22
real,0.015,3,True,3102,True,7250,1.0,True,2,1,0.45,22
real,0.015,3,True,3103,True,1750,1.0,True,2,1,0.5,22
real,0.015,3,True,3104,True,9600,1.0,True,1,1,0.5,22
real,0.015,4,True,4100,True,2650,1.0,True,2,1,0.65,22
real,0.015,4,True,4101,True,32700,1.0,True,2,1,0.45,22
real,0.015,4,True,4102,True,36800,1.0,True,2,1,0.4,22
real,0.015,4,True,4103,True,7800,1.0,True,2,1,0.65,22
real,0.015,4,True,4104,True,5400,1.0,True,2,1,0.55,22
real,0.015,5,True,5100,False,39999,1.0,True,2,1,0.55,22
real,0.015,5,True,5101,True,22550,1.0,True,2,1,0.65,22
real,0.015,5,True,5102,True,6450,1.0,True,2,1,0.5,22
real,0.015,5,True,5103,True,13100,1.0,True,2,1,0.55,22
real,0.015,5,True,5104,True,7100,1.0,True,2,1,0.55,22
real,0.015,6,True,6100,False,39999,1.0,True,2,1,0.65,22
real,0.015,6,True,6101,True,8050,1.0,True,2,1,0.25,22
real,0.015,6,True,6102,True,28650,1.0,True,2,1,0.4,22
real,0.015,6,True,6103,True,6450,1.0,True,2,1,0.5,22
real,0.015,6,True,6104,False,39999,0.9090909090909091,False,,1,0.55,22
real,0.015,7,True,7100,True,13850,1.0,True,2,1,0.6,22
real,0.015,7,True,7101,True,5550,1.0,True,2,1,0.5,22
real,0.015,7,True,7102,False,39999,0.9090909090909091,False,,1,0.65,22
real,0.015,7,True,7103,True,21000,1.0,True,2,1,0.7,22
real,0.015,7,True,7104,True,9700,1.0,True,2,1,0.35,22
real,0.015,8,True,8100,True,35150,1.0,True,2,1,0.45,22
real,0.015,8,True,8101,True,10250,1.0,True,2,1,0.5,22
real,0.015,8,True,8102,False,39999,0.7727272727272727,False,,1,0.7,22
real,0.015,8,True,8103,True,10650,1.0,True,2,1,0.5,22
real,0.015,8,True,8104,True,6050,1.0,True,2,1,0.45,22
real,0.015,9,True,9100,True,1950,1.0,True,2,1,0.5,22
real,0.015,9,True,9101,True,11800,1.0,True,2,1,0.6,22
real,0.015,9,True,9102,True,36850,1.0,True,2,1,0.25,22
real,0.015,9,True,9103,True,3450,1.0,True,2,1,0.35,22
real,0.015,9,True,9104,True,11850,1.0,True,2,1,0.6,22
real,0.015,10,True,10100,False,39999,1.0,True,2,1,0.5,22
real,0.015,10,True,10101,True,27150,1.0,True,2,1,0.65,22
real,0.015,10,True,10102,True,16150,1.0,True,2,1,0.45,22
real,0.015,10,True,10103,True,26300,1.0,True,2,1,0.5,22
real,0.015,10,True,10104,False,39999,1.0,True,2,1,0.6,22
real,0.015,11,True,11100,False,39999,0.7272727272727273,False,,1,0.45,22
real,0.015,11,True,11101,True,30350,1.0,True,2,1,0.65,22
real,0.015,11,True,11102,True,2000,1.0,True,2,1,0.55,22
real,0.015,11,True,11103,True,18050,1.0,True,2,1,0.5,22
real,0.015,11,True,11104,True,23300,1.0,True,2,1,0.3,22
real,0.015,12,True,12100,False,39999,0.5,False,,1,0.4,22
real,0.015,12,True,12101,True,4750,1.0,True,2,1,0.55,22
real,0.015,12,True,12102,True,11500,1.0,True,2,1,0.15,22
real,0.015,12,True,12103,True,25350,1.0,True,2,1,0.65,22
real,0.015,12,True,12104,True,17000,1.0,True,2,1,0.45,22
real,0.015,13,True,13100,True,3850,1.0,True,2,1,0.6,22
real,0.015,13,True,13101,True,6800,1.0,True,2,1,0.7,22
real,0.015,13,True,13102,True,3450,1.0,True,2,1,0.6,22
real,0.015,13,True,13103,True,5700,1.0,True,2,1,0.45,22
real,0.015,13,True,13104,True,4450,1.0,True,2,1,0.55,22
real,0.015,14,True,14100,True,32850,1.0,True,2,1,0.45,22
real,0.015,14,True,14101,True,5150,1.0,True,2,1,0.6,22
real,0.015,14,True,14102,True,1000,1.0,True,2,1,0.5,22
real,0.015,14,True,14103,True,2350,1.0,True,2,1,0.45,22
real,0.015,14,True,14104,True,7150,1.0,True,2,1,0.5,22
real,0.015,15,True,15100,True,12700,1.0,True,1,1,0.5,22
real,0.015,15,True,15101,True,13550,1.0,True,2,1,0.6,22
real,0.015,15,True,15102,True,14300,1.0,True,2,1,0.45,22
real,0.015,15,True,15103,False,39999,1.0,True,2,1,0.5,22
real,0.015,15,True,15104,True,10450,1.0,True,2,1,0.5,22
real,0.015,16,True,16100,True,14500,1.0,True,2,1,0.4,22
real,0.015,16,True,16101,True,7700,1.0,True,2,1,0.6,22
real,0.015,16,True,16102,True,14250,1.0,True,2,1,0.55,22
real,0.015,16,True,16103,True,3600,1.0,True,2,1,0.5,22
real,0.015,16,True,16104,True,15400,1.0,True,2,1,0.6,22
real,0.015,17,True,17100,True,22550,1.0,True,2,1,0.3,22
real,0.015,17,True,17101,True,24850,1.0,True,2,1,0.5,22
real,0.015,17,True,17102,False,39999,0.8181818181818182,False,,1,0.45,22
real,0.015,17,True,17103,True,29150,1.0,True,2,1,0.3,22
real,0.015,17,True,17104,True,27600,1.0,True,2,1,0.65,22
real,0.015,18,True,18100,True,8200,1.0,True,2,1,0.4,22
real,0.015,18,True,18101,True,3400,1.0,True,2,1,0.6,22
real,0.015,18,True,18102,True,6350,1.0,True,2,1,0.55,22
real,0.015,18,True,18103,False,39999,0.7272727272727273,False,,1,0.55,22
real,0.015,18,True,18104,False,39999,0.6818181818181818,False,,1,0.6,22
real,0.015,19,True,19100,True,5450,1.0,True,2,1,0.25,22
real,0.015,19,True,19101,True,3850,1.0,True,2,1,0.35,22
real,0.015,19,True,19102,True,25750,1.0,True,2,1,0.6,22
real,0.015,19,True,19103,True,16900,1.0,True,2,1,0.65,22
real,0.015,19,True,19104,True,26050,1.0,True,2,1,0.45,22
real,0.015,20,True,20100,True,10700,1.0,True,2,1,0.45,22
real,0.015,20,True,20101,True,26350,1.0,True,2,1,0.65,22
real,0.015,20,True,20102,True,20100,1.0,True,2,1,0.65,22
real,0.015,20,True,20103,True,11100,1.0,True,2,1,0.5,22
real,0.015,20,True,20104,True,8300,1.0,True,2,1,0.55,22
real,0.015,21,True,21100,True,14650,1.0,True,2,1,0.5,22
real,0.015,21,True,21101,True,5450,1.0,True,2,1,0.5,22
real,0.015,21,True,21102,True,2350,1.0,True,2,1,0.6,22
real,0.015,21,True,21103,True,8850,1.0,True,2,1,0.55,22
real,0.015,21,True,21104,True,9250,1.0,True,2,1,0.45,22
real,0.015,22,True,22100,True,27200,1.0,True,2,1,0.65,22
real,0.015,22,True,22101,True,3950,1.0,True,2,1,0.65,22
real,0.015,22,True,22102,False,39999,0.5909090909090909,False,,1,0.55,22
real,0.015,22,True,22103,True,14200,1.0,True,2,1,0.55,22
real,0.015,22,True,22104,True,8450,1.0,True,2,1,0.55,22
real,0.015,23,True,23100,False,39999,0.6818181818181818,False,,1,0.45,22
real,0.015,23,True,23101,True,16500,1.0,True,2,1,0.5,22
real,0.015,23,True,23102,True,13900,1.0,True,2,1,0.5,22
real,0.015,23,True,23103,True,19500,1.0,True,2,1,0.45,22
real,0.015,23,True,23104,True,32200,1.0,True,2,1,0.7,22
real,0.015,24,True,24100,True,2800,1.0,True,2,1,0.6,22
real,0.015,24,True,24101,False,39999,1.0,True,2,1,0.6,22
real,0.015,24,True,24102,True,1050,1.0,True,2,1,0.5,22
real,0.015,24,True,24103,True,15550,1.0,True,2,1,0.55,22
real,0.015,24,True,24104,True,20100,1.0,True,2,1,0.5,22
real,0.015,25,True,25100,True,26750,1.0,True,2,1,0.55,22
real,0.015,25,True,25101,True,31850,1.0,True,2,1,0.25,22
real,0.015,25,True,25102,False,39999,0.8181818181818182,False,,1,0.65,22
real,0.015,25,True,25103,True,6350,1.0,True,2,1,0.5,22
real,0.015,25,True,25104,True,17850,1.0,True,2,1,0.3,22
real,0.015,26,True,26100,True,1050,1.0,True,2,1,0.6,22
real,0.015,26,True,26101,False,39999,0.6363636363636364,False,,1,0.45,22
real,0.015,26,True,26102,True,25000,1.0,True,2,1,0.55,22
real,0.015,26,True,26103,True,20250,1.0,True,2,1,0.5,22
real,0.015,26,True,26104,True,28450,1.0,True,2,1,0.5,22
real,0.015,27,True,27100,True,2750,1.0,True,2,1,0.5,22
real,0.015,27,True,27101,True,33150,1.0,True,2,1,0.4,22
real,0.015,27,True,27102,True,37800,1.0,True,2,1,0.5,22
real,0.015,27,True,27103,True,17250,1.0,True,2,1,0.7,22
real,0.015,27,True,27104,True,8500,1.0,True,2,1,0.4,22
real,0.015,28,True,28100,True,8700,1.0,True,2,1,0.65,22
real,0.015,28,True,28101,False,39999,1.0,True,2,1,0.5,22
real,0.015,28,True,28102,True,20550,1.0,True,2,1,0.45,22
real,0.015,28,True,28103,False,39999,0.5454545454545454,False,,1,0.75,22
real,0.015,28,True,28104,True,16150,1.0,True,2,1,0.55,22
real,0.015,29,True,29100,False,39999,0.6363636363636364,False,,1,0.65,22
real,0.015,29,True,29101,True,32700,1.0,True,2,1,0.5,22
real,0.015,29,True,29102,True,5350,1.0,True,2,1,0.65,22
real,0.015,29,True,29103,True,22450,1.0,True,2,1,0.35,22
real,0.015,29,True,29104,True,3800,1.0,True,2,1,0.5,22
real,0.02,0,True,100,False,39999,0.8181818181818182,False,,1,0.65,22
real,0.02,0,True,101,True,21250,1.0,True,2,1,0.45,22
real,0.02,0,True,102,False,39999,1.0,True,2,1,0.5,22
real,0.02,0,True,103,False,39999,0.6363636363636364,False,,1,0.45,22
real,0.02,0,True,104,True,37750,1.0,True,2,1,0.4,22
real,0.02,1,True,1100,True,2050,1.0,True,2,1,0.6,22
real,0.02,1,True,1101,True,14250,1.0,True,2,1,0.45,22
real,0.02,1,True,1102,True,33200,1.0,True,2,1,0.45,22
real,0.02,1,True,1103,False,39999,0.5,False,,1,0.55,22
real,0.02,1,True,1104,False,39999,1.0,True,2,1,0.35,22
real,0.02,2,True,2100,False,39999,0.5454545454545454,False,,1,0.55,22
real,0.02,2,True,2101,False,39999,0.8636363636363636,False,,1,0.45,22
real,0.02,2,True,2102,True,5300,1.0,True,2,1,0.6,22
real,0.02,2,True,2103,False,39999,0.7272727272727273,False,,1,0.5,22
real,0.02,2,True,2104,True,20500,1.0,True,2,1,0.45,22
real,0.02,3,True,3100,True,1950,1.0,True,2,1,0.45,22
real,0.02,3,True,3101,False,39999,0.9545454545454546,False,,1,0.2,22
real,0.02,3,True,3102,False,39999,1.0,True,1,1,0.5,22
real,0.02,3,True,3103,False,39999,0.5454545454545454,False,,1,0.4,22
real,0.02,3,True,3104,True,19900,1.0,True,2,1,0.5,22
real,0.02,4,True,4100,False,39999,1.0,True,2,1,0.55,22
real,0.02,4,True,4101,False,39999,1.0,True,2,1,0.4,22
real,0.02,4,True,4102,False,39999,0.9090909090909091,False,,1,0.45,22
real,0.02,4,True,4103,True,35850,1.0,True,2,1,0.65,22
real,0.02,4,True,4104,False,39999,0.7272727272727273,False,,1,0.4,22
real,0.02,5,True,5100,False,39999,0.7272727272727273,False,,1,0.6,22
real,0.02,5,True,5101,True,32300,1.0,True,2,1,0.65,22
real,0.02,5,True,5102,False,39999,1.0,True,2,1,0.55,22
real,0.02,5,True,5103,False,39999,0.5909090909090909,False,,1,0.4,22
real,0.02,5,True,5104,True,17950,1.0,True,2,1,0.5,22
real,0.02,6,True,6100,True,36600,1.0,True,2,1,0.65,22
real,0.02,6,True,6101,False,39999,1.0,True,2,1,0.65,22
real,0.02,6,True,6102,False,39999,0.6363636363636364,False,,1,0.45,22
real,0.02,6,True,6103,True,22000,1.0,True,2,1,0.55,22
real,0.02,6,True,6104,False,39999,0.6363636363636364,False,,1,0.6,22
real,0.02,7,True,7100,True,34400,1.0,True,2,1,0.45,22
real,0.02,7,True,7101,False,39999,1.0,True,2,1,0.4,22
real,0.02,7,True,7102,False,39999,0.6363636363636364,False,,1,0.25,22
real,0.02,7,True,7103,False,39999,0.7727272727272727,False,,1,0.65,22
real,0.02,7,True,7104,False,39999,1.0,True,2,1,0.5,22
real,0.02,8,True,8100,False,39999,0.8636363636363636,False,,1,0.65,22
real,0.02,8,True,8101,False,39999,0.9545454545454546,False,,1,0.4,22
real,0.02,8,True,8102,False,39999,0.8181818181818182,False,,1,0.75,22
real,0.02,8,True,8103,True,20950,1.0,True,1,1,0.5,22
real,0.02,8,True,8104,False,39999,1.0,True,2,1,0.6,22
real,0.02,9,True,9100,False,39999,1.0,True,2,1,0.3,22
real,0.02,9,True,9101,True,11750,1.0,True,2,1,0.45,22
real,0.02,9,True,9102,False,39999,0.6363636363636364,False,,1,0.65,22
real,0.02,9,True,9103,True,3350,1.0,True,2,1,0.5,22
real,0.02,9,True,9104,False,39999,0.5909090909090909,False,,1,0.35,22
real,0.02,10,True,10100,False,39999,0.6818181818181818,False,,1,0.45,22
real,0.02,10,True,10101,False,39999,1.0,True,2,1,0.55,22
real,0.02,10,True,10102,True,20950,1.0,True,2,1,0.5,22
real,0.02,10,True,10103,False,39999,1.0,True,2,1,0.5,22
real,0.02,10,True,10104,False,39999,0.6818181818181818,False,,1,0.6,22
real,0.02,11,True,11100,False,39999,0.7727272727272727,False,,1,0.55,22
real,0.02,11,True,11101,False,39999,0.8181818181818182,False,,1,0.45,22
real,0.02,11,True,11102,True,2000,1.0,True,2,1,0.55,22
real,0.02,11,True,11103,False,39999,1.0,True,2,1,0.6,22
real,0.02,11,True,11104,False,39999,0.7272727272727273,False,,1,0.5,22
real,0.02,12,True,12100,False,39999,1.0,True,2,1,0.45,22
real,0.02,12,True,12101,False,39999,0.7272727272727273,False,,1,0.3,22
real,0.02,12,True,12102,True,28250,1.0,True,2,1,0.4,22
real,0.02,12,True,12103,False,39999,0.8636363636363636,False,,1,0.6,22
real,0.02,12,True,12104,True,16650,1.0,True,2,1,0.45,22
real,0.02,13,True,13100,False,39999,0.6818181818181818,False,,1,0.65,22
real,0.02,13,True,13101,True,33000,1.0,True,2,1,0.5,22
real,0.02,13,True,13102,True,6750,1.0,True,2,1,0.45,22
real,0.02,13,True,13103,True,5650,1.0,True,2,1,0.45,22
real,0.02,13,True,13104,True,4350,1.0,True,2,1,0.4,22
real,0.02,14,True,14100,False,39999,1.0,True,2,1,0.3,22
real,0.02,14,True,14101,False,39999,1.0,True,2,1,0.7,22
real,0.02,14,True,14102,False,39999,0.7272727272727273,False,,1,0.4,22
real,0.02,14,True,14103,False,39999,1.0,True,2,1,0.5,22
real,0.02,14,True,14104,True,29450,1.0,True,2,1,0.6,22
real,0.02,15,True,15100,True,34750,1.0,True,2,1,0.6,22
real,0.02,15,True,15101,True,39800,1.0,True,2,1,0.3,22
real,0.02,15,True,15102,False,39999,0.5454545454545454,False,,1,0.7,22
real,0.02,15,True,15103,True,6150,1.0,True,2,1,0.5,22
real,0.02,15,True,15104,True,10050,1.0,True,2,1,0.55,22
real,0.02,16,True,16100,False,39999,0.6363636363636364,False,,1,0.45,22
real,0.02,16,True,16101,True,7700,1.0,True,2,1,0.5,22
real,0.02,16,True,16102,True,27900,1.0,True,2,1,0.5,22
real,0.02,16,True,16103,True,38450,1.0,True,2,1,0.4,22
real,0.02,16,True,16104,True,15600,1.0,True,2,1,0.45,22
real,0.02,17,True,17100,False,39999,0.6363636363636364,False,,1,0.7,22
real,0.02,17,True,17101,True,27650,1.0,True,2,1,0.7,22
real,0.02,17,True,17102,True,35000,1.0,True,2,1,0.2,22
real,0.02,17,True,17103,False,39999,0.7272727272727273,False,,1,0.4,22
real,0.02,17,True,17104,False,39999,0.7727272727272727,False,,1,0.45,22
real,0.02,18,True,18100,False,39999,0.5454545454545454,False,,1,0.45,22
real,0.02,18,True,18101,True,3400,1.0,True,2,1,0.7,22
real,0.02,18,True,18102,True,34450,1.0,True,2,1,0.6,22
real,0.02,18,True,18103,True,13150,1.0,True,2,1,0.3,22
real,0.02,18,True,18104,True,39600,1.0,True,2,1,0.3,22
real,0.02,19,True,19100,False,39999,0.6818181818181818,False,,1,0.2,22
real,0.02,19,True,19101,False,39999,0.8636363636363636,False,,1,0.5,22
real,0.02,19,True,19102,False,39999,0.9545454545454546,False,,1,0.65,22
real,0.02,19,True,19103,True,16800,1.0,True,2,1,0.65,22
real,0.02,19,True,19104,False,39999,0.5,False,,1,0.6,22
real,0.02,20,True,20100,False,39999,1.0,True,2,1,0.45,22
real,0.02,20,True,20101,False,39999,0.8181818181818182,False,,1,0.35,22
real,0.02,20,True,20102,True,19600,1.0,True,2,1,0.5,22
real,0.02,20,True,20103,False,39999,0.7272727272727273,False,,1,0.65,22
real,0.02,20,True,20104,True,8200,1.0,True,2,1,0.6,22
real,0.02,21,True,21100,False,39999,0.7272727272727273,False,,1,0.5,22
real,0.02,21,True,21101,True,16900,1.0,True,2,1,0.5,22
real,0.02,21,True,21102,False,39999,0.5454545454545454,False,,1,0.45,22
real,0.02,21,True,21103,True,8650,1.0,True,2,1,0.55,22
real,0.02,21,True,21104,True,39250,1.0,True,2,1,0.5,22
real,0.02,22,True,22100,False,39999,1.0,True,2,1,0.4,22
real,0.02,22,True,22101,False,39999,0.7272727272727273,False,,1,0.5,22
real,0.02,22,True,22102,False,39999,0.6363636363636364,False,,1,0.3,22
real,0.02,22,True,22103,False,39999,0.6363636363636364,False,,1,0.45,22
real,0.02,22,True,22104,False,39999,0.6818181818181818,False,,1,0.4,22
real,0.02,23,True,23100,False,39999,0.7727272727272727,False,,1,0.45,22
real,0.02,23,True,23101,False,39999,0.7727272727272727,False,,1,0.45,22
real,0.02,23,True,23102,True,22650,1.0,True,2,1,0.4,22
real,0.02,23,True,23103,False,39999,0.6363636363636364,False,,1,0.7,22
real,0.02,23,True,23104,False,39999,0.6363636363636364,False,,1,0.45,22
real,0.02,24,True,24100,True,9450,1.0,True,2,1,0.65,22
real,0.02,24,True,24101,False,39999,1.0,True,2,1,0.4,22
real,0.02,24,True,24102,True,25200,1.0,True,2,1,0.45,22
real,0.02,24,True,24103,False,39999,1.0,True,2,1,0.6,22
real,0.02,24,True,24104,True,19800,1.0,True,2,1,0.6,22
real,0.02,25,True,25100,True,26300,1.0,True,2,1,0.6,22
real,0.02,25,True,25101,False,39999,0.7727272727272727,False,,1,0.3,22
real,0.02,25,True,25102,True,6700,1.0,True,2,1,0.6,22
real,0.02,25,True,25103,True,9850,1.0,True,2,1,0.3,22
real,0.02,25,True,25104,True,37100,1.0,True,2,1,0.15,22
real,0.02,26,True,26100,False,39999,0.5909090909090909,False,,1,0.6,22
real,0.02,26,True,26101,False,39999,1.0,True,2,1,0.5,22
real,0.02,26,True,26102,False,39999,0.5909090909090909,False,,1,0.45,22
real,0.02,26,True,26103,False,39999,0.5909090909090909,False,,1,0.6,22
real,0.02,26,True,26104,False,39999,1.0,True,2,1,0.35,22
real,0.02,27,True,27100,False,39999,0.6363636363636364,False,,1,0.55,22
real,0.02,27,True,27101,True,33000,1.0,True,2,1,0.55,22
real,0.02,27,True,27102,False,39999,0.45454545454545453,False,,1,0.75,22
real,0.02,27,True,27103,True,18300,1.0,True,2,1,0.5,22
real,0.02,27,True,27104,True,10500,1.0,True,2,1,0.6,22
real,0.02,28,True,28100,True,8800,1.0,True,2,1,0.65,22
real,0.02,28,True,28101,False,39999,0.5909090909090909,False,,1,0.35,22
real,0.02,28,True,28102,False,39999,0.9090909090909091,False,,1,0.65,22
real,0.02,28,True,28103,True,30700,1.0,True,2,1,0.4,22
real,0.02,28,True,28104,False,39999,0.5909090909090909,False,,1,0.6,22
real,0.02,29,True,29100,False,39999,0.8636363636363636,False,,1,0.55,22
real,0.02,29,True,29101,True,33000,1.0,True,2,1,0.55,22
real,0.02,29,True,29102,True,28200,1.0,True,2,1,0.3,22
real,0.02,29,True,29103,False,39999,0.7272727272727273,False,,1,0.7,22
real,0.02,29,True,29104,False,39999,1.0,True,2,1,0.7,22
real,0.03,0,True,100,False,39999,1.0,True,2,1,0.55,22
real,0.03,0,True,101,False,39999,0.9090909090909091,False,,1,0.4,22
real,0.03,0,True,102,False,39999,0.6818181818181818,False,,1,0.35,22
real,0.03,0,True,103,False,39999,0.8181818181818182,False,,1,0.4,22
real,0.03,0,True,104,False,39999,0.6363636363636364,False,,1,0.5,22
real,0.03,1,True,1100,False,39999,0.5,False,,1,0.6,22
real,0.03,1,True,1101,True,24750,1.0,True,2,1,0.65,22
real,0.03,1,True,1102,False,39999,0.5,False,,1,0.55,22
real,0.03,1,True,1103,False,39999,0.8636363636363636,False,,1,0.35,22
real,0.03,1,True,1104,False,39999,0.6818181818181818,False,,1,0.6,22
real,0.03,2,True,2100,False,39999,1.0,True,2,1,0.35,22
real,0.03,2,True,2101,False,39999,0.5909090909090909,False,,1,0.8,22
real,0.03,2,True,2102,False,39999,1.0,True,2,1,0.5,22
real,0.03,2,True,2103,False,39999,1.0,True,2,1,0.55,22
real,0.03,2,True,2104,False,39999,0.6363636363636364,False,,1,0.6,22
real,0.03,3,True,3100,False,39999,0.6818181818181818,False,,1,0.55,22
real,0.03,3,True,3101,False,39999,0.5909090909090909,False,,1,0.5,22
real,0.03,3,True,3102,False,39999,0.5454545454545454,False,,1,0.5,22
real,0.03,3,True,3103,False,39999,0.6363636363636364,False,,1,0.55,22
real,0.03,3,True,3104,False,39999,0.5909090909090909,False,,1,0.65,22
real,0.03,4,True,4100,True,9800,1.0,True,2,1,0.6,22
real,0.03,4,True,4101,False,39999,0.7272727272727273,False,,1,0.5,22
real,0.03,4,True,4102,True,21300,1.0,True,2,1,0.4,22
real,0.03,4,True,4103,False,39999,0.6818181818181818,False,,1,0.55,22
real,0.03,4,True,4104,False,39999,1.0,True,2,1,0.5,22
real,0.03,5,True,5100,False,39999,0.5909090909090909,False,,1,0.4,22
real,0.03,5,True,5101,False,39999,1.0,True,2,1,0.5,22
real,0.03,5,True,5102,False,39999,0.6363636363636364,False,,1,0.55,22
real,0.03,5,True,5103,False,39999,0.8181818181818182,False,,1,0.45,22
real,0.03,5,True,5104,False,39999,0.5,False,,1,0.55,22
real,0.03,6,True,6100,True,35700,1.0,True,2,1,0.65,22
real,0.03,6,True,6101,False,39999,0.7272727272727273,False,,1,0.65,22
real,0.03,6,True,6102,False,39999,0.8181818181818182,False,,1,0.35,22
real,0.03,6,True,6103,True,6800,1.0,True,2,1,0.4,22
real,0.03,6,True,6104,False,39999,1.0,True,2,1,0.5,22
real,0.03,7,True,7100,False,39999,0.5909090909090909,False,,1,0.85,22
real,0.03,7,True,7101,False,39999,1.0,True,2,1,0.7,22
real,0.03,7,True,7102,False,39999,0.7272727272727273,False,,1,0.6,22
real,0.03,7,True,7103,False,39999,0.6363636363636364,False,,1,0.6,22
real,0.03,7,True,7104,False,39999,0.45454545454545453,False,,1,0.25,22
real,0.03,8,True,8100,False,39999,0.7727272727272727,False,,1,0.65,22
real,0.03,8,True,8101,False,39999,0.8636363636363636,False,,1,0.4,22
real,0.03,8,True,8102,False,39999,1.0,True,2,1,0.5,22
real,0.03,8,True,8103,False,39999,1.0,True,2,1,0.6,22
real,0.03,8,True,8104,False,39999,0.5909090909090909,False,,1,0.6,22
real,0.03,9,True,9100,False,39999,0.7727272727272727,False,,1,0.35,22
real,0.03,9,True,9101,False,39999,1.0,True,2,1,0.3,22
real,0.03,9,True,9102,False,39999,1.0,True,2,1,0.6,22
real,0.03,9,True,9103,False,39999,1.0,True,2,1,0.6,22
real,0.03,9,True,9104,False,39999,0.6363636363636364,False,,1,0.6,22
real,0.03,10,True,10100,False,39999,0.8636363636363636,False,,1,0.65,22
real,0.03,10,True,10101,False,39999,0.8181818181818182,False,,1,0.5,22
real,0.03,10,True,10102,False,39999,1.0,True,2,1,0.5,22
real,0.03,10,True,10103,False,39999,0.7272727272727273,False,,1,0.55,22
real,0.03,10,True,10104,False,39999,0.8181818181818182,False,,1,0.5,22
real,0.03,11,True,11100,True,16500,1.0,True,2,1,0.4,22
real,0.03,11,True,11101,False,39999,0.9545454545454546,False,,1,0.3,22
real,0.03,11,True,11102,False,39999,0.9545454545454546,False,,1,0.5,22
real,0.03,11,True,11103,False,39999,1.0,True,2,1,0.65,22
real,0.03,11,True,11104,False,39999,0.7727272727272727,False,,1,0.15,22
real,0.03,12,True,12100,False,39999,1.0,True,2,1,0.2,22
real,0.03,12,True,12101,False,39999,0.6363636363636364,False,,1,0.35,22
real,0.03,12,True,12102,False,39999,0.8181818181818182,False,,1,0.6,22
real,0.03,12,True,12103,False,39999,0.5,False,,1,0.55,22
real,0.03,12,True,12104,False,39999,1.0,True,2,1,0.35,22
real,0.03,13,True,13100,False,39999,0.6363636363636364,False,,1,0.6,22
real,0.03,13,True,13101,False,39999,0.6818181818181818,False,,1,0.45,22
real,0.03,13,True,13102,False,39999,0.7727272727272727,False,,1,0.55,22
real,0.03,13,True,13103,False,39999,0.8636363636363636,False,,1,0.45,22
real,0.03,13,True,13104,False,39999,0.8636363636363636,False,,1,0.65,22
real,0.03,14,True,14100,False,39999,0.7272727272727273,False,,1,0.5,22
real,0.03,14,True,14101,False,39999,0.8636363636363636,False,,1,0.15,22
real,0.03,14,True,14102,False,39999,0.8636363636363636,False,,1,0.6,22
real,0.03,14,True,14103,False,39999,0.8181818181818182,False,,1,0.65,22
real,0.03,14,True,14104,False,39999,0.7272727272727273,False,,1,0.5,22
real,0.03,15,True,15100,False,39999,0.7727272727272727,False,,1,0.4,22
real,0.03,15,True,15101,False,39999,0.7272727272727273,False,,1,0.55,22
real,0.03,15,True,15102,False,39999,1.0,True,2,1,0.55,22
real,0.03,15,True,15103,False,39999,0.6363636363636364,False,,1,0.55,22
real,0.03,15,True,15104,False,39999,0.7272727272727273,False,,1,0.6,22
real,0.03,16,True,16100,False,39999,0.6818181818181818,False,,1,0.4,22
real,0.03,16,True,16101,False,39999,0.6818181818181818,False,,1,0.6,22
real,0.03,16,True,16102,False,39999,1.0,True,2,1,0.65,22
real,0.03,16,True,16103,False,39999,0.7272727272727273,False,,1,0.4,22
real,0.03,16,True,16104,False,39999,0.8181818181818182,False,,1,0.65,22
real,0.03,17,True,17100,False,39999,0.8181818181818182,False,,1,0.4,22
real,0.03,17,True,17101,False,39999,0.8181818181818182,False,,1,0.55,22
real,0.03,17,True,17102,False,39999,0.6818181818181818,False,,1,0.6,22
real,0.03,17,True,17103,False,39999,0.5909090909090909,False,,1,0.65,22
real,0.03,17,True,17104,False,39999,0.8636363636363636,False,,1,0.45,22
real,0.03,18,True,18100,False,39999,0.6363636363636364,False,,1,0.55,22
real,0.03,18,True,18101,False,39999,1.0,True,2,1,0.6,22
real,0.03,18,True,18102,False,39999,0.5454545454545454,False,,1,0.35,22
real,0.03,18,True,18103,False,39999,0.5,False,,1,0.55,22
real,0.03,18,True,18104,False,39999,1.0,True,2,1,0.5,22
real,0.03,19,True,19100,False,39999,1.0,True,2,1,0.55,22
real,0.03,19,True,19101,False,39999,0.5909090909090909,False,,1,0.45,22
real,0.03,19,True,19102,False,39999,0.8636363636363636,False,,1,0.4,22
real,0.03,19,True,19103,False,39999,0.8636363636363636,False,,1,0.6,22
real,0.03,19,True,19104,False,39999,0.6363636363636364,False,,1,0.45,22
real,0.03,20,True,20100,False,39999,0.5,False,,1,0.45,22
real,0.03,20,True,20101,False,39999,1.0,True,2,1,0.65,22
real,0.03,20,True,20102,False,39999,0.5909090909090909,False,,1,0.45,22
real,0.03,20,True,20103,False,39999,0.6818181818181818,False,,1,0.5,22
real,0.03,20,True,20104,False,39999,0.6363636363636364,False,,1,0.4,22
real,0.03,21,True,21100,False,39999,0.7727272727272727,False,,1,0.45,22
real,0.03,21,True,21101,False,39999,0.7272727272727273,False,,1,0.5,22
real,0.03,21,True,21102,False,39999,0.7727272727272727,False,,1,0.5,22
real,0.03,21,True,21103,False,39999,1.0,True,2,1,0.45,22
real,0.03,21,True,21104,False,39999,0.6818181818181818,False,,1,0.55,22
real,0.03,22,True,22100,False,39999,1.0,True,2,1,0.5,22
real,0.03,22,True,22101,False,39999,0.8636363636363636,False,,1,0.6,22
real,0.03,22,True,22102,False,39999,0.5454545454545454,False,,1,0.45,22
real,0.03,22,True,22103,False,39999,1.0,True,2,1,0.7,22
real,0.03,22,True,22104,False,39999,0.8181818181818182,False,,1,0.5,22
real,0.03,23,True,23100,False,39999,0.7272727272727273,False,,1,0.3,22
real,0.03,23,True,23101,False,39999,0.8181818181818182,False,,1,0.6,22
real,0.03,23,True,23102,False,39999,0.6818181818181818,False,,1,0.35,22
real,0.03,23,True,23103,False,39999,1.0,True,2,1,0.65,22
real,0.03,23,True,23104,False,39999,0.7272727272727273,False,,1,0.5,22
real,0.03,24,True,24100,False,39999,0.7272727272727273,False,,1,0.35,22
real,0.03,24,True,24101,False,39999,0.9090909090909091,False,,1,0.5,22
real,0.03,24,True,24102,False,39999,0.9545454545454546,False,,1,0.6,22
real,0.03,24,True,24103,False,39999,0.7727272727272727,False,,1,0.5,22
real,0.03,24,True,24104,False,39999,1.0,True,2,1,0.45,22
real,0.03,25,True,25100,False,39999,0.5909090909090909,False,,1,0.6,22
real,0.03,25,True,25101,False,39999,0.5,False,,1,0.45,22
real,0.03,25,True,25102,False,39999,0.5,False,,1,0.6,22
real,0.03,25,True,25103,False,39999,0.5909090909090909,False,,1,0.4,22
real,0.03,25,True,25104,False,39999,0.9090909090909091,False,,1,0.65,22
real,0.03,26,True,26100,False,39999,0.9545454545454546,False,,1,0.55,22
real,0.03,26,True,26101,False,39999,0.7727272727272727,False,,1,0.55,22
real,0.03,26,True,26102,False,39999,0.5454545454545454,False,,1,0.4,22
real,0.03,26,True,26103,False,39999,0.7272727272727273,False,,1,0.25,22
real,0.03,26,True,26104,False,39999,0.7272727272727273,False,,1,0.4,22
real,0.03,27,True,27100,False,39999,0.7272727272727273,False,,1,0.65,22
real,0.03,27,True,27101,False,39999,1.0,True,2,1,0.55,22
real,0.03,27,True,27102,False,39999,1.0,True,2,1,0.5,22
real,0.03,27,True,27103,False,39999,0.6363636363636364,False,,1,0.3,22
real,0.03,27,True,27104,False,39999,1.0,True,2,1,0.45,22
real,0.03,28,True,28100,False,39999,0.8181818181818182,False,,1,0.45,22
real,0.03,28,True,28101,False,39999,1.0,True,2,1,0.6,22
real,0.03,28,True,28102,False,39999,0.7272727272727273,False,,1,0.4,22
real,0.03,28,True,28103,False,39999,1.0,True,2,1,0.6,22
real,0.03,28,True,28104,False,39999,1.0,True,2,1,0.3,22
real,0.03,29,True,29100,False,39999,0.7272727272727273,False,,1,0.5,22
real,0.03,29,True,29101,False,39999,1.0,True,2,1,0.5,22
real,0.03,29,True,29102,True,27500,1.0,True,2,1,0.35,22
real,0.03,29,True,29103,False,39999,0.7272727272727273,False,,1,0.65,22
real,0.03,29,True,29104,False,39999,0.7272727272727273,False,,1,0.7,22
real,0.05,0,True,100,False,39999,0.6363636363636364,False,,1,0.45,22
real,0.05,0,True,101,False,39999,0.6818181818181818,False,,1,0.65,22
real,0.05,0,True,102,False,39999,0.7272727272727273,False,,1,0.55,22
real,0.05,0,True,103,False,39999,0.9090909090909091,False,,1,0.65,22
real,0.05,0,True,104,False,39999,0.5454545454545454,False,,1,0.55,22
real,0.05,1,True,1100,False,39999,0.7272727272727273,False,,1,0.5,22
real,0.05,1,True,1101,False,39999,0.5454545454545454,False,,1,0.65,22
real,0.05,1,True,1102,False,39999,0.45454545454545453,False,,1,0.55,22
real,0.05,1,True,1103,False,39999,0.6363636363636364,False,,1,0.45,22
real,0.05,1,True,1104,False,39999,0.6363636363636364,False,,1,0.35,22
real,0.05,2,True,2100,False,39999,0.8181818181818182,False,,1,0.6,22
real,0.05,2,True,2101,False,39999,0.7727272727272727,False,,1,0.5,22
real,0.05,2,True,2102,False,39999,0.6363636363636364,False,,1,0.35,22
real,0.05,2,True,2103,False,39999,0.8181818181818182,False,,1,0.45,22
real,0.05,2,True,2104,False,39999,0.7727272727272727,False,,1,0.6,22
real,0.05,3,True,3100,False,39999,0.6818181818181818,False,,1,0.6,22
real,0.05,3,True,3101,False,39999,0.7727272727272727,False,,1,0.35,22
real,0.05,3,True,3102,False,39999,0.6818181818181818,False,,1,0.5,22
real,0.05,3,True,3103,False,39999,0.7272727272727273,False,,1,0.45,22
real,0.05,3,True,3104,False,39999,0.5909090909090909,False,,1,0.45,22
real,0.05,4,True,4100,False,39999,0.5909090909090909,False,,1,0.45,22
real,0.05,4,True,4101,False,39999,0.45454545454545453,False,,1,0.3,22
real,0.05,4,True,4102,False,39999,0.7272727272727273,False,,1,0.45,22
real,0.05,4,True,4103,False,39999,0.8636363636363636,False,,1,0.4,22
real,0.05,4,True,4104,False,39999,0.6818181818181818,False,,1,0.4,22
real,0.05,5,True,5100,False,39999,0.7272727272727273,False,,1,0.45,22
real,0.05,5,True,5101,False,39999,0.6363636363636364,False,,1,0.55,22
real,0.05,5,True,5102,False,39999,0.7272727272727273,False,,1,0.65,22
real,0.05,5,True,5103,False,39999,0.9090909090909091,False,,1,0.45,22
real,0.05,5,True,5104,False,39999,0.5909090909090909,False,,1,0.35,22
real,0.05,6,True,6100,False,39999,0.8636363636363636,False,,1,0.6,22
real,0.05,6,True,6101,False,39999,0.5,False,,1,0.5,22
real,0.05,6,True,6102,False,39999,0.5454545454545454,False,,1,0.6,22
real,0.05,6,True,6103,False,39999,0.7727272727272727,False,,1,0.35,22
real,0.05,6,True,6104,False,39999,0.5454545454545454,False,,1,0.6,22
real,0.05,7,True,7100,False,39999,1.0,True,2,1,0.5,22
real,0.05,7,True,7101,False,39999,0.8181818181818182,False,,1,0.45,22
real,0.05,7,True,7102,False,39999,0.6818181818181818,False,,1,0.55,22
real,0.05,7,True,7103,False,39999,0.6363636363636364,False,,1,0.6,22
real,0.05,7,True,7104,False,39999,0.8181818181818182,False,,1,0.5,22
real,0.05,8,True,8100,False,39999,0.5454545454545454,False,,1,0.4,22
real,0.05,8,True,8101,False,39999,0.6363636363636364,False,,1,0.55,22
real,0.05,8,True,8102,False,39999,0.6818181818181818,False,,1,0.75,22
real,0.05,8,True,8103,False,39999,0.7272727272727273,False,,1,0.6,22
real,0.05,8,True,8104,False,39999,0.9090909090909091,False,,1,0.5,22
real,0.05,9,True,9100,False,39999,0.6818181818181818,False,,1,0.55,22
real,0.05,9,True,9101,False,39999,0.7727272727272727,False,,1,0.55,22
real,0.05,9,True,9102,False,39999,0.6818181818181818,False,,1,0.5,22
real,0.05,9,True,9103,False,39999,0.6818181818181818,False,,1,0.45,22
real,0.05,9,True,9104,False,39999,0.5909090909090909,False,,1,0.35,22
real,0.05,10,True,10100,False,39999,0.7727272727272727,False,,1,0.4,22
real,0.05,10,True,10101,False,39999,0.6818181818181818,False,,1,0.7,22
real,0.05,10,True,10102,False,39999,0.6363636363636364,False,,1,0.5,22
real,0.05,10,True,10103,False,39999,0.6363636363636364,False,,1,0.5,22
real,0.05,10,True,10104,False,39999,0.6818181818181818,False,,1,0.4,22
real,0.05,11,True,11100,False,39999,0.6818181818181818,False,,1,0.55,22
real,0.05,11,True,11101,False,39999,0.5,False,,1,0.55,22
real,0.05,11,True,11102,False,39999,0.6363636363636364,False,,1,0.5,22
real,0.05,11,True,11103,False,39999,0.6363636363636364,False,,1,0.5,22
real,0.05,11,True,11104,False,39999,0.5,False,,1,0.65,22
real,0.05,12,True,12100,False,39999,0.5454545454545454,False,,1,0.45,22
real,0.05,12,True,12101,False,39999,0.5909090909090909,False,,1,0.5,22
real,0.05,12,True,12102,False,39999,0.9090909090909091,False,,1,0.45,22
real,0.05,12,True,12103,False,39999,0.7272727272727273,False,,1,0.6,22
real,0.05,12,True,12104,False,39999,0.8181818181818182,False,,1,0.45,22
real,0.05,13,True,13100,False,39999,0.9545454545454546,False,,1,0.65,22
real,0.05,13,True,13101,False,39999,0.5909090909090909,False,,1,0.65,22
real,0.05,13,True,13102,False,39999,0.7727272727272727,False,,1,0.4,22
real,0.05,13,True,13103,False,39999,0.5909090909090909,False,,1,0.4,22
real,0.05,13,True,13104,False,39999,1.0,True,2,1,0.55,22
real,0.05,14,True,14100,False,39999,0.7272727272727273,False,,1,0.4,22
real,0.05,14,True,14101,False,39999,0.5454545454545454,False,,1,0.55,22
real,0.05,14,True,14102,False,39999,0.7727272727272727,False,,1,0.5,22
real,0.05,14,True,14103,False,39999,0.5909090909090909,False,,1,0.55,22
real,0.05,14,True,14104,False,39999,1.0,True,2,1,0.45,22
real,0.05,15,True,15100,False,39999,0.9545454545454546,False,,1,0.45,22
real,0.05,15,True,15101,False,39999,0.6363636363636364,False,,1,0.5,22
real,0.05,15,True,15102,False,39999,0.5454545454545454,False,,1,0.5,22
real,0.05,15,True,15103,False,39999,0.6363636363636364,False,,1,0.6,22
real,0.05,15,True,15104,False,39999,0.5454545454545454,False,,1,0.55,22
real,0.05,16,True,16100,False,39999,1.0,True,2,1,0.45,22
real,0.05,16,True,16101,False,39999,1.0,True,2,1,0.5,22
real,0.05,16,True,16102,False,39999,0.6818181818181818,False,,1,0.55,22
real,0.05,16,True,16103,False,39999,0.5,False,,1,0.45,22
real,0.05,16,True,16104,False,39999,0.6363636363636364,False,,1,0.65,22
real,0.05,17,True,17100,False,39999,0.6363636363636364,False,,1,0.55,22
real,0.05,17,True,17101,False,39999,0.6818181818181818,False,,1,0.45,22
real,0.05,17,True,17102,False,39999,0.7727272727272727,False,,1,0.45,22
real,0.05,17,True,17103,False,39999,0.7272727272727273,False,,1,0.65,22
real,0.05,17,True,17104,False,39999,0.7272727272727273,False,,1,0.55,22
real,0.05,18,True,18100,False,39999,0.7272727272727273,False,,1,0.45,22
real,0.05,18,True,18101,False,39999,1.0,True,2,1,0.45,22
real,0.05,18,True,18102,False,39999,0.6818181818181818,False,,1,0.6,22
real,0.05,18,True,18103,False,39999,0.5,False,,1,0.35,22
real,0.05,18,True,18104,False,39999,0.8181818181818182,False,,1,0.35,22
real,0.05,19,True,19100,False,39999,0.8636363636363636,False,,1,0.4,22
real,0.05,19,True,19101,False,39999,0.9545454545454546,False,,1,0.65,22
real,0.05,19,True,19102,False,39999,1.0,True,2,1,0.4,22
real,0.05,19,True,19103,False,39999,0.6363636363636364,False,,1,0.6,22
real,0.05,19,True,19104,False,39999,0.7272727272727273,False,,1,0.5,22
real,0.05,20,True,20100,False,39999,0.7727272727272727,False,,1,0.55,22
real,0.05,20,True,20101,False,39999,0.7272727272727273,False,,1,0.55,22
real,0.05,20,True,20102,False,39999,0.8636363636363636,False,,1,0.4,22
real,0.05,20,True,20103,False,39999,0.7727272727272727,False,,1,0.4,22
real,0.05,20,True,20104,False,39999,0.8636363636363636,False,,1,0.45,22
real,0.05,21,True,21100,False,39999,0.8181818181818182,False,,1,0.55,22
real,0.05,21,True,21101,False,39999,1.0,True,2,1,0.5,22
real,0.05,21,True,21102,False,39999,0.7272727272727273,False,,1,0.45,22
real,0.05,21,True,21103,False,39999,0.6818181818181818,False,,1,0.5,22
real,0.05,21,True,21104,False,39999,0.5909090909090909,False,,1,0.5,22
real,0.05,22,True,22100,False,39999,0.6818181818181818,False,,1,0.45,22
real,0.05,22,True,22101,False,39999,0.7727272727272727,False,,1,0.55,22
real,0.05,22,True,22102,False,39999,0.5454545454545454,False,,1,0.35,22
real,0.05,22,True,22103,False,39999,0.6363636363636364,False,,1,0.4,22
real,0.05,22,True,22104,False,39999,0.6818181818181818,False,,1,0.55,22
real,0.05,23,True,23100,False,39999,0.6363636363636364,False,,1,0.6,22
real,0.05,23,True,23101,False,39999,0.5909090909090909,False,,1,0.6,22
real,0.05,23,True,23102,False,39999,0.6363636363636364,False,,1,0.5,22
real,0.05,23,True,23103,False,39999,0.7727272727272727,False,,1,0.5,22
real,0.05,23,True,23104,False,39999,0.8636363636363636,False,,1,0.55,22
real,0.05,24,True,24100,False,39999,0.5909090909090909,False,,1,0.35,22
real,0.05,24,True,24101,False,39999,0.6363636363636364,False,,1,0.5,22
real,0.05,24,True,24102,False,39999,0.6818181818181818,False,,1,0.55,22
real,0.05,24,True,24103,False,39999,0.7727272727272727,False,,1,0.6,22
real,0.05,24,True,24104,False,39999,0.6818181818181818,False,,1,0.6,22
real,0.05,25,True,25100,False,39999,0.6363636363636364,False,,1,0.3,22
real,0.05,25,True,25101,False,39999,0.6363636363636364,False,,1,0.4,22
real,0.05,25,True,25102,False,39999,0.5454545454545454,False,,1,0.5,22
real,0.05,25,True,25103,False,39999,0.5909090909090909,False,,1,0.65,22
real,0.05,25,True,25104,False,39999,0.7727272727272727,False,,1,0.5,22
real,0.05,26,True,26100,False,39999,1.0,True,2,1,0.5,22
real,0.05,26,True,26101,False,39999,0.7272727272727273,False,,1,0.2,22
real,0.05,26,True,26102,False,39999,0.7272727272727273,False,,1,0.35,22
real,0.05,26,True,26103,False,39999,0.7272727272727273,False,,1,0.5,22
real,0.05,26,True,26104,False,39999,0.6363636363636364,False,,1,0.75,22
real,0.05,27,True,27100,False,39999,0.7272727272727273,False,,1,0.45,22
real,0.05,27,True,27101,False,39999,0.7272727272727273,False,,1,0.35,22
real,0.05,27,True,27102,False,39999,0.6818181818181818,False,,1,0.45,22
real,0.05,27,True,27103,False,39999,0.5909090909090909,False,,1,0.4,22
real,0.05,27,True,27104,False,39999,0.6818181818181818,False,,1,0.7,22
real,0.05,28,True,28100,False,39999,1.0,True,2,1,0.3,22
real,0.05,28,True,28101,False,39999,0.3181818181818182,False,,1,0.45,22
real,0.05,28,True,28102,False,39999,1.0,True,2,1,0.55,22
real,0.05,28,True,28103,False,39999,0.45454545454545453,False,,1,0.4,22
real,0.05,28,True,28104,False,39999,0.6818181818181818,False,,1,0.5,22
real,0.05,29,True,29100,False,39999,1.0,True,2,1,0.6,22
real,0.05,29,True,29101,False,39999,0.6363636363636364,False,,1,0.6,22
real,0.05,29,True,29102,False,39999,0.4090909090909091,False,,1,0.45,22
real,0.05,29,True,29103,False,39999,0.6818181818181818,False,,1,0.55,22
real,0.05,29,True,29104,False,39999,0.5909090909090909,False,,1,0.45,22
random,0.0,0,True,100,True,800,1.0,True,2,1,0.7333333333333333,9
random,0.0,0,True,101,True,850,1.0,True,2,1,0.6,9
random,0.0,0,True,102,True,850,1.0,True,2,1,0.7333333333333333,9
random,0.0,0,True,103,True,1200,1.0,True,2,1,0.4,9
random,0.0,0,True,104,True,950,1.0,True,2,1,0.6666666666666666,9
random,0.0,1,True,1100,True,800,1.0,True,2,1,0.6,10
random,0.0,1,True,1101,True,1250,1.0,True,2,1,0.3333333333333333,10
random,0.0,1,True,1102,True,1000,1.0,True,2,1,0.6666666666666666,10
random,0.0,1,True,1103,True,900,1.0,True,2,1,0.6,10
random,0.0,1,True,1104,True,1000,1.0,True,2,1,0.6666666666666666,10
random,0.0,2,True,2100,True,1150,1.0,True,2,1,0.6666666666666666,7
random,0.0,2,True,2101,True,850,1.0,True,2,1,0.4666666666666667,7
random,0.0,2,True,2102,True,800,1.0,True,1,1,0.6666666666666666,7
random,0.0,2,True,2103,True,850,1.0,False,,1,0.7333333333333333,7
random,0.0,2,True,2104,True,950,1.0,False,,1,0.6666666666666666,7
random,0.0,3,True,3100,True,800,1.0,True,2,1,0.7333333333333333,9
random,0.0,3,True,3101,True,850,1.0,True,2,1,0.6666666666666666,9
random,0.0,3,True,3102,True,950,1.0,True,2,1,0.5333333333333333,9
random,0.0,3,True,3103,True,800,1.0,True,2,1,0.7333333333333333,9
random,0.0,3,True,3104,True,850,1.0,True,2,1,0.4666666666666667,9
random,0.0,4,True,4100,True,800,1.0,True,2,1,0.7333333333333333,8
random,0.0,4,True,4101,True,950,1.0,True,2,1,0.7333333333333333,8
random,0.0,4,True,4102,True,800,1.0,True,2,1,0.7333333333333333,8
random,0.0,4,True,4103,True,800,1.0,True,2,1,0.7333333333333333,8
random,0.0,4,True,4104,True,800,1.0,True,2,1,0.7333333333333333,8
random,0.0,5,True,5100,True,1000,1.0,False,,1,0.8,9
random,0.0,5,True,5101,True,850,1.0,False,,1,0.4666666666666667,9
random,0.0,5,True,5102,True,800,1.0,False,,1,0.7333333333333333,9
random,0.0,5,True,5103,True,800,1.0,True,2,1,0.8,9
random,0.0,5,True,5104,True,900,1.0,True,2,1,0.7333333333333333,9
random,0.0,6,True,6100,True,1000,1.0,False,,1,0.7333333333333333,9
random,0.0,6,True,6101,True,800,1.0,True,2,1,0.8666666666666667,9
random,0.0,6,True,6102,True,800,1.0,True,2,1,0.8666666666666667,9
random,0.0,6,True,6103,True,800,1.0,True,2,1,0.8666666666666667,9
random,0.0,6,True,6104,True,900,1.0,False,,1,0.6666666666666666,9
random,0.0,7,True,7100,True,850,1.0,True,2,1,0.6666666666666666,8
random,0.0,7,True,7101,True,850,1.0,True,2,1,0.6,8
random,0.0,7,True,7102,True,850,1.0,False,,1,0.7333333333333333,8
random,0.0,7,True,7103,True,850,1.0,False,,1,0.4,8
random,0.0,7,True,7104,True,850,1.0,True,2,1,0.7333333333333333,8
random,0.0,8,True,8100,True,900,1.0,True,2,1,0.5333333333333333,10
random,0.0,8,True,8101,True,800,1.0,True,2,1,0.7333333333333333,10
random,0.0,8,True,8102,True,800,1.0,True,2,1,0.6666666666666666,10
random,0.0,8,True,8103,True,900,1.0,True,2,1,0.6,10
random,0.0,8,True,8104,True,800,1.0,True,2,1,0.8,10
random,0.0,9,True,9100,True,800,1.0,True,2,1,0.6666666666666666,10
random,0.0,9,True,9101,True,1050,1.0,True,2,1,0.4666666666666667,10
random,0.0,9,True,9102,True,800,1.0,True,2,1,0.7333333333333333,10
random,0.0,9,True,9103,True,900,1.0,True,2,1,0.7333333333333333,10
random,0.0,9,True,9104,True,850,1.0,True,2,1,0.6666666666666666,10
random,0.0,10,True,10100,True,850,1.0,False,,1,0.6666666666666666,6
random,0.0,10,True,10101,True,850,1.0,True,2,1,0.7333333333333333,6
random,0.0,10,True,10102,True,800,1.0,False,,1,0.8,6
random,0.0,10,True,10103,True,850,1.0,False,,1,0.6666666666666666,6
random,0.0,10,True,10104,True,800,1.0,False,,1,0.8666666666666667,6
random,0.0,11,True,11100,True,850,1.0,False,,1,0.5333333333333333,7
random,0.0,11,True,11101,True,850,1.0,False,,1,0.8666666666666667,7
random,0.0,11,True,11102,True,800,1.0,False,,1,0.8666666666666667,7
random,0.0,11,True,11103,True,800,1.0,False,,1,0.8666666666666667,7
random,0.0,11,True,11104,True,800,1.0,True,2,1,0.7333333333333333,7
random,0.0,12,True,12100,True,800,1.0,True,2,1,0.7333333333333333,10
random,0.0,12,True,12101,True,850,1.0,True,2,1,0.5333333333333333,10
random,0.0,12,True,12102,True,900,1.0,True,2,1,0.4666666666666667,10
random,0.0,12,True,12103,True,800,1.0,True,2,1,0.8,10
random,0.0,12,True,12104,True,1000,1.0,True,2,1,0.13333333333333333,10
random,0.0,13,True,13100,True,800,1.0,False,,1,0.7333333333333333,7
random,0.0,13,True,13101,True,1000,1.0,True,2,1,0.8,7
random,0.0,13,True,13102,True,900,1.0,False,,1,0.7333333333333333,7
random,0.0,13,True,13103,True,850,1.0,False,,1,0.6,7
random,0.0,13,True,13104,True,850,1.0,False,,1,0.6666666666666666,7
random,0.0,14,True,14100,True,800,1.0,False,,1,0.8,8
random,0.0,14,True,14101,True,800,1.0,False,,1,0.8,8
random,0.0,14,True,14102,True,800,1.0,True,2,1,0.8,8
random,0.0,14,True,14103,True,900,1.0,True,2,1,0.6666666666666666,8
random,0.0,14,True,14104,True,800,1.0,False,,1,0.8,8
random,0.0,15,True,15100,True,850,1.0,True,2,1,0.6666666666666666,9
random,0.0,15,True,15101,True,850,1.0,True,2,1,0.6666666666666666,9
random,0.0,15,True,15102,True,1000,1.0,True,2,1,0.4666666666666667,9
random,0.0,15,True,15103,True,950,1.0,True,2,1,0.6666666666666666,9
random,0.0,15,True,15104,True,900,1.0,True,2,1,0.5333333333333333,9
random,0.0,16,True,16100,True,800,1.0,False,,1,0.8,8
random,0.0,16,True,16101,True,800,1.0,True,2,1,0.6666666666666666,8
random,0.0,16,True,16102,True,800,1.0,False,,1,0.8,8
random,0.0,16,True,16103,True,800,1.0,True,2,1,0.6666666666666666,8
random,0.0,16,True,16104,True,800,1.0,False,,1,0.8,8
random,0.0,17,True,17100,True,800,1.0,False,,1,0.7333333333333333,9
random,0.0,17,True,17101,True,850,1.0,True,2,1,0.7333333333333333,9
random,0.0,17,True,17102,True,850,1.0,True,2,1,0.8,9
random,0.0,17,True,17103,True,950,1.0,False,,1,0.7333333333333333,9
random,0.0,17,True,17104,True,900,1.0,True,2,1,0.6,9
random,0.0,18,True,18100,True,800,1.0,True,2,1,0.8,9
random,0.0,18,True,18101,True,1000,1.0,False,,1,0.6,9
random,0.0,18,True,18102,True,800,1.0,False,,1,0.6666666666666666,9
random,0.0,18,True,18103,True,800,1.0,False,,1,0.4,9
random,0.0,18,True,18104,True,950,1.0,False,,1,0.6666666666666666,9
random,0.0,19,True,19100,True,850,1.0,False,,1,0.8,6
random,0.0,19,True,19101,True,850,1.0,True,2,1,0.6666666666666666,6
random,0.0,19,True,19102,True,800,1.0,False,,1,0.6,6
random,0.0,19,True,19103,True,800,1.0,False,,1,0.8,6
random,0.0,19,True,19104,True,800,1.0,True,2,1,0.6666666666666666,6
random,0.0,20,True,20100,True,850,1.0,False,,1,0.8,9
random,0.0,20,True,20101,True,900,1.0,False,,1,0.7333333333333333,9
random,0.0,20,True,20102,True,800,1.0,True,2,1,0.6666666666666666,9
random,0.0,20,True,20103,True,800,1.0,True,2,1,0.6,9
random,0.0,20,True,20104,True,850,1.0,False,,1,0.6,9
random,0.0,21,True,21100,True,1200,1.0,True,2,1,0.5333333333333333,9
random,0.0,21,True,21101,True,900,1.0,True,2,1,0.5333333333333333,9
random,0.0,21,True,21102,True,1100,1.0,True,2,1,0.6,9
random,0.0,21,True,21103,True,850,1.0,True,2,1,0.6666666666666666,9
random,0.0,21,True,21104,True,800,1.0,True,2,1,0.6666666666666666,9
random,0.0,22,True,22100,True,950,1.0,True,2,1,0.6,9
random,0.0,22,True,22101,True,1000,1.0,True,2,1,0.3333333333333333,9
random,0.0,22,True,22102,True,800,1.0,True,2,1,0.8,9
random,0.0,22,True,22103,True,900,1.0,True,2,1,0.4666666666666667,9
random,0.0,22,True,22104,True,1050,1.0,True,2,1,0.4666666666666667,9
random,0.0,23,True,23100,True,850,1.0,True,2,1,0.6666666666666666,10
random,0.0,23,True,23101,True,800,1.0,True,2,1,0.5333333333333333,10
random,0.0,23,True,23102,True,900,1.0,True,2,1,0.6666666666666666,10
random,0.0,23,True,23103,True,800,1.0,True,2,1,0.6666666666666666,10
random,0.0,23,True,23104,True,850,1.0,True,1,1,0.6,10
random,0.0,24,True,24100,True,900,1.0,True,2,1,0.6,10
random,0.0,24,True,24101,True,800,1.0,True,2,1,0.5333333333333333,10
random,0.0,24,True,24102,True,800,1.0,True,2,1,0.6,10
random,0.0,24,True,24103,True,1000,1.0,True,2,1,0.5333333333333333,10
random,0.0,24,True,24104,True,800,1.0,True,2,1,0.6,10
random,0.0,25,True,25100,True,950,1.0,True,2,1,0.6,9
random,0.0,25,True,25101,True,800,1.0,True,2,1,0.7333333333333333,9
random,0.0,25,True,25102,True,950,1.0,True,2,1,0.5333333333333333,9
random,0.0,25,True,25103,True,800,1.0,True,2,1,0.8,9
random,0.0,25,True,25104,True,850,1.0,True,2,1,0.4,9
random,0.0,26,True,26100,True,800,1.0,True,2,1,0.8,10
random,0.0,26,True,26101,True,850,1.0,True,2,1,0.7333333333333333,10
random,0.0,26,True,26102,True,900,1.0,True,2,1,0.6666666666666666,10
random,0.0,26,True,26103,True,800,1.0,True,2,1,0.6666666666666666,10
random,0.0,26,True,26104,True,800,1.0,True,2,1,0.8,10
random,0.0,27,True,27100,True,800,1.0,True,3,2,0.7333333333333333,13
random,0.0,27,True,27101,True,850,1.0,True,3,2,0.7333333333333333,13
random,0.0,27,True,27102,True,900,1.0,True,3,2,0.6,13
random,0.0,27,True,27103,True,850,1.0,True,3,2,0.6,13
random,0.0,27,True,27104,True,1000,1.0,True,3,2,0.4666666666666667,13
random,0.0,28,True,28100,True,800,1.0,True,2,1,0.7333333333333333,8
random,0.0,28,True,28101,True,1000,1.0,True,2,1,0.6,8
random,0.0,28,True,28102,True,800,1.0,False,,1,0.6666666666666666,8
random,0.0,28,True,28103,True,1000,1.0,False,,1,0.5333333333333333,8
random,0.0,28,True,28104,True,1000,1.0,False,,1,0.7333333333333333,8
random,0.0,29,True,29100,True,900,1.0,True,3,2,0.5333333333333333,11
random,0.0,29,True,29101,True,950,1.0,True,3,2,0.4666666666666667,11
random,0.0,29,True,29102,True,850,1.0,True,3,2,0.6,11
random,0.0,29,True,29103,True,850,1.0,True,3,2,0.6666666666666666,11
random,0.0,29,True,29104,True,850,1.0,True,3,2,0.7333333333333333,11
random,0.002,0,True,100,True,1650,1.0,True,2,1,0.4666666666666667,9
random,0.002,0,True,101,True,850,1.0,True,2,1,0.6,9
random,0.002,0,True,102,True,850,1.0,True,2,1,0.7333333333333333,9
random,0.002,0,True,103,True,4750,1.0,True,2,1,0.3333333333333333,9
random,0.002,0,True,104,True,950,1.0,True,2,1,0.6666666666666666,9
random,0.002,1,True,1100,True,1300,1.0,True,2,1,0.6,10
random,0.002,1,True,1101,True,1250,1.0,True,2,1,0.3333333333333333,10
random,0.002,1,True,1102,True,1000,1.0,True,2,1,0.6666666666666666,10
random,0.002,1,True,1103,True,1450,1.0,True,2,1,0.3333333333333333,10
random,0.002,1,True,1104,True,1700,1.0,True,2,1,0.6666666666666666,10
random,0.002,2,True,2100,True,1150,1.0,True,2,1,0.6666666666666666,7
random,0.002,2,True,2101,True,850,1.0,True,2,1,0.4666666666666667,7
random,0.002,2,True,2102,True,800,1.0,True,1,1,0.6666666666666666,7
random,0.002,2,True,2103,True,850,1.0,False,,1,0.7333333333333333,7
random,0.002,2,True,2104,True,950,1.0,False,,1,0.6666666666666666,7
random,0.002,3,True,3100,True,1400,1.0,True,2,1,0.6666666666666666,9
random,0.002,3,True,3101,True,850,1.0,True,2,1,0.6666666666666666,9
random,0.002,3,True,3102,True,1850,1.0,True,2,1,0.4,9
random,0.002,3,True,3103,True,1600,1.0,True,2,1,0.4,9
random,0.002,3,True,3104,True,850,1.0,True,2,1,0.4666666666666667,9
random,0.002,4,True,4100,True,1100,1.0,False,,1,0.5333333333333333,8
random,0.002,4,True,4101,True,1900,1.0,True,2,1,0.7333333333333333,8
random,0.002,4,True,4102,True,800,1.0,True,2,1,0.7333333333333333,8
random,0.002,4,True,4103,True,1050,1.0,True,2,1,0.6,8
random,0.002,4,True,4104,True,800,1.0,True,2,1,0.7333333333333333,8
random,0.002,5,True,5100,True,1000,1.0,False,,1,0.8,9
random,0.002,5,True,5101,True,850,1.0,False,,1,0.4666666666666667,9
random,0.002,5,True,5102,True,800,1.0,False,,1,0.7333333333333333,9
random,0.002,5,True,5103,True,800,1.0,True,2,1,0.8,9
random,0.002,5,True,5104,True,900,1.0,True,2,1,0.7333333333333333,9
random,0.002,6,True,6100,True,1100,1.0,True,2,1,0.6666666666666666,9
random,0.002,6,True,6101,True,800,1.0,True,2,1,0.7333333333333333,9
random,0.002,6,True,6102,True,1550,1.0,True,2,1,0.8666666666666667,9
random,0.002,6,True,6103,True,1150,1.0,True,2,1,0.8666666666666667,9
random,0.002,6,True,6104,True,1650,1.0,False,,1,0.4666666666666667,9
random,0.002,7,True,7100,True,1550,1.0,False,,1,0.6666666666666666,8
random,0.002,7,True,7101,True,1200,1.0,True,2,1,0.5333333333333333,8
random,0.002,7,True,7102,True,1500,1.0,True,2,1,0.6,8
random,0.002,7,True,7103,True,1300,1.0,True,2,1,0.5333333333333333,8
random,0.002,7,True,7104,True,1850,1.0,False,,1,0.6,8
random,0.002,8,True,8100,True,900,1.0,True,2,1,0.5333333333333333,10
random,0.002,8,True,8101,True,800,1.0,True,2,1,0.7333333333333333,10
random,0.002,8,True,8102,True,1300,1.0,True,2,1,0.6666666666666666,10
random,0.002,8,True,8103,True,900,1.0,True,2,1,0.6,10
random,0.002,8,True,8104,True,800,1.0,True,2,1,0.8,10
random,0.002,9,True,9100,True,800,1.0,True,2,1,0.6666666666666666,10
random,0.002,9,True,9101,True,1050,1.0,True,2,1,0.6,10
random,0.002,9,True,9102,True,1100,1.0,True,2,1,0.5333333333333333,10
random,0.002,9,True,9103,True,900,1.0,True,2,1,0.7333333333333333,10
random,0.002,9,True,9104,True,850,1.0,True,2,1,0.6666666666666666,10
random,0.002,10,True,10100,True,1150,1.0,False,,1,0.8,6
random,0.002,10,True,10101,True,850,1.0,True,2,1,0.7333333333333333,6
random,0.002,10,True,10102,True,900,1.0,False,,1,0.8,6
random,0.002,10,True,10103,True,850,1.0,False,,1,0.6666666666666666,6
random,0.002,10,True,10104,True,800,1.0,False,,1,0.8666666666666667,6
random,0.002,11,True,11100,True,850,1.0,False,,1,0.5333333333333333,7
random,0.002,11,True,11101,True,1700,1.0,True,2,1,0.7333333333333333,7
random,0.002,11,True,11102,True,800,1.0,False,,1,0.8666666666666667,7
random,0.002,11,True,11103,True,800,1.0,False,,1,0.8666666666666667,7
random,0.002,11,True,11104,True,800,1.0,True,2,1,0.7333333333333333,7
random,0.002,12,True,12100,True,800,1.0,True,2,1,0.7333333333333333,10
random,0.002,12,True,12101,True,850,1.0,True,2,1,0.5333333333333333,10
random,0.002,12,True,12102,True,900,1.0,True,2,1,0.4666666666666667,10
random,0.002,12,True,12103,True,800,1.0,True,2,1,0.8,10
random,0.002,12,True,12104,True,1000,1.0,True,2,1,0.26666666666666666,10
random,0.002,13,True,13100,True,800,1.0,False,,1,0.7333333333333333,7
random,0.002,13,True,13101,True,1000,1.0,True,2,1,0.8,7
random,0.002,13,True,13102,True,900,1.0,False,,1,0.7333333333333333,7
random,0.002,13,True,13103,True,1150,1.0,False,,1,0.6,7
random,0.002,13,True,13104,True,850,1.0,False,,1,0.6666666666666666,7
random,0.002,14,True,14100,True,1600,1.0,True,2,1,0.26666666666666666,8
random,0.002,14,True,14101,True,1800,1.0,True,2,1,0.8,8
random,0.002,14,True,14102,True,900,1.0,False,,1,0.6666666666666666,8
random,0.002,14,True,14103,True,900,1.0,False,,1,0.4666666666666667,8
random,0.002,14,True,14104,True,800,1.0,False,,1,0.8,8
random,0.002,15,True,15100,True,850,1.0,True,2,1,0.6666666666666666,9
random,0.002,15,True,15101,True,850,1.0,True,2,1,0.6666666666666666,9
random,0.002,15,True,15102,True,1000,1.0,True,2,1,0.4666666666666667,9
random,0.002,15,True,15103,True,950,1.0,True,2,1,0.6666666666666666,9
random,0.002,15,True,15104,True,1650,1.0,True,1,1,0.4666666666666667,9
random,0.002,16,True,16100,True,800,1.0,False,,1,0.8,8
random,0.002,16,True,16101,True,800,1.0,True,2,1,0.6666666666666666,8
random,0.002,16,True,16102,True,800,1.0,False,,1,0.8,8
random,0.002,16,True,16103,True,1400,1.0,False,,1,0.26666666666666666,8
random,0.002,16,True,16104,True,800,1.0,False,,1,0.8,8
random,0.002,17,True,17100,True,800,1.0,False,,1,0.7333333333333333,9
random,0.002,17,True,17101,True,950,1.0,True,2,1,0.6,9
random,0.002,17,True,17102,True,1400,1.0,False,,1,0.7333333333333333,9
random,0.002,17,True,17103,True,950,1.0,False,,1,0.7333333333333333,9
random,0.002,17,True,17104,True,900,1.0,True,2,1,0.6,9
random,0.002,18,True,18100,True,800,1.0,True,2,1,0.8,9
random,0.002,18,True,18101,True,1000,1.0,False,,1,0.6,9
random,0.002,18,True,18102,True,950,1.0,False,,1,0.6,9
random,0.002,18,True,18103,True,800,1.0,False,,1,0.4,9
random,0.002,18,True,18104,True,950,1.0,False,,1,0.6666666666666666,9
random,0.002,19,True,19100,True,1400,1.0,False,,1,0.6666666666666666,6
random,0.002,19,True,19101,True,1600,1.0,False,,1,0.6,6
random,0.002,19,True,19102,True,1750,1.0,False,,1,0.4666666666666667,6
random,0.002,19,True,19103,True,800,1.0,False,,1,0.8,6
random,0.002,19,True,19104,True,800,1.0,True,2,1,0.6666666666666666,6
random,0.002,20,True,20100,True,2100,1.0,False,,1,0.4666666666666667,9
random,0.002,20,True,20101,True,900,1.0,False,,1,0.7333333333333333,9
random,0.002,20,True,20102,True,800,1.0,True,2,1,0.6666666666666666,9
random,0.002,20,True,20103,True,1100,1.0,False,,1,0.6666666666666666,9
random,0.002,20,True,20104,True,850,1.0,False,,1,0.6,9
random,0.002,21,True,21100,True,1200,1.0,True,2,1,0.5333333333333333,9
random,0.002,21,True,21101,True,900,1.0,True,2,1,0.5333333333333333,9
random,0.002,21,True,21102,True,1150,1.0,True,2,1,0.6,9
random,0.002,21,True,21103,True,1500,1.0,True,2,1,0.7333333333333333,9
random,0.002,21,True,21104,True,800,1.0,True,2,1,0.6666666666666666,9
random,0.002,22,True,22100,True,1950,1.0,True,2,1,0.6666666666666666,9
random,0.002,22,True,22101,True,1000,1.0,True,2,1,0.3333333333333333,9
random,0.002,22,True,22102,True,800,1.0,True,2,1,0.8,9
random,0.002,22,True,22103,True,900,1.0,True,2,1,0.4666666666666667,9
random,0.002,22,True,22104,True,1050,1.0,True,2,1,0.4666666666666667,9
random,0.002,23,True,23100,True,850,1.0,True,2,1,0.4666666666666667,10
random,0.002,23,True,23101,True,1800,1.0,True,2,1,0.4666666666666667,10
random,0.002,23,True,23102,True,900,1.0,True,2,1,0.6666666666666666,10
random,0.002,23,True,23103,True,800,1.0,True,2,1,0.6666666666666666,10
random,0.002,23,True,23104,True,850,1.0,True,1,1,0.6,10
random,0.002,24,True,24100,True,900,1.0,True,2,1,0.6,10
random,0.002,24,True,24101,True,800,1.0,True,2,1,0.5333333333333333,10
random,0.002,24,True,24102,True,800,1.0,True,2,1,0.6,10
random,0.002,24,True,24103,True,1500,1.0,True,2,1,0.8,10
random,0.002,24,True,24104,True,800,1.0,True,2,1,0.4666666666666667,10
random,0.002,25,True,25100,True,2000,1.0,True,2,1,0.6,9
random,0.002,25,True,25101,True,2400,1.0,True,2,1,0.7333333333333333,9
random,0.002,25,True,25102,True,1100,1.0,True,2,1,0.6,9
random,0.002,25,True,25103,True,1100,1.0,True,2,1,0.8,9
random,0.002,25,True,25104,True,1100,1.0,True,2,1,0.4,9
random,0.002,26,True,26100,True,800,1.0,True,2,1,0.8,10
random,0.002,26,True,26101,True,850,1.0,True,2,1,0.7333333333333333,10
random,0.002,26,True,26102,True,900,1.0,True,2,1,0.6666666666666666,10
random,0.002,26,True,26103,True,1250,1.0,True,2,1,0.6666666666666666,10
random,0.002,26,True,26104,True,800,1.0,True,2,1,0.8,10
random,0.002,27,True,27100,True,800,1.0,True,3,2,0.7333333333333333,13
random,0.002,27,True,27101,True,1400,1.0,True,3,2,0.6,13
random,0.002,27,True,27102,True,1450,1.0,True,3,2,0.4666666666666667,13
random,0.002,27,True,27103,True,1850,1.0,True,3,2,0.6666666666666666,13
random,0.002,27,True,27104,True,1300,1.0,True,3,2,0.5333333333333333,13
random,0.002,28,True,28100,True,800,1.0,True,2,1,0.7333333333333333,8
random,0.002,28,True,28101,True,1000,1.0,True,2,1,0.6,8
random,0.002,28,True,28102,True,800,1.0,False,,1,0.6666666666666666,8
random,0.002,28,True,28103,True,1000,1.0,False,,1,0.5333333333333333,8
random,0.002,28,True,28104,True,1000,1.0,False,,1,0.7333333333333333,8
random,0.002,29,True,29100,True,900,1.0,True,3,2,0.5333333333333333,11
random,0.002,29,True,29101,True,950,1.0,True,3,2,0.4666666666666667,11
random,0.002,29,True,29102,True,850,1.0,True,3,2,0.6,11
random,0.002,29,True,29103,True,850,1.0,True,3,2,0.6666666666666666,11
random,0.002,29,True,29104,True,1950,1.0,True,3,2,0.5333333333333333,11
random,0.005,0,True,100,True,1650,1.0,True,2,1,0.4,9
random,0.005,0,True,101,True,850,1.0,True,2,1,0.6,9
random,0.005,0,True,102,True,850,1.0,True,2,1,0.7333333333333333,9
random,0.005,0,True,103,True,4650,1.0,True,2,1,0.5333333333333333,9
random,0.005,0,True,104,True,950,1.0,True,2,1,0.6666666666666666,9
random,0.005,1,True,1100,True,1500,1.0,True,2,1,0.6666666666666666,10
random,0.005,1,True,1101,True,2300,1.0,True,2,1,0.6666666666666666,10
random,0.005,1,True,1102,True,1000,1.0,True,2,1,0.6666666666666666,10
random,0.005,1,True,1103,True,1450,1.0,True,2,1,0.3333333333333333,10
random,0.005,1,True,1104,True,1600,1.0,True,2,1,0.6666666666666666,10
random,0.005,2,True,2100,True,1950,1.0,False,,1,0.6666666666666666,7
random,0.005,2,True,2101,True,850,1.0,True,2,1,0.4666666666666667,7
random,0.005,2,True,2102,True,800,1.0,True,1,1,0.6666666666666666,7
random,0.005,2,True,2103,True,1700,1.0,True,2,1,0.6,7
random,0.005,2,True,2104,True,950,1.0,False,,1,0.6666666666666666,7
random,0.005,3,True,3100,True,1400,1.0,True,2,1,0.6,9
random,0.005,3,True,3101,True,1400,1.0,True,2,1,0.5333333333333333,9
random,0.005,3,True,3102,True,2450,1.0,True,2,1,0.26666666666666666,9
random,0.005,3,True,3103,True,1600,1.0,True,2,1,0.4,9
random,0.005,3,True,3104,True,850,1.0,True,2,1,0.4666666666666667,9
random,0.005,4,True,4100,True,1100,1.0,False,,1,0.5333333333333333,8
random,0.005,4,True,4101,True,1850,1.0,True,2,1,0.4666666666666667,8
random,0.005,4,True,4102,True,5350,1.0,True,2,1,0.3333333333333333,8
random,0.005,4,True,4103,True,2350,1.0,True,2,1,0.4666666666666667,8
random,0.005,4,True,4104,True,800,1.0,True,2,1,0.7333333333333333,8
random,0.005,5,True,5100,True,1350,1.0,True,2,1,0.6,9
random,0.005,5,True,5101,True,850,1.0,False,,1,0.4666666666666667,9
random,0.005,5,True,5102,True,800,1.0,False,,1,0.7333333333333333,9
random,0.005,5,True,5103,True,800,1.0,True,2,1,0.8,9
random,0.005,5,True,5104,True,2100,1.0,False,,1,0.6666666666666666,9
random,0.005,6,True,6100,True,2650,1.0,False,,1,0.6666666666666666,9
random,0.005,6,True,6101,True,800,1.0,True,2,1,0.7333333333333333,9
random,0.005,6,True,6102,True,1550,1.0,False,,1,0.6666666666666666,9
random,0.005,6,True,6103,True,3750,1.0,False,,1,0.6,9
random,0.005,6,True,6104,True,3150,1.0,True,2,1,0.6,9
random,0.005,7,True,7100,True,4000,1.0,True,2,1,0.5333333333333333,8
random,0.005,7,True,7101,True,4600,1.0,True,2,1,0.3333333333333333,8
random,0.005,7,True,7102,True,1500,1.0,True,2,1,0.6,8
random,0.005,7,True,7103,True,1400,1.0,True,2,1,0.4,8
random,0.005,7,True,7104,True,1850,1.0,False,,1,0.6,8
random,0.005,8,True,8100,True,900,1.0,True,2,1,0.5333333333333333,10
random,0.005,8,True,8101,True,2600,1.0,True,2,1,0.4666666666666667,10
random,0.005,8,True,8102,True,3600,1.0,True,2,1,0.4666666666666667,10
random,0.005,8,True,8103,True,1250,1.0,True,2,1,0.8,10
random,0.005,8,True,8104,True,1600,1.0,True,2,1,0.6,10
random,0.005,9,True,9100,True,800,1.0,True,2,1,0.6666666666666666,10
random,0.005,9,True,9101,True,1400,1.0,True,2,1,0.4,10
random,0.005,9,True,9102,True,1900,1.0,True,2,1,0.5333333333333333,10
random,0.005,9,True,9103,True,900,1.0,True,2,1,0.7333333333333333,10
random,0.005,9,True,9104,True,850,1.0,True,2,1,0.5333333333333333,10
random,0.005,10,True,10100,True,1300,1.0,False,,1,0.8666666666666667,6
random,0.005,10,True,10101,True,800,1.0,False,,1,0.7333333333333333,6
random,0.005,10,True,10102,True,900,1.0,False,,1,0.8,6
random,0.005,10,True,10103,True,850,1.0,True,2,1,0.5333333333333333,6
random,0.005,10,True,10104,True,800,1.0,False,,1,0.8666666666666667,6
random,0.005,11,True,11100,True,850,1.0,False,,1,0.5333333333333333,7
random,0.005,11,True,11101,True,1900,1.0,False,,1,0.6,7
random,0.005,11,True,11102,True,800,1.0,False,,1,0.8666666666666667,7
random,0.005,11,True,11103,True,800,1.0,False,,1,0.8666666666666667,7
random,0.005,11,True,11104,True,800,1.0,False,,1,0.6,7
random,0.005,12,True,12100,True,1600,1.0,True,2,1,0.4666666666666667,10
random,0.005,12,True,12101,True,850,1.0,True,2,1,0.5333333333333333,10
random,0.005,12,True,12102,True,2050,1.0,True,2,1,0.4666666666666667,10
random,0.005,12,True,12103,True,1100,1.0,True,2,1,0.4666666666666667,10
random,0.005,12,True,12104,True,2000,1.0,True,2,1,0.6,10
random,0.005,13,True,13100,True,800,1.0,False,,1,0.7333333333333333,7
random,0.005,13,True,13101,True,1000,1.0,True,2,1,0.8,7
random,0.005,13,True,13102,True,1200,1.0,False,,1,0.5333333333333333,7
random,0.005,13,True,13103,True,2450,1.0,False,,1,0.7333333333333333,7
random,0.005,13,True,13104,True,3350,1.0,False,,1,0.5333333333333333,7
random,0.005,14,True,14100,True,1550,1.0,False,,1,0.3333333333333333,8
random,0.005,14,True,14101,True,3700,1.0,True,2,1,0.6666666666666666,8
random,0.005,14,True,14102,True,1500,1.0,True,2,1,0.6666666666666666,8
random,0.005,14,True,14103,True,1950,1.0,True,2,1,0.6666666666666666,8
random,0.005,14,True,14104,True,800,1.0,False,,1,0.8,8
random,0.005,15,True,15100,True,2950,1.0,True,2,1,0.6666666666666666,9
random,0.005,15,True,15101,True,850,1.0,True,2,1,0.6666666666666666,9
random,0.005,15,True,15102,True,1000,1.0,True,2,1,0.4666666666666667,9
random,0.005,15,True,15103,True,1400,1.0,True,2,1,0.4666666666666667,9
random,0.005,15,True,15104,True,1650,1.0,True,1,1,0.4666666666666667,9
random,0.005,16,True,16100,True,800,1.0,False,,1,0.8,8
random,0.005,16,True,16101,True,850,1.0,True,2,1,0.6,8
random,0.005,16,True,16102,True,800,1.0,True,2,1,0.7333333333333333,8
random,0.005,16,True,16103,True,1400,1.0,False,,1,0.26666666666666666,8
random,0.005,16,True,16104,True,800,1.0,False,,1,0.8,8
random,0.005,17,True,17100,True,800,1.0,False,,1,0.7333333333333333,9
random,0.005,17,True,17101,True,950,1.0,True,2,1,0.6,9
random,0.005,17,True,17102,True,1400,1.0,False,,1,0.7333333333333333,9
random,0.005,17,True,17103,True,950,1.0,False,,1,0.7333333333333333,9
random,0.005,17,True,17104,True,1200,1.0,False,,1,0.6,9
random,0.005,18,True,18100,True,1300,1.0,True,2,1,0.6,9
random,0.005,18,True,18101,True,1150,1.0,False,,1,0.6666666666666666,9
random,0.005,18,True,18102,True,950,1.0,False,,1,0.6,9
random,0.005,18,True,18103,True,800,1.0,False,,1,0.4,9
random,0.005,18,True,18104,True,1600,1.0,False,,1,0.6,9
random,0.005,19,True,19100,True,5850,1.0,False,,1,0.7333333333333333,6
random,0.005,19,True,19101,True,1600,1.0,False,,1,0.6,6
random,0.005,19,True,19102,True,1100,1.0,False,,1,0.6666666666666666,6
random,0.005,19,True,19103,True,800,1.0,False,,1,0.8,6
random,0.005,19,True,19104,True,800,1.0,True,2,1,0.6666666666666666,6
random,0.005,20,True,20100,True,2150,1.0,False,,1,0.5333333333333333,9
random,0.005,20,True,20101,True,1700,1.0,False,,1,0.7333333333333333,9
random,0.005,20,True,20102,True,1200,1.0,False,,1,0.6,9
random,0.005,20,True,20103,True,1750,1.0,False,,1,0.6,9
random,0.005,20,True,20104,True,2000,1.0,False,,1,0.6,9
random,0.005,21,True,21100,True,1200,1.0,True,2,1,0.5333333333333333,9
random,0.005,21,True,21101,True,1250,1.0,True,2,1,0.5333333333333333,9
random,0.005,21,True,21102,True,3100,1.0,True,2,1,0.6,9
random,0.005,21,True,21103,True,1450,1.0,True,2,1,0.4666666666666667,9
random,0.005,21,True,21104,True,900,1.0,True,2,1,0.8,9
random,0.005,22,True,22100,True,1900,1.0,True,2,1,0.5333333333333333,9
random,0.005,22,True,22101,True,1000,1.0,True,2,1,0.3333333333333333,9
random,0.005,22,True,22102,True,800,1.0,True,2,1,0.8,9
random,0.005,22,True,22103,True,900,1.0,True,2,1,0.4666666666666667,9
random,0.005,22,True,22104,True,1950,1.0,True,2,1,0.5333333333333333,9
random,0.005,23,True,23100,True,850,1.0,True,2,1,0.4666666666666667,10
random,0.005,23,True,23101,True,1750,1.0,True,2,1,0.4666666666666667,10
random,0.005,23,True,23102,True,900,1.0,True,2,1,0.6666666666666666,10
random,0.005,23,True,23103,True,850,1.0,True,2,1,0.5333333333333333,10
random,0.005,23,True,23104,True,1250,1.0,True,2,1,0.6,10
random,0.005,24,True,24100,True,900,1.0,True,2,1,0.6,10
random,0.005,24,True,24101,True,2050,1.0,True,2,1,0.3333333333333333,10
random,0.005,24,True,24102,True,1000,1.0,True,2,1,0.6666666666666666,10
random,0.005,24,True,24103,True,1450,1.0,True,2,1,0.6666666666666666,10
random,0.005,24,True,24104,True,1600,1.0,True,2,1,0.4,10
random,0.005,25,True,25100,True,6600,1.0,True,2,1,0.3333333333333333,9
random,0.005,25,True,25101,True,2350,1.0,True,2,1,0.4,9
random,0.005,25,True,25102,True,1100,1.0,True,2,1,0.6,9
random,0.005,25,True,25103,True,1250,1.0,True,2,1,0.5333333333333333,9
random,0.005,25,True,25104,True,1100,1.0,True,2,1,0.4,9
random,0.005,26,True,26100,True,2200,1.0,True,2,1,0.5333333333333333,10
random,0.005,26,True,26101,True,1600,1.0,True,2,1,0.5333333333333333,10
random,0.005,26,True,26102,True,900,1.0,True,2,1,0.6666666666666666,10
random,0.005,26,True,26103,True,2600,1.0,True,2,1,0.6666666666666666,10
random,0.005,26,True,26104,True,1000,1.0,True,2,1,0.3333333333333333,10
random,0.005,27,True,27100,True,800,1.0,True,3,2,0.7333333333333333,13
random,0.005,27,True,27101,True,5800,1.0,True,3,2,0.4,13
random,0.005,27,True,27102,True,1450,1.0,True,3,2,0.4666666666666667,13
random,0.005,27,True,27103,True,1800,1.0,True,3,2,0.4666666666666667,13
random,0.005,27,True,27104,True,1300,1.0,True,3,2,0.5333333333333333,13
random,0.005,28,True,28100,True,800,1.0,True,2,1,0.7333333333333333,8
random,0.005,28,True,28101,True,1000,1.0,True,2,1,0.6,8
random,0.005,28,True,28102,True,1550,1.0,True,2,1,0.4,8
random,0.005,28,True,28103,True,950,1.0,False,,1,0.5333333333333333,8
random,0.005,28,True,28104,True,1000,1.0,False,,1,0.7333333333333333,8
random,0.005,29,True,29100,True,2950,1.0,True,3,2,0.6,11
random,0.005,29,True,29101,True,950,1.0,True,3,2,0.4666666666666667,11
random,0.005,29,True,29102,True,850,1.0,True,3,2,0.6,11
random,0.005,29,True,29103,True,850,1.0,True,3,2,0.6,11
random,0.005,29,True,29104,True,1950,1.0,True,3,2,0.7333333333333333,11
random,0.01,0,True,100,True,2500,1.0,True,2,1,0.7333333333333333,9
random,0.01,0,True,101,True,850,1.0,True,2,1,0.6,9
random,0.01,0,True,102,True,1450,1.0,True,2,1,0.6666666666666666,9
random,0.01,0,True,103,True,5100,1.0,True,2,1,0.5333333333333333,9
random,0.01,0,True,104,True,950,1.0,True,2,1,0.6666666666666666,9
random,0.01,1,True,1100,True,1500,1.0,True,2,1,0.6666666666666666,10
random,0.01,1,True,1101,True,2900,1.0,True,2,1,0.7333333333333333,10
random,0.01,1,True,1102,True,15500,1.0,True,2,1,0.3333333333333333,10
random,0.01,1,True,1103,True,1450,1.0,True,2,1,0.3333333333333333,10
random,0.01,1,True,1104,True,1000,1.0,True,2,1,0.6666666666666666,10
random,0.01,2,True,2100,True,950,1.0,False,,1,0.6666666666666666,7
random,0.01,2,True,2101,True,1150,1.0,True,2,1,0.26666666666666666,7
random,0.01,2,True,2102,True,900,1.0,True,1,1,0.6666666666666666,7
random,0.01,2,True,2103,True,1700,1.0,False,,1,0.4666666666666667,7
random,0.01,2,True,2104,True,950,1.0,True,2,1,0.5333333333333333,7
random,0.01,3,True,3100,True,1350,1.0,True,2,1,0.4666666666666667,9
random,0.01,3,True,3101,True,3450,1.0,True,2,1,0.5333333333333333,9
random,0.01,3,True,3102,True,4000,1.0,True,2,1,0.7333333333333333,9
random,0.01,3,True,3103,True,8850,1.0,True,2,1,0.4666666666666667,9
random,0.01,3,True,3104,True,4750,1.0,True,2,1,0.6666666666666666,9
random,0.01,4,True,4100,True,1050,1.0,True,2,1,0.7333333333333333,8
random,0.01,4,True,4101,True,5350,1.0,False,,1,0.6666666666666666,8
random,0.01,4,True,4102,True,10200,1.0,False,,1,0.5333333333333333,8
random,0.01,4,True,4103,True,2350,1.0,False,,1,0.5333333333333333,8
random,0.01,4,True,4104,True,1500,1.0,False,,1,0.5333333333333333,8
random,0.01,5,True,5100,True,1900,1.0,False,,1,0.6666666666666666,9
random,0.01,5,True,5101,True,1850,1.0,False,,1,0.6666666666666666,9
random,0.01,5,True,5102,True,1900,1.0,False,,1,0.4666666666666667,9
random,0.01,5,True,5103,True,1400,1.0,True,2,1,0.4666666666666667,9
random,0.01,5,True,5104,True,3600,1.0,False,,1,0.7333333333333333,9
random,0.01,6,True,6100,True,2400,1.0,False,,1,0.7333333333333333,9
random,0.01,6,True,6101,True,3150,1.0,False,,1,0.7333333333333333,9
random,0.01,6,True,6102,True,4050,1.0,True,2,1,0.6666666666666666,9
random,0.01,6,True,6103,True,900,1.0,True,2,1,0.8666666666666667,9
random,0.01,6,True,6104,True,3750,1.0,False,,1,0.5333333333333333,9
random,0.01,7,True,7100,True,7850,1.0,True,2,1,0.6,8
random,0.01,7,True,7101,True,1650,1.0,True,2,1,0.6666666666666666,8
random,0.01,7,True,7102,True,1500,1.0,False,,1,0.7333333333333333,8
random,0.01,7,True,7103,True,1350,1.0,False,,1,0.6666666666666666,8
random,0.01,7,True,7104,True,1850,1.0,False,,1,0.6,8
random,0.01,8,True,8100,True,900,1.0,True,2,1,0.5333333333333333,10
random,0.01,8,True,8101,True,3300,1.0,True,2,1,0.4666666666666667,10
random,0.01,8,True,8102,True,3550,1.0,True,2,1,0.3333333333333333,10
random,0.01,8,True,8103,True,1250,1.0,True,2,1,0.8,10
random,0.01,8,True,8104,True,1600,1.0,True,2,1,0.6,10
random,0.01,9,True,9100,True,800,1.0,True,2,1,0.6666666666666666,10
random,0.01,9,True,9101,True,6300,1.0,True,2,1,0.5333333333333333,10
random,0.01,9,True,9102,True,7700,1.0,True,2,1,0.6,10
random,0.01,9,True,9103,True,900,1.0,True,2,1,0.7333333333333333,10
random,0.01,9,True,9104,True,1100,1.0,True,2,1,0.7333333333333333,10
random,0.01,10,True,10100,True,1550,1.0,False,,1,0.8666666666666667,6
random,0.01,10,True,10101,True,800,1.0,False,,1,0.8666666666666667,6
random,0.01,10,True,10102,True,4550,1.0,False,,1,0.7333333333333333,6
random,0.01,10,True,10103,True,850,1.0,True,2,1,0.5333333333333333,6
random,0.01,10,True,10104,True,800,1.0,False,,1,0.8666666666666667,6
random,0.01,11,True,11100,True,850,1.0,False,,1,0.7333333333333333,7
random,0.01,11,True,11101,True,1400,1.0,False,,1,0.8,7
random,0.01,11,True,11102,True,1100,1.0,False,,1,0.8666666666666667,7
random,0.01,11,True,11103,True,1300,1.0,False,,1,0.6666666666666666,7
random,0.01,11,True,11104,True,800,1.0,False,,1,0.6,7
random,0.01,12,True,12100,True,5100,1.0,True,2,1,0.6,10
random,0.01,12,True,12101,True,850,1.0,True,2,1,0.5333333333333333,10
random,0.01,12,True,12102,True,2000,1.0,True,2,1,0.5333333333333333,10
random,0.01,12,True,12103,True,4000,1.0,True,2,1,0.13333333333333333,10
random,0.01,12,True,12104,True,3600,1.0,True,2,1,0.4,10
random,0.01,13,True,13100,True,2850,1.0,False,,1,0.7333333333333333,7
random,0.01,13,True,13101,True,1000,1.0,True,2,1,0.8,7
random,0.01,13,True,13102,True,1200,1.0,False,,1,0.5333333333333333,7
random,0.01,13,True,13103,True,2450,1.0,True,2,1,0.6666666666666666,7
random,0.01,13,True,13104,True,1700,1.0,False,,1,0.7333333333333333,7
random,0.01,14,True,14100,True,2850,1.0,False,,1,0.4,8
random,0.01,14,True,14101,True,1750,1.0,True,2,1,0.6666666666666666,8
random,0.01,14,True,14102,True,1500,1.0,True,2,1,0.6666666666666666,8
random,0.01,14,True,14103,True,1900,1.0,False,,1,0.8,8
random,0.01,14,True,14104,True,1050,1.0,False,,1,0.8,8
random,0.01,15,True,15100,True,8450,1.0,True,2,1,0.5333333333333333,9
random,0.01,15,True,15101,True,3550,1.0,True,2,1,0.6,9
random,0.01,15,True,15102,True,4550,1.0,True,2,1,0.6,9
random,0.01,15,True,15103,True,5850,1.0,True,2,1,0.6666666666666666,9
random,0.01,15,True,15104,True,1650,1.0,True,1,1,0.4666666666666667,9
random,0.01,16,True,16100,True,1950,1.0,False,,1,0.5333333333333333,8
random,0.01,16,True,16101,True,6150,1.0,True,2,1,0.4,8
random,0.01,16,True,16102,True,8900,1.0,True,2,1,0.6666666666666666,8
random,0.01,16,True,16103,True,1400,1.0,False,,1,0.26666666666666666,8
random,0.01,16,True,16104,True,2950,1.0,False,,1,0.6,8
random,0.01,17,True,17100,True,5800,1.0,True,2,1,0.6,9
random,0.01,17,True,17101,True,13450,1.0,False,,1,0.7333333333333333,9
random,0.01,17,True,17102,True,14100,1.0,False,,1,0.6,9
random,0.01,17,True,17103,True,5700,1.0,False,,1,0.6,9
random,0.01,17,True,17104,True,1400,1.0,False,,1,0.7333333333333333,9
random,0.01,18,True,18100,True,1400,1.0,False,,1,0.6,9
random,0.01,18,True,18101,True,4150,1.0,True,2,1,0.4666666666666667,9
random,0.01,18,True,18102,True,7700,1.0,True,2,1,0.5333333333333333,9
random,0.01,18,True,18103,True,3050,1.0,False,,1,0.6666666666666666,9
random,0.01,18,True,18104,True,1950,1.0,False,,1,0.6666666666666666,9
random,0.01,19,True,19100,True,5900,1.0,True,2,1,0.6666666666666666,6
random,0.01,19,True,19101,True,2050,1.0,False,,1,0.8,6
random,0.01,19,True,19102,True,6550,1.0,False,,1,0.6666666666666666,6
random,0.01,19,True,19103,True,2650,1.0,False,,1,0.4,6
random,0.01,19,True,19104,True,3600,1.0,False,,1,0.6666666666666666,6
random,0.01,20,True,20100,True,2700,1.0,False,,1,0.5333333333333333,9
random,0.01,20,True,20101,True,1850,1.0,False,,1,0.6666666666666666,9
random,0.01,20,True,20102,True,1200,1.0,False,,1,0.6,9
random,0.01,20,True,20103,True,11400,1.0,False,,1,0.6,9
random,0.01,20,True,20104,True,7700,1.0,False,,1,0.6666666666666666,9
random,0.01,21,True,21100,True,1200,1.0,True,2,1,0.6,9
random,0.01,21,True,21101,True,1250,1.0,True,2,1,0.5333333333333333,9
random,0.01,21,True,21102,True,3100,1.0,True,2,1,0.6,9
random,0.01,21,True,21103,True,3450,1.0,True,2,1,0.4666666666666667,9
random,0.01,21,True,21104,True,900,1.0,True,2,1,0.8,9
random,0.01,22,True,22100,True,3050,1.0,True,2,1,0.6,9
random,0.01,22,True,22101,True,1800,1.0,True,2,1,0.3333333333333333,9
random,0.01,22,True,22102,True,800,1.0,True,2,1,0.8,9
random,0.01,22,True,22103,True,5500,1.0,True,2,1,0.6666666666666666,9
random,0.01,22,True,22104,True,2500,1.0,True,2,1,0.5333333333333333,9
random,0.01,23,True,23100,True,850,1.0,True,2,1,0.4666666666666667,10
random,0.01,23,True,23101,True,1700,1.0,True,2,1,0.7333333333333333,10
random,0.01,23,True,23102,True,5650,1.0,True,2,1,0.5333333333333333,10
random,0.01,23,True,23103,True,6650,1.0,True,2,1,0.6,10
random,0.01,23,True,23104,True,1850,1.0,True,2,1,0.3333333333333333,10
random,0.01,24,True,24100,True,1850,1.0,True,2,1,0.4666666666666667,10
random,0.01,24,True,24101,True,2050,1.0,True,2,1,0.3333333333333333,10
random,0.01,24,True,24102,True,1000,1.0,True,2,1,0.13333333333333333,10
random,0.01,24,True,24103,True,1450,1.0,True,2,1,0.6,10
random,0.01,24,True,24104,True,1600,1.0,True,2,1,0.3333333333333333,10
random,0.01,25,True,25100,True,4250,1.0,True,2,1,0.6666666666666666,9
random,0.01,25,True,25101,True,9000,1.0,True,2,1,0.4666666666666667,9
random,0.01,25,True,25102,True,3450,1.0,True,2,1,0.5333333333333333,9
random,0.01,25,True,25103,True,2100,1.0,True,2,1,0.6666666666666666,9
random,0.01,25,True,25104,True,10000,1.0,True,2,1,0.6,9
random,0.01,26,True,26100,True,1050,1.0,True,2,1,0.7333333333333333,10
random,0.01,26,True,26101,True,1950,1.0,True,2,1,0.6,10
random,0.01,26,True,26102,True,900,1.0,True,2,1,0.6666666666666666,10
random,0.01,26,True,26103,True,5300,1.0,True,2,1,0.4666666666666667,10
random,0.01,26,True,26104,True,2450,1.0,True,2,1,0.5333333333333333,10
random,0.01,27,True,27100,True,2100,1.0,True,3,2,0.8,13
random,0.01,27,True,27101,True,5650,1.0,True,3,2,0.6666666666666666,13
random,0.01,27,True,27102,True,3250,1.0,True,3,2,0.6666666666666666,13
random,0.01,27,True,27103,True,2150,1.0,True,2,2,0.4666666666666667,13
random,0.01,27,True,27104,True,1300,1.0,True,3,2,0.5333333333333333,13
random,0.01,28,True,28100,True,800,1.0,False,,1,0.6,8
random,0.01,28,True,28101,True,1100,1.0,False,,1,0.4666666666666667,8
random,0.01,28,True,28102,True,4400,1.0,False,,1,0.4666666666666667,8
random,0.01,28,True,28103,True,950,1.0,False,,1,0.5333333333333333,8
random,0.01,28,True,28104,True,1900,1.0,True,2,1,0.3333333333333333,8
random,0.01,29,True,29100,True,2150,1.0,True,3,2,0.5333333333333333,11
random,0.01,29,True,29101,True,1350,1.0,True,3,2,0.4666666666666667,11
random,0.01,29,True,29102,True,3850,1.0,True,3,2,0.3333333333333333,11
random,0.01,29,True,29103,True,1800,1.0,True,3,2,0.7333333333333333,11
random,0.01,29,True,29104,True,1900,1.0,True,3,2,0.6,11
random,0.015,0,True,100,True,2400,1.0,True,2,1,0.7333333333333333,9
random,0.015,0,True,101,True,3800,1.0,True,2,1,0.7333333333333333,9
random,0.015,0,True,102,True,4750,1.0,True,2,1,0.6666666666666666,9
random,0.015,0,True,103,True,5000,1.0,True,2,1,0.6,9
random,0.015,0,True,104,True,950,1.0,True,2,1,0.6666666666666666,9
random,0.015,1,True,1100,True,4850,1.0,True,2,1,0.5333333333333333,10
random,0.015,1,True,1101,True,2800,1.0,True,2,1,0.4,10
random,0.015,1,True,1102,True,34400,1.0,True,2,1,0.5333333333333333,10
random,0.015,1,True,1103,True,1700,1.0,True,2,1,0.6666666666666666,10
random,0.015,1,True,1104,True,1550,1.0,True,2,1,0.6666666666666666,10
random,0.015,2,True,2100,True,1950,1.0,True,2,1,0.4666666666666667,7
random,0.015,2,True,2101,True,1200,1.0,False,,1,0.4,7
random,0.015,2,True,2102,True,1000,1.0,True,2,1,0.5333333333333333,7
random,0.015,2,True,2103,True,1750,1.0,True,2,1,0.5333333333333333,7
random,0.015,2,True,2104,True,1850,1.0,False,,1,0.3333333333333333,7
random,0.015,3,True,3100,True,1500,1.0,True,2,1,0.4666666666666667,9
random,0.015,3,True,3101,True,3400,1.0,True,2,1,0.13333333333333333,9
random,0.015,3,True,3102,True,5050,1.0,True,2,1,0.4,9
random,0.015,3,True,3103,True,9400,1.0,True,2,1,0.5333333333333333,9
random,0.015,3,True,3104,True,4950,1.0,True,2,1,0.2,9
random,0.015,4,True,4100,True,3900,1.0,True,2,1,0.3333333333333333,8
random,0.015,4,True,4101,True,5900,1.0,False,,1,0.5333333333333333,8
random,0.015,4,True,4102,True,10000,1.0,True,2,1,0.3333333333333333,8
random,0.015,4,True,4103,True,2350,1.0,False,,1,0.6666666666666666,8
random,0.015,4,True,4104,True,2050,1.0,True,2,1,0.4666666666666667,8
random,0.015,5,True,5100,True,1900,1.0,False,,1,0.6666666666666666,9
random,0.015,5,True,5101,True,4250,1.0,False,,1,0.6666666666666666,9
random,0.015,5,True,5102,True,1000,1.0,False,,1,0.4666666666666667,9
random,0.015,5,True,5103,True,4600,1.0,True,2,1,0.6,9
random,0.015,5,True,5104,True,6900,1.0,True,2,1,0.5333333333333333,9
random,0.015,6,True,6100,True,18900,1.0,True,2,1,0.8666666666666667,9
random,0.015,6,True,6101,True,5900,1.0,False,,1,0.6666666666666666,9
random,0.015,6,True,6102,True,4100,1.0,False,,1,0.6666666666666666,9
random,0.015,6,True,6103,True,9500,1.0,False,,1,0.4666666666666667,9
random,0.015,6,True,6104,True,8100,1.0,True,2,1,0.6,9
random,0.015,7,True,7100,True,6600,1.0,False,,1,0.4,8
random,0.015,7,True,7101,True,4500,1.0,False,,1,0.6666666666666666,8
random,0.015,7,True,7102,True,30250,1.0,True,2,1,0.4666666666666667,8
random,0.015,7,True,7103,True,22700,1.0,True,2,1,0.6666666666666666,8
random,0.015,7,True,7104,True,1350,1.0,False,,1,0.6,8
random,0.015,8,True,8100,True,37500,1.0,True,2,1,0.13333333333333333,10
random,0.015,8,True,8101,True,2750,1.0,True,2,1,0.4666666666666667,10
random,0.015,8,True,8102,True,16450,1.0,True,2,1,0.7333333333333333,10
random,0.015,8,True,8103,True,900,1.0,True,2,1,0.6,10
random,0.015,8,True,8104,True,4350,1.0,True,2,1,0.4666666666666667,10
random,0.015,9,True,9100,True,1850,1.0,True,2,1,0.5333333333333333,10
random,0.015,9,True,9101,True,6350,1.0,True,2,1,0.4666666666666667,10
random,0.015,9,True,9102,True,7450,1.0,True,2,1,0.5333333333333333,10
random,0.015,9,True,9103,True,4000,1.0,True,2,1,0.4,10
random,0.015,9,True,9104,True,2500,1.0,True,2,1,0.5333333333333333,10
random,0.015,10,True,10100,True,5050,1.0,False,,1,0.8,6
random,0.015,10,True,10101,True,3300,1.0,False,,1,0.7333333333333333,6
random,0.015,10,True,10102,True,5350,1.0,False,,1,0.4,6
random,0.015,10,True,10103,True,5600,1.0,False,,1,0.6,6
random,0.015,10,True,10104,True,1350,1.0,False,,1,0.6666666666666666,6
random,0.015,11,True,11100,True,4150,1.0,True,2,1,0.6,7
random,0.015,11,True,11101,True,1650,1.0,False,,1,0.6666666666666666,7
random,0.015,11,True,11102,True,1950,1.0,False,,1,0.7333333333333333,7
random,0.015,11,True,11103,True,1300,1.0,False,,1,0.5333333333333333,7
random,0.015,11,True,11104,True,800,1.0,False,,1,0.6,7
random,0.015,12,True,12100,True,16550,1.0,True,2,1,0.4,10
random,0.015,12,True,12101,True,1300,1.0,True,2,1,0.5333333333333333,10
random,0.015,12,True,12102,True,2150,1.0,True,2,1,0.7333333333333333,10
random,0.015,12,True,12103,True,8850,1.0,True,2,1,0.4666666666666667,10
random,0.015,12,True,12104,True,2800,1.0,True,2,1,0.6,10
random,0.015,13,True,13100,True,3400,1.0,False,,1,0.6,7
random,0.015,13,True,13101,True,1000,1.0,False,,1,0.6666666666666666,7
random,0.015,13,True,13102,True,5200,1.0,True,2,1,0.6,7
random,0.015,13,True,13103,True,4950,1.0,True,2,1,0.6666666666666666,7
random,0.015,13,True,13104,True,11450,1.0,False,,1,0.5333333333333333,7
random,0.015,14,True,14100,True,10300,1.0,True,2,1,0.4666666666666667,8
random,0.015,14,True,14101,True,4900,1.0,False,,1,0.7333333333333333,8
random,0.015,14,True,14102,True,1500,1.0,True,2,1,0.6666666666666666,8
random,0.015,14,True,14103,True,7550,1.0,True,2,1,0.3333333333333333,8
random,0.015,14,True,14104,True,1600,1.0,False,,1,0.8,8
random,0.015,15,True,15100,True,8850,1.0,True,2,1,0.5333333333333333,9
random,0.015,15,True,15101,True,3850,1.0,True,2,1,0.6666666666666666,9
random,0.015,15,True,15102,True,14750,1.0,True,2,1,0.5333333333333333,9
random,0.015,15,True,15103,True,5800,1.0,True,2,1,0.6666666666666666,9
random,0.015,15,True,15104,True,1650,1.0,True,2,1,0.5333333333333333,9
random,0.015,16,True,16100,True,9500,1.0,False,,1,0.5333333333333333,8
random,0.015,16,True,16101,True,6050,1.0,False,,1,0.26666666666666666,8
random,0.015,16,True,16102,True,6550,1.0,False,,1,0.5333333333333333,8
random,0.015,16,True,16103,True,3500,1.0,True,2,1,0.8,8
random,0.015,16,True,16104,True,14150,1.0,False,,1,0.5333333333333333,8
random,0.015,17,True,17100,True,1300,1.0,True,2,1,0.6,9
random,0.015,17,True,17101,True,22150,1.0,False,,1,0.4666666666666667,9
random,0.015,17,True,17102,True,22000,1.0,False,,1,0.7333333333333333,9
random,0.015,17,True,17103,True,11650,1.0,True,2,1,0.6666666666666666,9
random,0.015,17,True,17104,True,1400,1.0,False,,1,0.7333333333333333,9
random,0.015,18,True,18100,True,9800,1.0,False,,1,0.6,9
random,0.015,18,True,18101,True,21350,1.0,True,2,1,0.6,9
random,0.015,18,True,18102,True,11250,1.0,False,,1,0.6,9
random,0.015,18,True,18103,True,3750,1.0,False,,1,0.6,9
random,0.015,18,True,18104,True,7150,1.0,True,2,1,0.5333333333333333,9
random,0.015,19,True,19100,True,5800,1.0,False,,1,0.6666666666666666,6
random,0.015,19,True,19101,True,3950,1.0,True,2,1,0.6666666666666666,6
random,0.015,19,True,19102,True,3400,1.0,False,,1,0.8,6
random,0.015,19,True,19103,True,2700,1.0,False,,1,0.4666666666666667,6
random,0.015,19,True,19104,True,11950,1.0,False,,1,0.7333333333333333,6
random,0.015,20,True,20100,True,2650,1.0,False,,1,0.6666666666666666,9
random,0.015,20,True,20101,True,6850,1.0,True,2,1,0.6,9
random,0.015,20,True,20102,True,19400,1.0,True,2,1,0.4,9
random,0.015,20,True,20103,True,1700,1.0,False,,1,0.6,9
random,0.015,20,True,20104,True,850,1.0,True,2,1,0.7333333333333333,9
random,0.015,21,True,21100,True,20350,1.0,True,2,1,0.6666666666666666,9
random,0.015,21,True,21101,True,8200,1.0,True,2,1,0.5333333333333333,9
random,0.015,21,True,21102,True,5400,1.0,True,2,1,0.4666666666666667,9
random,0.015,21,True,21103,True,3350,1.0,True,2,1,0.6,9
random,0.015,21,True,21104,True,3200,1.0,True,2,1,0.5333333333333333,9
random,0.015,22,True,22100,True,3050,1.0,True,2,1,0.4666666666666667,9
random,0.015,22,True,22101,True,3350,1.0,True,2,1,0.4666666666666667,9
random,0.015,22,True,22102,True,2350,1.0,True,2,1,0.7333333333333333,9
random,0.015,22,True,22103,True,5450,1.0,True,2,1,0.4666666666666667,9
random,0.015,22,True,22104,True,4150,1.0,True,2,1,0.3333333333333333,9
random,0.015,23,True,23100,True,15900,1.0,True,2,1,0.6666666666666666,10
random,0.015,23,True,23101,True,2550,1.0,True,2,1,0.6666666666666666,10
random,0.015,23,True,23102,True,14650,1.0,True,2,1,0.4666666666666667,10
random,0.015,23,True,23103,True,9450,1.0,True,2,1,0.8,10
random,0.015,23,True,23104,True,7450,1.0,True,2,1,0.8,10
random,0.015,24,True,24100,True,8650,1.0,True,2,1,0.4,10
random,0.015,24,True,24101,True,2850,1.0,True,2,1,0.4666666666666667,10
random,0.015,24,True,24102,True,1000,1.0,True,2,1,0.13333333333333333,10
random,0.015,24,True,24103,True,9900,1.0,True,2,1,0.4,10
random,0.015,24,True,24104,True,3800,1.0,True,2,1,0.7333333333333333,10
random,0.015,25,True,25100,True,7000,1.0,True,2,1,0.6666666666666666,9
random,0.015,25,True,25101,True,8950,1.0,True,2,1,0.26666666666666666,9
random,0.015,25,True,25102,True,21850,1.0,True,2,1,0.3333333333333333,9
random,0.015,25,True,25103,True,3500,1.0,True,2,1,0.26666666666666666,9
random,0.015,25,True,25104,True,9750,1.0,True,2,1,0.26666666666666666,9
random,0.015,26,True,26100,True,1050,1.0,True,2,1,0.6,10
random,0.015,26,True,26101,True,2150,1.0,True,2,1,0.6,10
random,0.015,26,True,26102,True,900,1.0,True,2,1,0.5333333333333333,10
random,0.015,26,True,26103,True,2450,1.0,True,2,1,0.13333333333333333,10
random,0.015,26,True,26104,True,12050,1.0,True,2,1,0.26666666666666666,10
random,0.015,27,True,27100,True,2100,1.0,True,3,2,0.8,13
random,0.015,27,True,27101,True,19400,1.0,True,3,2,0.4666666666666667,13
random,0.015,27,True,27102,True,3700,1.0,True,3,2,0.5333333333333333,13
random,0.015,27,True,27103,True,3850,1.0,True,3,2,0.6,13
random,0.015,27,True,27104,True,12750,1.0,True,3,2,0.4666666666666667,13
random,0.015,28,True,28100,True,800,1.0,False,,1,0.6,8
random,0.015,28,True,28101,True,7300,1.0,False,,1,0.3333333333333333,8
random,0.015,28,True,28102,True,2300,1.0,True,2,1,0.6666666666666666,8
random,0.015,28,True,28103,True,950,1.0,False,,1,0.5333333333333333,8
random,0.015,28,True,28104,True,1250,1.0,False,,1,0.6,8
random,0.015,29,True,29100,True,10350,1.0,True,3,2,0.4666666666666667,11
random,0.015,29,True,29101,True,1350,1.0,True,3,2,0.4666666666666667,11
random,0.015,29,True,29102,True,18600,1.0,True,3,2,0.6666666666666666,11
random,0.015,29,True,29103,True,10800,1.0,True,3,2,0.5333333333333333,11
random,0.015,29,True,29104,True,14800,1.0,True,3,2,0.4666666666666667,11
random,0.02,0,True,100,True,14950,1.0,True,2,1,0.4666666666666667,9
random,0.02,0,True,101,True,3750,1.0,True,2,1,0.6,9
random,0.02,0,True,102,False,39999,1.0,True,2,1,0.6666666666666666,9
random,0.02,0,True,103,False,39999,1.0,True,2,1,0.5333333333333333,9
random,0.02,0,True,104,True,34550,1.0,True,2,1,0.5333333333333333,9
random,0.02,1,True,1100,True,4950,1.0,True,2,1,0.4,10
random,0.02,1,True,1101,True,2800,1.0,True,2,1,0.6,10
random,0.02,1,True,1102,True,33650,1.0,True,2,1,0.26666666666666666,10
random,0.02,1,True,1103,True,3800,1.0,True,2,1,0.6666666666666666,10
random,0.02,1,True,1104,True,35500,1.0,True,2,1,0.5333333333333333,10
random,0.02,2,True,2100,True,1900,1.0,False,,1,0.6666666666666666,7
random,0.02,2,True,2101,True,7400,1.0,False,,1,0.6,7
random,0.02,2,True,2102,True,17450,1.0,True,2,1,0.5333333333333333,7
random,0.02,2,True,2103,True,1600,1.0,True,2,1,0.5333333333333333,7
random,0.02,2,True,2104,True,950,1.0,True,2,1,0.4,7
random,0.02,3,True,3100,True,1350,1.0,True,2,1,0.6666666666666666,9
random,0.02,3,True,3101,True,3150,1.0,True,2,1,0.3333333333333333,9
random,0.02,3,True,3102,True,3900,1.0,True,2,1,0.6666666666666666,9
random,0.02,3,True,3103,True,9450,1.0,True,2,1,0.6,9
random,0.02,3,True,3104,True,21050,1.0,True,2,1,0.7333333333333333,9
random,0.02,4,True,4100,True,6100,1.0,False,,1,0.5333333333333333,8
random,0.02,4,True,4101,True,30400,1.0,False,,1,0.6666666666666666,8
random,0.02,4,True,4102,True,9850,1.0,True,2,1,0.6,8
random,0.02,4,True,4103,True,38700,1.0,True,2,1,0.4666666666666667,8
random,0.02,4,True,4104,True,14200,1.0,False,,1,0.6666666666666666,8
random,0.02,5,True,5100,True,6000,1.0,False,,1,0.6,9
random,0.02,5,True,5101,True,4450,1.0,False,,1,0.6666666666666666,9
random,0.02,5,True,5102,True,1000,1.0,True,2,1,0.6666666666666666,9
random,0.02,5,True,5103,True,8600,1.0,False,,1,0.5333333333333333,9
random,0.02,5,True,5104,True,6650,1.0,True,2,1,0.5333333333333333,9
random,0.02,6,True,6100,True,18350,1.0,False,,1,0.7333333333333333,9
random,0.02,6,True,6101,True,19050,1.0,False,,1,0.6666666666666666,9
random,0.02,6,True,6102,True,7250,1.0,True,2,1,0.7333333333333333,9
random,0.02,6,True,6103,True,32000,1.0,False,,1,0.6,9
random,0.02,6,True,6104,True,19650,1.0,False,,1,0.6,9
random,0.02,7,True,7100,True,24350,1.0,True,2,1,0.7333333333333333,8
random,0.02,7,True,7101,True,4450,1.0,True,2,1,0.6666666666666666,8
random,0.02,7,True,7102,False,39999,0.875,False,,1,0.6666666666666666,8
random,0.02,7,True,7103,True,27500,1.0,False,,1,0.5333333333333333,8
random,0.02,7,True,7104,True,3250,1.0,True,2,1,0.6,8
random,0.02,8,True,8100,False,39999,0.7,False,,1,0.4,10
random,0.02,8,True,8101,True,2750,1.0,True,2,1,0.4666666666666667,10
random,0.02,8,True,8102,False,39999,1.0,True,2,1,0.2,10
random,0.02,8,True,8103,True,4450,1.0,True,2,1,0.8,10
random,0.02,8,True,8104,True,30400,1.0,True,2,1,0.8,10
random,0.02,9,True,9100,False,39999,1.0,True,2,1,0.7333333333333333,10
random,0.02,9,True,9101,True,8300,1.0,True,1,1,0.5333333333333333,10
random,0.02,9,True,9102,True,28900,1.0,True,2,1,0.4,10
random,0.02,9,True,9103,False,39999,1.0,True,2,1,0.4666666666666667,10
random,0.02,9,True,9104,True,17800,1.0,True,2,1,0.5333333333333333,10
random,0.02,10,True,10100,True,1950,1.0,False,,1,0.6666666666666666,6
random,0.02,10,True,10101,True,3250,1.0,False,,1,0.8,6
random,0.02,10,True,10102,True,10450,1.0,False,,1,0.6,6
random,0.02,10,True,10103,True,1600,1.0,False,,1,0.5333333333333333,6
random,0.02,10,True,10104,True,1350,1.0,False,,1,0.6666666666666666,6
random,0.02,11,True,11100,True,17250,1.0,False,,1,0.6666666666666666,7
random,0.02,11,True,11101,True,1350,1.0,False,,1,0.6666666666666666,7
random,0.02,11,True,11102,True,800,1.0,False,,1,0.6666666666666666,7
random,0.02,11,True,11103,True,5000,1.0,False,,1,0.6,7
random,0.02,11,True,11104,True,11950,1.0,False,,1,0.6,7
random,0.02,12,True,12100,True,7850,1.0,True,2,1,0.4,10
random,0.02,12,True,12101,True,1300,1.0,True,2,1,0.5333333333333333,10
random,0.02,12,True,12102,True,10400,1.0,True,2,1,0.4666666666666667,10
random,0.02,12,True,12103,True,17700,1.0,True,2,1,0.5333333333333333,10
random,0.02,12,True,12104,True,2750,1.0,True,2,1,0.6666666666666666,10
random,0.02,13,True,13100,True,6350,1.0,True,2,1,0.8,7
random,0.02,13,True,13101,True,1950,1.0,True,2,1,0.6,7
random,0.02,13,True,13102,True,8600,1.0,False,,1,0.6,7
random,0.02,13,True,13103,True,2300,1.0,False,,1,0.7333333333333333,7
random,0.02,13,True,13104,True,11300,1.0,False,,1,0.5333333333333333,7
random,0.02,14,True,14100,True,17800,1.0,True,2,1,0.7333333333333333,8
random,0.02,14,True,14101,True,4800,1.0,True,2,1,0.6666666666666666,8
random,0.02,14,True,14102,True,1550,1.0,False,,1,0.6666666666666666,8
random,0.02,14,True,14103,True,2000,1.0,True,2,1,0.4666666666666667,8
random,0.02,14,True,14104,True,19950,1.0,True,2,1,0.5333333333333333,8
random,0.02,15,True,15100,True,29950,1.0,True,2,1,0.4666666666666667,9
random,0.02,15,True,15101,True,30900,1.0,True,2,1,0.4666666666666667,9
random,0.02,15,True,15102,True,15850,1.0,True,2,1,0.4666666666666667,9
random,0.02,15,True,15103,True,12150,1.0,True,2,1,0.4666666666666667,9
random,0.02,15,True,15104,True,1800,1.0,True,2,1,0.6666666666666666,9
random,0.02,16,True,16100,True,18050,1.0,True,2,1,0.4,8
random,0.02,16,True,16101,True,36850,1.0,False,,1,0.4666666666666667,8
random,0.02,16,True,16102,True,6400,1.0,False,,1,0.5333333333333333,8
random,0.02,16,True,16103,True,1050,1.0,True,2,1,0.4666666666666667,8
random,0.02,16,True,16104,True,15700,1.0,False,,1,0.6,8
random,0.02,17,True,17100,True,1300,1.0,False,,1,0.7333333333333333,9
random,0.02,17,True,17101,True,21900,1.0,True,2,1,0.6666666666666666,9
random,0.02,17,True,17102,True,34950,1.0,False,,1,0.6,9
random,0.02,17,True,17103,True,1750,1.0,True,2,1,0.4666666666666667,9
random,0.02,17,True,17104,True,1400,1.0,True,2,1,0.6,9
random,0.02,18,True,18100,True,9700,1.0,True,2,1,0.7333333333333333,9
random,0.02,18,True,18101,False,39999,1.0,True,2,1,0.6666666666666666,9
random,0.02,18,True,18102,True,38650,1.0,True,2,1,0.6,9
random,0.02,18,True,18103,True,22650,1.0,True,2,1,0.3333333333333333,9
random,0.02,18,True,18104,True,6950,1.0,True,2,1,0.6666666666666666,9
random,0.02,19,True,19100,True,20100,1.0,False,,1,0.6666666666666666,6
random,0.02,19,True,19101,True,18200,1.0,True,2,1,0.6666666666666666,6
random,0.02,19,True,19102,True,6350,1.0,False,,1,0.6,6
random,0.02,19,True,19103,True,2750,1.0,False,,1,0.6666666666666666,6
random,0.02,19,True,19104,True,30850,1.0,False,,1,0.6,6
random,0.02,20,True,20100,True,3700,1.0,True,2,1,0.4666666666666667,9
random,0.02,20,True,20101,True,35450,1.0,True,2,1,0.8,9
random,0.02,20,True,20102,True,29200,1.0,False,,1,0.6,9
random,0.02,20,True,20103,True,18900,1.0,False,,1,0.5333333333333333,9
random,0.02,20,True,20104,True,7650,1.0,True,2,1,0.6,9
random,0.02,21,True,21100,True,19950,1.0,True,2,1,0.6,9
random,0.02,21,True,21101,True,8850,1.0,True,2,1,0.6666666666666666,9
random,0.02,21,True,21102,True,3800,1.0,True,2,1,0.4,9
random,0.02,21,True,21103,True,26100,1.0,True,2,1,0.5333333333333333,9
random,0.02,21,True,21104,False,39999,1.0,True,2,1,0.6,9
random,0.02,22,True,22100,False,39999,1.0,True,2,1,0.6666666666666666,9
random,0.02,22,True,22101,True,7050,1.0,True,2,1,0.7333333333333333,9
random,0.02,22,True,22102,True,18650,1.0,True,2,1,0.3333333333333333,9
random,0.02,22,True,22103,True,16200,1.0,True,2,1,0.5333333333333333,9
random,0.02,22,True,22104,True,4300,1.0,True,2,1,0.6,9
random,0.02,23,True,23100,True,16550,1.0,True,2,1,0.3333333333333333,10
random,0.02,23,True,23101,True,12500,1.0,True,2,1,0.6666666666666666,10
random,0.02,23,True,23102,True,19250,1.0,True,2,1,0.6666666666666666,10
random,0.02,23,True,23103,True,9300,1.0,True,2,1,0.4666666666666667,10
random,0.02,23,True,23104,True,10500,1.0,True,2,1,0.6,10
random,0.02,24,True,24100,True,2200,1.0,True,2,1,0.6666666666666666,10
random,0.02,24,True,24101,True,22200,1.0,True,2,1,0.13333333333333333,10
random,0.02,24,True,24102,True,1100,1.0,True,2,1,0.6,10
random,0.02,24,True,24103,True,10300,1.0,True,2,1,0.4666666666666667,10
random,0.02,24,True,24104,True,2250,1.0,True,2,1,0.4666666666666667,10
random,0.02,25,True,25100,True,33200,1.0,True,2,1,0.4,9
random,0.02,25,True,25101,True,32050,1.0,True,2,1,0.5333333333333333,9
random,0.02,25,True,25102,True,6350,1.0,True,2,1,0.2,9
random,0.02,25,True,25103,True,9100,1.0,True,2,1,0.6,9
random,0.02,25,True,25104,True,16050,1.0,True,2,1,0.6,9
random,0.02,26,True,26100,True,11600,1.0,True,2,1,0.5333333333333333,10
random,0.02,26,True,26101,True,1650,1.0,True,2,1,0.6666666666666666,10
random,0.02,26,True,26102,True,4900,1.0,True,2,1,0.4,10
random,0.02,26,True,26103,True,2400,1.0,True,2,1,0.13333333333333333,10
random,0.02,26,True,26104,True,3600,1.0,True,2,1,0.6,10
random,0.02,27,True,27100,True,18450,1.0,True,3,2,0.8,13
random,0.02,27,True,27101,False,39999,0.7692307692307693,False,,2,0.5333333333333333,13
random,0.02,27,True,27102,False,39999,1.0,True,3,2,0.2,13
random,0.02,27,True,27103,True,14900,1.0,True,3,2,0.6666666666666666,13
random,0.02,27,True,27104,False,39999,1.0,True,3,2,0.6,13
random,0.02,28,True,28100,True,3050,1.0,False,,1,0.6666666666666666,8
random,0.02,28,True,28101,True,1400,1.0,True,2,1,0.4666666666666667,8
random,0.02,28,True,28102,True,2250,1.0,False,,1,0.7333333333333333,8
random,0.02,28,True,28103,True,3150,1.0,True,2,1,0.6,8
random,0.02,28,True,28104,True,3200,1.0,True,2,1,0.5333333333333333,8
random,0.02,29,True,29100,True,2400,1.0,True,3,2,0.6,11
random,0.02,29,True,29101,True,6900,1.0,True,3,2,0.3333333333333333,11
random,0.02,29,True,29102,True,26950,1.0,True,3,2,0.7333333333333333,11
random,0.02,29,True,29103,True,3900,1.0,True,3,2,0.5333333333333333,11
random,0.02,29,True,29104,False,39999,1.0,True,3,2,0.6,11
random,0.03,0,True,100,False,39999,1.0,True,2,1,0.7333333333333333,9
random,0.03,0,True,101,True,21450,1.0,True,2,1,0.6666666666666666,9
random,0.03,0,True,102,False,39999,0.7777777777777778,False,,1,0.6,9
random,0.03,0,True,103,False,39999,0.7777777777777778,False,,1,0.6,9
random,0.03,0,True,104,False,39999,0.5555555555555556,False,,1,0.6666666666666666,9
random,0.03,1,True,1100,False,39999,1.0,True,2,1,0.8,10
random,0.03,1,True,1101,False,39999,1.0,True,2,1,0.6,10
random,0.03,1,True,1102,True,39950,1.0,True,2,1,0.6666666666666666,10
random,0.03,1,True,1103,False,39999,0.9,False,,1,0.5333333333333333,10
random,0.03,1,True,1104,False,39999,0.7,False,,1,0.6666666666666666,10
random,0.03,2,True,2100,False,39999,1.0,False,,1,0.5333333333333333,7
random,0.03,2,True,2101,False,39999,0.7142857142857143,False,,1,0.5333333333333333,7
random,0.03,2,True,2102,False,39999,1.0,True,2,1,0.4666666666666667,7
random,0.03,2,True,2103,True,1600,1.0,True,2,1,0.6,7
random,0.03,2,True,2104,True,950,1.0,True,2,1,0.4,7
random,0.03,3,True,3100,True,16950,1.0,True,2,1,0.4666666666666667,9
random,0.03,3,True,3101,False,39999,1.0,True,2,1,0.4666666666666667,9
random,0.03,3,True,3102,False,39999,1.0,True,2,1,0.6666666666666666,9
random,0.03,3,True,3103,False,39999,0.5555555555555556,False,,1,0.6666666666666666,9
random,0.03,3,True,3104,True,28650,1.0,True,2,1,0.6,9
random,0.03,4,True,4100,False,39999,0.75,False,,1,0.8666666666666667,8
random,0.03,4,True,4101,False,39999,1.0,False,,1,0.6666666666666666,8
random,0.03,4,True,4102,True,9550,1.0,False,,1,0.6666666666666666,8
random,0.03,4,True,4103,False,39999,1.0,False,,1,0.5333333333333333,8
random,0.03,4,True,4104,False,39999,0.875,False,,1,0.6,8
random,0.03,5,True,5100,False,39999,1.0,True,2,1,0.8,9
random,0.03,5,True,5101,False,39999,0.6666666666666666,False,,1,0.8666666666666667,9
random,0.03,5,True,5102,True,22800,1.0,False,,1,0.7333333333333333,9
random,0.03,5,True,5103,True,34950,1.0,False,,1,0.4666666666666667,9
random,0.03,5,True,5104,False,39999,0.6666666666666666,False,,1,0.6666666666666666,9
random,0.03,6,True,6100,False,39999,0.7777777777777778,False,,1,0.5333333333333333,9
random,0.03,6,True,6101,True,18300,1.0,True,2,1,0.8666666666666667,9
random,0.03,6,True,6102,False,39999,1.0,False,,1,0.6666666666666666,9
random,0.03,6,True,6103,False,39999,0.7777777777777778,False,,1,0.6,9
random,0.03,6,True,6104,True,7300,1.0,False,,1,0.5333333333333333,9
random,0.03,7,True,7100,False,39999,0.625,False,,1,0.6666666666666666,8
random,0.03,7,True,7101,True,37100,1.0,True,2,1,0.6,8
random,0.03,7,True,7102,False,39999,1.0,False,,1,0.4,8
random,0.03,7,True,7103,False,39999,1.0,False,,1,0.6,8
random,0.03,7,True,7104,True,13700,1.0,True,2,1,0.6,8
random,0.03,8,True,8100,False,39999,0.6,False,,1,0.4,10
random,0.03,8,True,8101,False,39999,1.0,True,2,1,0.6,10
random,0.03,8,True,8102,False,39999,0.8,False,,1,0.26666666666666666,10
random,0.03,8,True,8103,False,39999,1.0,True,2,1,0.4666666666666667,10
random,0.03,8,True,8104,False,39999,1.0,True,2,1,0.4,10
random,0.03,9,True,9100,False,39999,1.0,True,2,1,0.5333333333333333,10
random,0.03,9,True,9101,False,39999,1.0,True,2,1,0.3333333333333333,10
random,0.03,9,True,9102,False,39999,0.6,False,,1,0.8,10
random,0.03,9,True,9103,True,28500,1.0,True,2,1,0.6,10
random,0.03,9,True,9104,False,39999,1.0,True,2,1,0.6666666666666666,10
random,0.03,10,True,10100,True,12550,1.0,True,2,1,0.5333333333333333,6
random,0.03,10,True,10101,True,3050,1.0,True,2,1,0.6666666666666666,6
random,0.03,10,True,10102,True,2700,1.0,True,2,1,0.8,6
random,0.03,10,True,10103,True,37500,1.0,False,,1,0.6,6
random,0.03,10,True,10104,True,18000,1.0,True,2,1,0.6666666666666666,6
random,0.03,11,True,11100,True,13250,1.0,False,,1,0.6,7
random,0.03,11,True,11101,True,2300,1.0,False,,1,0.8666666666666667,7
random,0.03,11,True,11102,False,39999,0.42857142857142855,False,,1,0.6666666666666666,7
random,0.03,11,True,11103,True,4650,1.0,False,,1,0.8,7
random,0.03,11,True,11104,True,25400,1.0,False,,1,0.6666666666666666,7
random,0.03,12,True,12100,False,39999,0.7,False,,1,0.6666666666666666,10
random,0.03,12,True,12101,False,39999,0.8,False,,1,0.6,10
random,0.03,12,True,12102,False,39999,1.0,True,2,1,0.8,10
random,0.03,12,True,12103,False,39999,0.6,False,,1,0.4666666666666667,10
random,0.03,12,True,12104,False,39999,1.0,True,2,1,0.4666666666666667,10
random,0.03,13,True,13100,True,6250,1.0,True,2,1,0.7333333333333333,7
random,0.03,13,True,13101,False,39999,1.0,False,,1,0.6666666666666666,7
random,0.03,13,True,13102,False,39999,1.0,False,,1,0.5333333333333333,7
random,0.03,13,True,13103,True,9700,1.0,False,,1,0.5333333333333333,7
random,0.03,13,True,13104,False,39999,0.8571428571428571,False,,1,0.8,7
random,0.03,14,True,14100,True,29700,1.0,True,2,1,0.5333333333333333,8
random,0.03,14,True,14101,True,29950,1.0,True,2,1,0.26666666666666666,8
random,0.03,14,True,14102,False,39999,1.0,True,2,1,0.5333333333333333,8
random,0.03,14,True,14103,True,12050,1.0,True,2,1,0.6666666666666666,8
random,0.03,14,True,14104,False,39999,0.875,False,,1,0.4,8
random,0.03,15,True,15100,False,39999,1.0,True,2,1,0.4,9
random,0.03,15,True,15101,False,39999,0.7777777777777778,False,,1,0.6,9
random,0.03,15,True,15102,False,39999,1.0,True,2,1,0.4666666666666667,9
random,0.03,15,True,15103,False,39999,1.0,True,2,1,0.4666666666666667,9
random,0.03,15,True,15104,False,39999,1.0,True,2,1,0.5333333333333333,9
random,0.03,16,True,16100,False,39999,1.0,True,2,1,0.3333333333333333,8
random,0.03,16,True,16101,True,38350,1.0,True,2,1,0.5333333333333333,8
random,0.03,16,True,16102,False,39999,0.875,False,,1,0.4666666666666667,8
random,0.03,16,True,16103,True,21000,1.0,True,2,1,0.4666666666666667,8
random,0.03,16,True,16104,True,14350,1.0,False,,1,0.6,8
random,0.03,17,True,17100,True,5500,1.0,False,,1,0.6666666666666666,9
random,0.03,17,True,17101,False,39999,0.6666666666666666,False,,1,0.4666666666666667,9
random,0.03,17,True,17102,False,39999,0.6666666666666666,False,,1,0.5333333333333333,9
random,0.03,17,True,17103,True,28450,1.0,True,2,1,0.3333333333333333,9
random,0.03,17,True,17104,False,39999,0.8888888888888888,False,,1,0.5333333333333333,9
random,0.03,18,True,18100,False,39999,0.7777777777777778,False,,1,0.5333333333333333,9
random,0.03,18,True,18101,False,39999,1.0,False,,1,0.6666666666666666,9
random,0.03,18,True,18102,True,38750,1.0,True,2,1,0.8,9
random,0.03,18,True,18103,True,36500,1.0,True,2,1,0.7333333333333333,9
random,0.03,18,True,18104,False,39999,1.0,False,,1,0.5333333333333333,9
random,0.03,19,True,19100,False,39999,1.0,False,,1,0.6,6
random,0.03,19,True,19101,True,3650,1.0,False,,1,0.6,6
random,0.03,19,True,19102,True,6800,1.0,False,,1,0.4666666666666667,6
random,0.03,19,True,19103,False,39999,1.0,True,2,1,0.6666666666666666,6
random,0.03,19,True,19104,True,30000,1.0,False,,1,0.6666666666666666,6
random,0.03,20,True,20100,False,39999,1.0,True,2,1,0.4666666666666667,9
random,0.03,20,True,20101,True,32700,1.0,False,,1,0.4666666666666667,9
random,0.03,20,True,20102,False,39999,1.0,False,,1,0.7333333333333333,9
random,0.03,20,True,20103,False,39999,1.0,True,2,1,0.5333333333333333,9
random,0.03,20,True,20104,True,18650,1.0,False,,1,0.6,9
random,0.03,21,True,21100,False,39999,1.0,True,2,1,0.4666666666666667,9
random,0.03,21,True,21101,False,39999,1.0,True,2,1,0.6666666666666666,9
random,0.03,21,True,21102,False,39999,1.0,True,2,1,0.4666666666666667,9
random,0.03,21,True,21103,False,39999,0.7777777777777778,False,,1,0.6,9
random,0.03,21,True,21104,True,16750,1.0,True,2,1,0.6666666666666666,9
random,0.03,22,True,22100,False,39999,1.0,True,2,1,0.26666666666666666,9
random,0.03,22,True,22101,False,39999,0.7777777777777778,False,,1,0.6,9
random,0.03,22,True,22102,False,39999,0.8888888888888888,False,,1,0.5333333333333333,9
random,0.03,22,True,22103,False,39999,1.0,True,2,1,0.5333333333333333,9
random,0.03,22,True,22104,False,39999,1.0,True,2,1,0.6,9
random,0.03,23,True,23100,False,39999,0.7,False,,1,0.6,10
random,0.03,23,True,23101,False,39999,0.7,False,,1,0.4,10
random,0.03,23,True,23102,True,24900,1.0,True,2,1,0.3333333333333333,10
random,0.03,23,True,23103,True,14300,1.0,True,1,1,0.6,10
random,0.03,23,True,23104,False,39999,1.0,True,2,1,0.5333333333333333,10
random,0.03,24,True,24100,True,29100,1.0,True,2,1,0.4666666666666667,10
random,0.03,24,True,24101,False,39999,1.0,True,2,1,0.5333333333333333,10
random,0.03,24,True,24102,True,36600,1.0,True,2,1,0.6,10
random,0.03,24,True,24103,False,39999,0.9,False,,1,0.6666666666666666,10
random,0.03,24,True,24104,False,39999,0.6,False,,1,0.26666666666666666,10
random,0.03,25,True,25100,False,39999,1.0,True,2,1,0.4666666666666667,9
random,0.03,25,True,25101,True,30750,1.0,True,2,1,0.6,9
random,0.03,25,True,25102,False,39999,1.0,True,2,1,0.5333333333333333,9
random,0.03,25,True,25103,True,11100,1.0,True,2,1,0.6666666666666666,9
random,0.03,25,True,25104,False,39999,0.7777777777777778,False,,1,0.5333333333333333,9
random,0.03,26,True,26100,False,39999,1.0,True,2,1,0.5333333333333333,10
random,0.03,26,True,26101,True,2100,1.0,True,2,1,0.6,10
random,0.03,26,True,26102,True,6350,1.0,True,2,1,0.4,10
random,0.03,26,True,26103,True,15350,1.0,True,2,1,0.7333333333333333,10
random,0.03,26,True,26104,True,28900,1.0,True,2,1,0.6,10
random,0.03,27,True,27100,False,39999,1.0,True,3,2,0.6666666666666666,13
random,0.03,27,True,27101,False,39999,0.6923076923076923,False,,2,0.6666666666666666,13
random,0.03,27,True,27102,True,23750,1.0,True,3,2,0.6666666666666666,13
random,0.03,27,True,27103,True,38400,1.0,True,3,2,0.5333333333333333,13
random,0.03,27,True,27104,False,39999,0.7692307692307693,False,,2,0.4666666666666667,13
random,0.03,28,True,28100,False,39999,0.75,False,,1,0.6,8
random,0.03,28,True,28101,True,2900,1.0,True,2,1,0.6,8
random,0.03,28,True,28102,False,39999,0.875,False,,1,0.6,8
random,0.03,28,True,28103,False,39999,1.0,True,2,1,0.7333333333333333,8
random,0.03,28,True,28104,False,39999,1.0,False,,1,0.4666666666666667,8
random,0.03,29,True,29100,True,2100,1.0,True,3,2,0.3333333333333333,11
random,0.03,29,True,29101,True,23700,1.0,True,3,2,0.6666666666666666,11
random,0.03,29,True,29102,False,39999,1.0,True,3,2,0.5333333333333333,11
random,0.03,29,True,29103,True,10900,1.0,True,3,2,0.6,11
random,0.03,29,True,29104,True,4400,1.0,True,3,2,0.5333333333333333,11
random,0.05,0,True,100,False,39999,0.7777777777777778,False,,1,0.6,9
random,0.05,0,True,101,False,39999,1.0,True,2,1,0.3333333333333333,9
random,0.05,0,True,102,False,39999,1.0,True,2,1,0.5333333333333333,9
random,0.05,0,True,103,False,39999,1.0,True,2,1,0.4666666666666667,9
random,0.05,0,True,104,False,39999,0.4444444444444444,False,,1,0.4666666666666667,9
random,0.05,1,True,1100,False,39999,0.9,False,,1,0.6,10
random,0.05,1,True,1101,False,39999,0.7,False,,1,0.3333333333333333,10
random,0.05,1,True,1102,False,39999,0.6,False,,1,0.4,10
random,0.05,1,True,1103,False,39999,0.8,False,,1,0.6666666666666666,10
random,0.05,1,True,1104,False,39999,1.0,True,2,1,0.6,10
random,0.05,2,True,2100,False,39999,1.0,True,2,1,0.4666666666666667,7
random,0.05,2,True,2101,False,39999,0.7142857142857143,False,,1,0.5333333333333333,7
random,0.05,2,True,2102,False,39999,0.8571428571428571,False,,1,0.6,7
random,0.05,2,True,2103,False,39999,0.8571428571428571,False,,1,0.6,7
random,0.05,2,True,2104,False,39999,1.0,True,2,1,0.6,7
random,0.05,3,True,3100,False,39999,0.7777777777777778,False,,1,0.5333333333333333,9
random,0.05,3,True,3101,False,39999,1.0,True,2,1,0.4666666666666667,9
random,0.05,3,True,3102,False,39999,0.3333333333333333,False,,1,0.5333333333333333,9
random,0.05,3,True,3103,False,39999,1.0,True,2,1,0.3333333333333333,9
random,0.05,3,True,3104,False,39999,0.8888888888888888,False,,1,0.2,9
random,0.05,4,True,4100,False,39999,1.0,True,2,1,0.6,8
random,0.05,4,True,4101,False,39999,1.0,False,,1,0.5333333333333333,8
random,0.05,4,True,4102,False,39999,0.75,False,,1,0.6666666666666666,8
random,0.05,4,True,4103,False,39999,0.75,False,,1,0.7333333333333333,8
random,0.05,4,True,4104,False,39999,0.75,False,,1,0.6,8
random,0.05,5,True,5100,False,39999,0.6666666666666666,False,,1,0.4666666666666667,9
random,0.05,5,True,5101,False,39999,0.8888888888888888,False,,1,0.6,9
random,0.05,5,True,5102,False,39999,1.0,True,2,1,0.3333333333333333,9
random,0.05,5,True,5103,False,39999,1.0,True,2,1,0.4666666666666667,9
random,0.05,5,True,5104,False,39999,1.0,True,2,1,0.5333333333333333,9
random,0.05,6,True,6100,False,39999,1.0,False,,1,0.7333333333333333,9
random,0.05,6,True,6101,False,39999,0.7777777777777778,False,,1,0.5333333333333333,9
random,0.05,6,True,6102,False,39999,0.6666666666666666,False,,1,0.6,9
random,0.05,6,True,6103,False,39999,0.8888888888888888,False,,1,0.5333333333333333,9
random,0.05,6,True,6104,False,39999,1.0,True,2,1,0.4666666666666667,9
random,0.05,7,True,7100,False,39999,1.0,False,,1,0.5333333333333333,8
random,0.05,7,True,7101,False,39999,1.0,True,2,1,0.6,8
random,0.05,7,True,7102,False,39999,1.0,False,,1,0.5333333333333333,8
random,0.05,7,True,7103,False,39999,0.75,False,,1,0.4,8
random,0.05,7,True,7104,False,39999,0.375,False,,1,0.6,8
random,0.05,8,True,8100,False,39999,1.0,True,2,1,0.6,10
random,0.05,8,True,8101,False,39999,0.8,False,,1,0.26666666666666666,10
random,0.05,8,True,8102,False,39999,0.8,False,,1,0.4666666666666667,10
random,0.05,8,True,8103,False,39999,1.0,True,2,1,0.6666666666666666,10
random,0.05,8,True,8104,False,39999,0.9,False,,1,0.5333333333333333,10
random,0.05,9,True,9100,False,39999,0.9,False,,1,0.5333333333333333,10
random,0.05,9,True,9101,False,39999,0.7,False,,1,0.6666666666666666,10
random,0.05,9,True,9102,False,39999,1.0,True,2,1,0.7333333333333333,10
random,0.05,9,True,9103,False,39999,1.0,True,2,1,0.4,10
random,0.05,9,True,9104,False,39999,0.8,False,,1,0.6666666666666666,10
random,0.05,10,True,10100,False,39999,1.0,False,,1,0.8,6
random,0.05,10,True,10101,False,39999,1.0,False,,1,0.6666666666666666,6
random,0.05,10,True,10102,True,25650,1.0,False,,1,0.7333333333333333,6
random,0.05,10,True,10103,False,39999,1.0,False,,1,0.8,6
random,0.05,10,True,10104,True,27600,1.0,True,2,1,0.6666666666666666,6
random,0.05,11,True,11100,False,39999,0.7142857142857143,False,,1,0.8,7
random,0.05,11,True,11101,False,39999,1.0,False,,1,0.6666666666666666,7
random,0.05,11,True,11102,False,39999,0.7142857142857143,False,,1,0.7333333333333333,7
random,0.05,11,True,11103,False,39999,0.42857142857142855,False,,1,0.7333333333333333,7
random,0.05,11,True,11104,False,39999,1.0,False,,1,0.8666666666666667,7
random,0.05,12,True,12100,False,39999,0.6,False,,1,0.6,10
random,0.05,12,True,12101,False,39999,0.9,False,,1,0.4666666666666667,10
random,0.05,12,True,12102,False,39999,1.0,True,2,1,0.4666666666666667,10
random,0.05,12,True,12103,False,39999,0.8,False,,1,0.5333333333333333,10
random,0.05,12,True,12104,False,39999,0.5,False,,1,0.7333333333333333,10
random,0.05,13,True,13100,False,39999,1.0,False,,1,0.7333333333333333,7
random,0.05,13,True,13101,False,39999,1.0,False,,1,0.6,7
random,0.05,13,True,13102,False,39999,0.7142857142857143,False,,1,0.6666666666666666,7
random,0.05,13,True,13103,False,39999,1.0,False,,1,0.4666666666666667,7
random,0.05,13,True,13104,False,39999,1.0,False,,1,0.6,7
random,0.05,14,True,14100,False,39999,1.0,False,,1,0.6,8
random,0.05,14,True,14101,False,39999,0.875,False,,1,0.2,8
random,0.05,14,True,14102,False,39999,0.875,False,,1,0.6,8
random,0.05,14,True,14103,False,39999,1.0,True,2,1,0.4666666666666667,8
random,0.05,14,True,14104,False,39999,0.75,False,,1,0.6666666666666666,8
random,0.05,15,True,15100,False,39999,0.6666666666666666,False,,1,0.6,9
random,0.05,15,True,15101,False,39999,0.8888888888888888,False,,1,0.8,9
random,0.05,15,True,15102,False,39999,1.0,True,2,1,0.4666666666666667,9
random,0.05,15,True,15103,False,39999,0.5555555555555556,False,,1,0.6,9
random,0.05,15,True,15104,False,39999,1.0,True,2,1,0.26666666666666666,9
random,0.05,16,True,16100,False,39999,0.625,False,,1,0.7333333333333333,8
random,0.05,16,True,16101,False,39999,0.875,False,,1,0.3333333333333333,8
random,0.05,16,True,16102,False,39999,1.0,True,2,1,0.5333333333333333,8
random,0.05,16,True,16103,False,39999,0.875,False,,1,0.6,8
random,0.05,16,True,16104,False,39999,0.625,False,,1,0.6666666666666666,8
random,0.05,17,True,17100,False,39999,0.6666666666666666,False,,1,0.7333333333333333,9
random,0.05,17,True,17101,False,39999,0.7777777777777778,False,,1,0.4666666666666667,9
random,0.05,17,True,17102,False,39999,0.6666666666666666,False,,1,0.5333333333333333,9
random,0.05,17,True,17103,False,39999,0.4444444444444444,False,,1,0.6666666666666666,9
random,0.05,17,True,17104,False,39999,0.5555555555555556,False,,1,0.6,9
random,0.05,18,True,18100,False,39999,0.7777777777777778,False,,1,0.8,9
random,0.05,18,True,18101,False,39999,0.6666666666666666,False,,1,0.7333333333333333,9
random,0.05,18,True,18102,False,39999,0.7777777777777778,False,,1,0.5333333333333333,9
random,0.05,18,True,18103,False,39999,0.8888888888888888,False,,1,0.6,9
random,0.05,18,True,18104,False,39999,0.6666666666666666,False,,1,0.4666666666666667,9
random,0.05,19,True,19100,False,39999,1.0,False,,1,0.6,6
random,0.05,19,True,19101,False,39999,0.5,False,,1,0.8,6
random,0.05,19,True,19102,False,39999,0.8333333333333334,False,,1,0.7333333333333333,6
random,0.05,19,True,19103,False,39999,0.6666666666666666,False,,1,0.5333333333333333,6
random,0.05,19,True,19104,False,39999,1.0,True,2,1,0.4666666666666667,6
random,0.05,20,True,20100,False,39999,0.7777777777777778,False,,1,0.8666666666666667,9
random,0.05,20,True,20101,False,39999,0.5555555555555556,False,,1,0.3333333333333333,9
random,0.05,20,True,20102,False,39999,0.7777777777777778,False,,1,0.6666666666666666,9
random,0.05,20,True,20103,False,39999,0.6666666666666666,False,,1,0.3333333333333333,9
random,0.05,20,True,20104,False,39999,1.0,True,2,1,0.7333333333333333,9
random,0.05,21,True,21100,False,39999,0.5555555555555556,False,,1,0.6666666666666666,9
random,0.05,21,True,21101,False,39999,0.7777777777777778,False,,1,0.6666666666666666,9
random,0.05,21,True,21102,False,39999,0.8888888888888888,False,,1,0.6,9
random,0.05,21,True,21103,False,39999,0.8888888888888888,False,,1,0.6666666666666666,9
random,0.05,21,True,21104,False,39999,0.8888888888888888,False,,1,0.5333333333333333,9
random,0.05,22,True,22100,False,39999,0.5555555555555556,False,,1,0.5333333333333333,9
random,0.05,22,True,22101,False,39999,1.0,True,2,1,0.6,9
random,0.05,22,True,22102,False,39999,0.4444444444444444,False,,1,0.6,9
random,0.05,22,True,22103,False,39999,0.8888888888888888,False,,1,0.4,9
random,0.05,22,True,22104,False,39999,0.8888888888888888,False,,1,0.5333333333333333,9
random,0.05,23,True,23100,False,39999,0.7,False,,1,0.6666666666666666,10
random,0.05,23,True,23101,False,39999,0.6,False,,1,0.5333333333333333,10
random,0.05,23,True,23102,False,39999,0.6,False,,1,0.6,10
random,0.05,23,True,23103,False,39999,0.6,False,,1,0.6,10
random,0.05,23,True,23104,False,39999,1.0,True,2,1,0.6666666666666666,10
random,0.05,24,True,24100,True,8050,1.0,True,2,1,0.6,10
random,0.05,24,True,24101,False,39999,0.7,False,,1,0.4666666666666667,10
random,0.05,24,True,24102,False,39999,1.0,True,2,1,0.5333333333333333,10
random,0.05,24,True,24103,False,39999,1.0,True,2,1,0.4,10
random,0.05,24,True,24104,False,39999,0.5,False,,1,0.6,10
random,0.05,25,True,25100,False,39999,1.0,True,2,1,0.4666666666666667,9
random,0.05,25,True,25101,False,39999,0.5555555555555556,False,,1,0.6,9
random,0.05,25,True,25102,False,39999,0.6666666666666666,False,,1,0.2,9
random,0.05,25,True,25103,False,39999,0.8888888888888888,False,,1,0.6666666666666666,9
random,0.05,25,True,25104,False,39999,1.0,True,2,1,0.4666666666666667,9
random,0.05,26,True,26100,False,39999,1.0,True,2,1,0.4,10
random,0.05,26,True,26101,False,39999,0.7,False,,1,0.5333333333333333,10
random,0.05,26,True,26102,False,39999,0.8,False,,1,0.6666666666666666,10
random,0.05,26,True,26103,False,39999,0.7,False,,1,0.7333333333333333,10
random,0.05,26,True,26104,False,39999,1.0,True,2,1,0.5333333333333333,10
random,0.05,27,True,27100,False,39999,1.0,True,3,2,0.4666666666666667,13
random,0.05,27,True,27101,False,39999,1.0,True,3,2,0.5333333333333333,13
random,0.05,27,True,27102,False,39999,0.5384615384615384,False,,2,0.6,13
random,0.05,27,True,27103,False,39999,0.8461538461538461,False,,2,0.6,13
random,0.05,27,True,27104,False,39999,1.0,True,3,2,0.4666666666666667,13
random,0.05,28,True,28100,False,39999,0.75,False,,1,0.7333333333333333,8
random,0.05,28,True,28101,False,39999,0.875,False,,1,0.3333333333333333,8
random,0.05,28,True,28102,False,39999,1.0,False,,1,0.4,8
random,0.05,28,True,28103,False,39999,0.5,False,,1,0.4666666666666667,8
random,0.05,28,True,28104,False,39999,1.0,False,,1,0.5333333333333333,8
random,0.05,29,True,29100,False,39999,0.8181818181818182,False,,2,0.4666666666666667,11
random,0.05,29,True,29101,False,39999,0.6363636363636364,False,,2,0.4,11
random,0.05,29,True,29102,False,39999,0.9090909090909091,False,,2,0.4666666666666667,11
random,0.05,29,True,29103,False,39999,1.0,True,3,2,0.4666666666666667,11
random,0.05,29,True,29104,False,39999,0.7272727272727273,False,,2,0.6,11
geo,0.0,0,True,100,True,900,1.0,True,2,1,0.6,10
geo,0.0,0,True,101,True,850,1.0,True,2,1,0.6,10
geo,0.0,0,True,102,True,900,1.0,True,2,1,0.5333333333333333,10
geo,0.0,0,True,103,True,800,1.0,True,2,1,0.6666666666666666,10
geo,0.0,0,True,104,True,850,1.0,True,2,1,0.5333333333333333,10
geo,0.0,1,True,1100,True,950,1.0,True,2,1,0.625,11
geo,0.0,1,True,1101,True,800,1.0,True,2,1,0.625,11
geo,0.0,1,True,1102,True,800,1.0,True,2,1,0.75,11
geo,0.0,1,True,1103,True,900,1.0,True,2,1,0.75,11
geo,0.0,1,True,1104,True,900,1.0,True,2,1,0.4375,11
geo,0.0,2,True,2100,True,1150,1.0,True,2,1,0.625,11
geo,0.0,2,True,2101,True,900,1.0,True,2,1,0.375,11
geo,0.0,2,True,2102,True,1200,1.0,True,2,1,0.625,11
geo,0.0,2,True,2103,True,800,1.0,True,2,1,0.6875,11
geo,0.0,2,True,2104,True,850,1.0,True,2,1,0.625,11
geo,0.0,3,True,3100,True,900,1.0,True,2,1,0.5714285714285714,9
geo,0.0,3,True,3101,True,800,1.0,True,2,1,0.6428571428571429,9
geo,0.0,3,True,3102,True,850,1.0,True,2,1,0.7857142857142857,9
geo,0.0,3,True,3103,True,850,1.0,True,2,1,0.6428571428571429,9
geo,0.0,3,True,3104,True,900,1.0,True,2,1,0.5714285714285714,9
geo,0.0,4,True,4100,True,800,1.0,False,,1,0.9166666666666666,3
geo,0.0,4,True,4101,True,800,1.0,False,,1,0.9166666666666666,3
geo,0.0,4,True,4102,True,800,1.0,True,2,1,0.75,3
geo,0.0,4,True,4103,True,800,1.0,True,2,1,0.75,3
geo,0.0,4,True,4104,True,800,1.0,False,,1,0.9166666666666666,3
geo,0.0,5,True,5100,True,800,1.0,True,2,1,0.7857142857142857,9
geo,0.0,5,True,5101,True,900,1.0,True,2,1,0.6428571428571429,9
geo,0.0,5,True,5102,True,900,1.0,True,2,1,0.42857142857142855,9
geo,0.0,5,True,5103,True,850,1.0,True,2,1,0.6428571428571429,9
geo,0.0,5,True,5104,True,1000,1.0,True,2,1,0.6428571428571429,9
geo,0.0,6,True,6100,True,800,1.0,True,2,1,0.7857142857142857,7
geo,0.0,6,True,6101,True,800,1.0,True,2,1,0.6428571428571429,7
geo,0.0,6,True,6102,True,850,1.0,True,2,1,0.6428571428571429,7
geo,0.0,6,True,6103,True,800,1.0,False,,1,0.7857142857142857,7
geo,0.0,6,True,6104,True,850,1.0,False,,1,0.7142857142857143,7
geo,0.0,7,True,7100,True,800,1.0,True,2,1,0.7333333333333333,12
geo,0.0,7,True,7101,True,1200,1.0,True,2,1,0.6666666666666666,12
geo,0.0,7,True,7102,True,900,1.0,True,2,1,0.6666666666666666,12
geo,0.0,7,True,7103,True,1000,1.0,True,2,1,0.4666666666666667,12
geo,0.0,7,True,7104,True,800,1.0,True,2,1,0.6,12
geo,0.0,8,True,8100,True,850,1.0,True,2,1,0.7692307692307693,8
geo,0.0,8,True,8101,True,950,1.0,True,2,1,0.7692307692307693,8
geo,0.0,8,True,8102,True,800,1.0,True,2,1,0.6153846153846154,8
geo,0.0,8,True,8103,True,800,1.0,True,2,1,0.6153846153846154,8
geo,0.0,8,True,8104,True,800,1.0,True,2,1,0.6923076923076923,8
geo,0.0,9,True,9100,True,800,1.0,True,2,1,0.75,11
geo,0.0,9,True,9101,True,850,1.0,False,,1,0.5,11
geo,0.0,9,True,9102,True,800,1.0,False,,1,0.75,11
geo,0.0,9,True,9103,True,850,1.0,False,,1,0.6875,11
geo,0.0,9,True,9104,True,800,1.0,False,,1,0.8125,11
geo,0.0,10,True,10100,True,900,1.0,True,2,1,0.5333333333333333,10
geo,0.0,10,True,10101,True,900,1.0,True,2,1,0.6666666666666666,10
geo,0.0,10,True,10102,True,1200,1.0,True,2,1,0.6,10
geo,0.0,10,True,10103,True,800,1.0,True,2,1,0.6666666666666666,10
geo,0.0,10,True,10104,True,800,1.0,True,2,1,0.7333333333333333,10
geo,0.0,11,True,11100,True,950,1.0,True,2,1,0.625,11
geo,0.0,11,True,11101,True,1000,1.0,True,2,1,0.625,11
geo,0.0,11,True,11102,True,800,1.0,True,2,1,0.75,11
geo,0.0,11,True,11103,True,850,1.0,True,2,1,0.6875,11
geo,0.0,11,True,11104,True,800,1.0,True,1,1,0.625,11
geo,0.0,12,True,12100,True,800,1.0,True,2,1,0.6428571428571429,8
geo,0.0,12,True,12101,True,800,1.0,True,2,1,0.6428571428571429,8
geo,0.0,12,True,12102,True,900,1.0,True,2,1,0.5714285714285714,8
geo,0.0,12,True,12103,True,850,1.0,True,2,1,0.5714285714285714,8
geo,0.0,12,True,12104,True,800,1.0,True,2,1,0.5714285714285714,8
geo,0.0,13,True,13100,True,800,1.0,True,2,1,0.6,10
geo,0.0,13,True,13101,True,850,1.0,True,2,1,0.5333333333333333,10
geo,0.0,13,True,13102,True,800,1.0,True,2,1,0.6,10
geo,0.0,13,True,13103,True,1050,1.0,True,2,1,0.4666666666666667,10
geo,0.0,13,True,13104,True,900,1.0,True,2,1,0.8,10
geo,0.0,14,True,14100,True,1050,1.0,True,2,1,0.5294117647058824,15
geo,0.0,14,True,14101,True,850,1.0,True,2,1,0.5294117647058824,15
geo,0.0,14,True,14102,True,900,1.0,True,2,1,0.5882352941176471,15
geo,0.0,14,True,14103,True,850,1.0,True,2,1,0.5882352941176471,15
geo,0.0,14,True,14104,True,950,1.0,True,2,1,0.5294117647058824,15
geo,0.0,15,True,15100,True,850,1.0,True,3,2,0.5833333333333334,8
geo,0.0,15,True,15101,True,800,1.0,True,3,2,0.5833333333333334,8
geo,0.0,15,True,15102,True,850,1.0,True,3,2,0.5833333333333334,8
geo,0.0,15,True,15103,True,900,1.0,True,3,2,0.5833333333333334,8
geo,0.0,15,True,15104,True,900,1.0,True,3,2,0.6666666666666666,8
geo,0.0,16,True,16100,True,800,1.0,False,,1,0.7333333333333333,7
geo,0.0,16,True,16101,True,1000,1.0,False,,1,0.8,7
geo,0.0,16,True,16102,True,800,1.0,False,,1,0.8,7
geo,0.0,16,True,16103,True,800,1.0,False,,1,0.7333333333333333,7
geo,0.0,16,True,16104,True,850,1.0,False,,1,0.8,7
geo,0.0,17,True,17100,True,850,1.0,True,2,1,0.6666666666666666,10
geo,0.0,17,True,17101,True,950,1.0,True,2,1,0.6,10
geo,0.0,17,True,17102,True,950,1.0,True,2,1,0.6666666666666666,10
geo,0.0,17,True,17103,True,850,1.0,True,2,1,0.6666666666666666,10
geo,0.0,17,True,17104,True,800,1.0,True,2,1,0.8,10
geo,0.0,18,True,18100,True,1000,1.0,True,2,1,0.5789473684210527,19
geo,0.0,18,True,18101,True,1300,1.0,True,2,1,0.42105263157894735,19
geo,0.0,18,True,18102,True,1250,1.0,True,2,1,0.5789473684210527,19
geo,0.0,18,True,18103,True,800,1.0,True,2,1,0.6842105263157895,19
geo,0.0,18,True,18104,True,950,1.0,True,2,1,0.47368421052631576,19
geo,0.0,19,True,19100,True,800,1.0,False,,1,0.7857142857142857,6
geo,0.0,19,True,19101,True,850,1.0,False,,1,0.7857142857142857,6
geo,0.0,19,True,19102,True,800,1.0,False,,1,0.7857142857142857,6
geo,0.0,19,True,19103,True,800,1.0,True,2,1,0.7857142857142857,6
geo,0.0,19,True,19104,True,800,1.0,True,2,1,0.7857142857142857,6
geo,0.0,20,True,20100,True,800,1.0,True,2,1,0.8181818181818182,4
geo,0.0,20,True,20101,True,800,1.0,True,2,1,0.8181818181818182,4
geo,0.0,20,True,20102,True,800,1.0,True,2,1,0.8181818181818182,4
geo,0.0,20,True,20103,True,800,1.0,True,2,1,0.8181818181818182,4
geo,0.0,20,True,20104,True,800,1.0,True,2,1,0.8181818181818182,4
geo,0.0,21,True,21100,True,1000,1.0,True,2,1,0.5,17
geo,0.0,21,True,21101,True,850,1.0,True,2,1,0.6666666666666666,17
geo,0.0,21,True,21102,True,800,1.0,True,2,1,0.7222222222222222,17
geo,0.0,21,True,21103,True,950,1.0,True,2,1,0.6111111111111112,17
geo,0.0,21,True,21104,True,1550,1.0,True,2,1,0.2777777777777778,17
geo,0.0,22,True,22100,True,900,1.0,True,2,1,0.6470588235294118,13
geo,0.0,22,True,22101,True,950,1.0,True,2,1,0.7058823529411765,13
geo,0.0,22,True,22102,True,900,1.0,True,2,1,0.29411764705882354,13
geo,0.0,22,True,22103,True,950,1.0,True,2,1,0.5294117647058824,13
geo,0.0,22,True,22104,True,900,1.0,True,2,1,0.6470588235294118,13
geo,0.0,23,True,23100,True,850,1.0,True,2,1,0.11764705882352941,13
geo,0.0,23,True,23101,True,1000,1.0,True,2,1,0.6470588235294118,13
geo,0.0,23,True,23102,True,1100,1.0,True,2,1,0.47058823529411764,13
geo,0.0,23,True,23103,True,950,1.0,True,2,1,0.6470588235294118,13
geo,0.0,23,True,23104,True,950,1.0,True,2,1,0.7058823529411765,13
geo,0.0,24,True,24100,True,850,1.0,True,2,1,0.7692307692307693,7
geo,0.0,24,True,24101,True,850,1.0,True,2,1,0.7692307692307693,7
geo,0.0,24,True,24102,True,800,1.0,True,2,1,0.7692307692307693,7
geo,0.0,24,True,24103,True,800,1.0,True,2,1,0.7692307692307693,7
geo,0.0,24,True,24104,True,800,1.0,True,2,1,0.6153846153846154,7
geo,0.0,25,True,25100,True,900,1.0,True,2,1,0.7333333333333333,10
geo,0.0,25,True,25101,True,950,1.0,True,2,1,0.6,10
geo,0.0,25,True,25102,True,900,1.0,True,2,1,0.6666666666666666,10
geo,0.0,25,True,25103,True,850,1.0,True,2,1,0.6666666666666666,10
geo,0.0,25,True,25104,True,800,1.0,True,2,1,0.7333333333333333,10
geo,0.0,26,True,26100,True,1400,1.0,True,2,1,0.5882352941176471,14
geo,0.0,26,True,26101,True,900,1.0,True,2,1,0.6470588235294118,14
geo,0.0,26,True,26102,True,850,1.0,True,2,1,0.6470588235294118,14
geo,0.0,26,True,26103,True,900,1.0,True,2,1,0.6470588235294118,14
geo,0.0,26,True,26104,True,1400,1.0,True,2,1,0.5882352941176471,14
geo,0.0,27,True,27100,True,850,1.0,True,2,1,0.3333333333333333,9
geo,0.0,27,True,27101,True,950,1.0,True,2,1,0.5333333333333333,9
geo,0.0,27,True,27102,True,800,1.0,True,2,1,0.6,9
geo,0.0,27,True,27103,True,800,1.0,True,2,1,0.6,9
geo,0.0,27,True,27104,True,900,1.0,True,2,1,0.4666666666666667,9
geo,0.0,28,True,28100,True,900,1.0,True,2,1,0.7857142857142857,9
geo,0.0,28,True,28101,True,1000,1.0,True,2,1,0.5714285714285714,9
geo,0.0,28,True,28102,True,850,1.0,True,2,1,0.5714285714285714,9
geo,0.0,28,True,28103,True,800,1.0,True,2,1,0.7142857142857143,9
geo,0.0,28,True,28104,True,800,1.0,True,2,1,0.7857142857142857,9
geo,0.0,29,True,29100,True,850,1.0,True,2,1,0.6666666666666666,10
geo,0.0,29,True,29101,True,800,1.0,True,2,1,0.6666666666666666,10
geo,0.0,29,True,29102,True,850,1.0,True,2,1,0.4666666666666667,10
geo,0.0,29,True,29103,True,800,1.0,True,2,1,0.7333333333333333,10
geo,0.0,29,True,29104,True,850,1.0,True,2,1,0.7333333333333333,10
geo,0.002,0,True,100,True,1600,1.0,True,2,1,0.5333333333333333,10
geo,0.002,0,True,101,True,850,1.0,True,2,1,0.6,10
geo,0.002,0,True,102,True,900,1.0,True,2,1,0.5333333333333333,10
geo,0.002,0,True,103,True,800,1.0,True,2,1,0.6666666666666666,10
geo,0.002,0,True,104,True,850,1.0,True,2,1,0.5333333333333333,10
geo,0.002,1,True,1100,True,950,1.0,True,2,1,0.625,11
geo,0.002,1,True,1101,True,800,1.0,True,2,1,0.625,11
geo,0.002,1,True,1102,True,1500,1.0,True,2,1,0.5,11
geo,0.002,1,True,1103,True,1150,1.0,True,2,1,0.4375,11
geo,0.002,1,True,1104,True,1750,1.0,True,2,1,0.75,11
geo,0.002,2,True,2100,True,1150,1.0,True,2,1,0.625,11
geo,0.002,2,True,2101,True,900,1.0,True,2,1,0.375,11
geo,0.002,2,True,2102,True,1200,1.0,True,2,1,0.6875,11
geo,0.002,2,True,2103,True,800,1.0,True,2,1,0.6875,11
geo,0.002,2,True,2104,True,850,1.0,True,2,1,0.625,11
geo,0.002,3,True,3100,True,900,1.0,True,2,1,0.5714285714285714,9
geo,0.002,3,True,3101,True,800,1.0,True,2,1,0.6428571428571429,9
geo,0.002,3,True,3102,True,850,1.0,True,2,1,0.7857142857142857,9
geo,0.002,3,True,3103,True,1550,1.0,True,2,1,0.7142857142857143,9
geo,0.002,3,True,3104,True,3100,1.0,True,2,1,0.5714285714285714,9
geo,0.002,4,True,4100,True,1100,1.0,False,,1,0.75,3
geo,0.002,4,True,4101,True,800,1.0,False,,1,0.9166666666666666,3
geo,0.002,4,True,4102,True,800,1.0,False,,1,0.9166666666666666,3
geo,0.002,4,True,4103,True,1550,1.0,False,,1,0.75,3
geo,0.002,4,True,4104,True,800,1.0,False,,1,0.9166666666666666,3
geo,0.002,5,True,5100,True,800,1.0,True,2,1,0.7857142857142857,9
geo,0.002,5,True,5101,True,900,1.0,True,2,1,0.6428571428571429,9
geo,0.002,5,True,5102,True,900,1.0,True,2,1,0.42857142857142855,9
geo,0.002,5,True,5103,True,850,1.0,True,2,1,0.6428571428571429,9
geo,0.002,5,True,5104,True,1000,1.0,True,2,1,0.6428571428571429,9
geo,0.002,6,True,6100,True,800,1.0,True,2,1,0.7857142857142857,7
geo,0.002,6,True,6101,True,800,1.0,True,2,1,0.5714285714285714,7
geo,0.002,6,True,6102,True,1200,1.0,False,,1,0.5,7
geo,0.002,6,True,6103,True,800,1.0,False,,1,0.7857142857142857,7
geo,0.002,6,True,6104,True,850,1.0,True,2,1,0.5714285714285714,7
geo,0.002,7,True,7100,True,800,1.0,True,2,1,0.7333333333333333,12
geo,0.002,7,True,7101,True,1200,1.0,True,2,1,0.6666666666666666,12
geo,0.002,7,True,7102,True,900,1.0,True,2,1,0.6666666666666666,12
geo,0.002,7,True,7103,True,1000,1.0,True,2,1,0.4666666666666667,12
geo,0.002,7,True,7104,True,2000,1.0,True,2,1,0.5333333333333333,12
geo,0.002,8,True,8100,True,850,1.0,True,2,1,0.7692307692307693,8
geo,0.002,8,True,8101,True,950,1.0,True,2,1,0.7692307692307693,8
geo,0.002,8,True,8102,True,800,1.0,True,2,1,0.6153846153846154,8
geo,0.002,8,True,8103,True,800,1.0,True,2,1,0.6153846153846154,8
geo,0.002,8,True,8104,True,800,1.0,True,2,1,0.6923076923076923,8
geo,0.002,9,True,9100,True,800,1.0,True,2,1,0.75,11
geo,0.002,9,True,9101,True,1150,1.0,True,2,1,0.3125,11
geo,0.002,9,True,9102,True,950,1.0,True,2,1,0.375,11
geo,0.002,9,True,9103,True,850,1.0,False,,1,0.6875,11
geo,0.002,9,True,9104,True,800,1.0,False,,1,0.8125,11
geo,0.002,10,True,10100,True,900,1.0,True,2,1,0.5333333333333333,10
geo,0.002,10,True,10101,True,900,1.0,True,2,1,0.6666666666666666,10
geo,0.002,10,True,10102,True,850,1.0,True,2,1,0.6,10
geo,0.002,10,True,10103,True,800,1.0,True,2,1,0.6666666666666666,10
geo,0.002,10,True,10104,True,1350,1.0,True,2,1,0.7333333333333333,10
geo,0.002,11,True,11100,True,950,1.0,True,2,1,0.625,11
geo,0.002,11,True,11101,True,1200,1.0,True,2,1,0.625,11
geo,0.002,11,True,11102,True,800,1.0,True,2,1,0.75,11
geo,0.002,11,True,11103,True,850,1.0,True,2,1,0.6875,11
geo,0.002,11,True,11104,True,800,1.0,True,1,1,0.625,11
geo,0.002,12,True,12100,True,800,1.0,True,2,1,0.6428571428571429,8
geo,0.002,12,True,12101,True,800,1.0,True,2,1,0.6428571428571429,8
geo,0.002,12,True,12102,True,900,1.0,True,2,1,0.5714285714285714,8
geo,0.002,12,True,12103,True,850,1.0,True,2,1,0.5714285714285714,8
geo,0.002,12,True,12104,True,1750,1.0,True,2,1,0.6428571428571429,8
geo,0.002,13,True,13100,True,1350,1.0,True,2,1,0.6,10
geo,0.002,13,True,13101,True,1600,1.0,True,2,1,0.5333333333333333,10
geo,0.002,13,True,13102,True,1450,1.0,True,2,1,0.6,10
geo,0.002,13,True,13103,True,1050,1.0,True,2,1,0.4666666666666667,10
geo,0.002,13,True,13104,True,1400,1.0,True,2,1,0.4,10
geo,0.002,14,True,14100,True,1050,1.0,True,2,1,0.5294117647058824,15
geo,0.002,14,True,14101,True,2050,1.0,True,2,1,0.5294117647058824,15
geo,0.002,14,True,14102,True,900,1.0,True,2,1,0.5882352941176471,15
geo,0.002,14,True,14103,True,850,1.0,True,2,1,0.4117647058823529,15
geo,0.002,14,True,14104,True,1800,1.0,True,2,1,0.47058823529411764,15
geo,0.002,15,True,15100,True,850,1.0,True,3,2,0.5833333333333334,8
geo,0.002,15,True,15101,True,800,1.0,True,3,2,0.5833333333333334,8
geo,0.002,15,True,15102,True,850,1.0,True,3,2,0.5833333333333334,8
geo,0.002,15,True,15103,True,900,1.0,True,3,2,0.5833333333333334,8
geo,0.002,15,True,15104,True,1550,1.0,True,3,2,0.5,8
geo,0.002,16,True,16100,True,800,1.0,False,,1,0.7333333333333333,7
geo,0.002,16,True,16101,True,1000,1.0,False,,1,0.6666666666666666,7
geo,0.002,16,True,16102,True,800,1.0,False,,1,0.8,7
geo,0.002,16,True,16103,True,800,1.0,False,,1,0.7333333333333333,7
geo,0.002,16,True,16104,True,850,1.0,False,,1,0.8,7
geo,0.002,17,True,17100,True,1600,1.0,True,2,1,0.4666666666666667,10
geo,0.002,17,True,17101,True,950,1.0,True,2,1,0.6,10
geo,0.002,17,True,17102,True,1200,1.0,True,2,1,0.3333333333333333,10
geo,0.002,17,True,17103,True,850,1.0,True,2,1,0.6666666666666666,10
geo,0.002,17,True,17104,True,800,1.0,True,2,1,0.8,10
geo,0.002,18,True,18100,True,1000,1.0,True,2,1,0.5789473684210527,19
geo,0.002,18,True,18101,True,1450,1.0,True,2,1,0.42105263157894735,19
geo,0.002,18,True,18102,True,1250,1.0,True,2,1,0.5789473684210527,19
geo,0.002,18,True,18103,True,800,1.0,True,2,1,0.6842105263157895,19
geo,0.002,18,True,18104,True,950,1.0,True,2,1,0.47368421052631576,19
geo,0.002,19,True,19100,True,800,1.0,False,,1,0.6428571428571429,6
geo,0.002,19,True,19101,True,850,1.0,False,,1,0.7857142857142857,6
geo,0.002,19,True,19102,True,1450,1.0,False,,1,0.5,6
geo,0.002,19,True,19103,True,900,1.0,True,2,1,0.7857142857142857,6
geo,0.002,19,True,19104,True,800,1.0,True,2,1,0.7857142857142857,6
geo,0.002,20,True,20100,True,800,1.0,True,2,1,0.6363636363636364,4
geo,0.002,20,True,20101,True,800,1.0,True,2,1,0.8181818181818182,4
geo,0.002,20,True,20102,True,800,1.0,True,2,1,0.8181818181818182,4
geo,0.002,20,True,20103,True,950,1.0,True,2,1,0.8181818181818182,4
geo,0.002,20,True,20104,True,800,1.0,True,2,1,0.6363636363636364,4
geo,0.002,21,True,21100,True,1000,1.0,True,2,1,0.5,17
geo,0.002,21,True,21101,True,1100,1.0,True,2,1,0.6666666666666666,17
geo,0.002,21,True,21102,True,800,1.0,True,2,1,0.7222222222222222,17
geo,0.002,21,True,21103,True,2200,1.0,True,2,1,0.6111111111111112,17
geo,0.002,21,True,21104,True,2050,1.0,True,2,1,0.2777777777777778,17
geo,0.002,22,True,22100,True,900,1.0,True,2,1,0.6470588235294118,13
geo,0.002,22,True,22101,True,950,1.0,True,2,1,0.7058823529411765,13
geo,0.002,22,True,22102,True,900,1.0,True,2,1,0.29411764705882354,13
geo,0.002,22,True,22103,True,950,1.0,True,2,1,0.5294117647058824,13
geo,0.002,22,True,22104,True,900,1.0,True,2,1,0.6470588235294118,13
geo,0.002,23,True,23100,True,1900,1.0,True,2,1,0.5882352941176471,13
geo,0.002,23,True,23101,True,1000,1.0,True,2,1,0.6470588235294118,13
geo,0.002,23,True,23102,True,1100,1.0,True,2,1,0.47058823529411764,13
geo,0.002,23,True,23103,True,950,1.0,True,2,1,0.6470588235294118,13
geo,0.002,23,True,23104,True,950,1.0,True,2,1,0.7058823529411765,13
geo,0.002,24,True,24100,True,850,1.0,True,2,1,0.7692307692307693,7
geo,0.002,24,True,24101,True,850,1.0,True,2,1,0.7692307692307693,7
geo,0.002,24,True,24102,True,800,1.0,True,2,1,0.7692307692307693,7
geo,0.002,24,True,24103,True,2200,1.0,True,2,1,0.5384615384615384,7
geo,0.002,24,True,24104,True,800,1.0,True,2,1,0.6153846153846154,7
geo,0.002,25,True,25100,True,900,1.0,True,2,1,0.7333333333333333,10
geo,0.002,25,True,25101,True,1500,1.0,True,2,1,0.6,10
geo,0.002,25,True,25102,True,900,1.0,True,2,1,0.6666666666666666,10
geo,0.002,25,True,25103,True,850,1.0,True,2,1,0.6666666666666666,10
geo,0.002,25,True,25104,True,800,1.0,True,2,1,0.7333333333333333,10
geo,0.002,26,True,26100,True,1150,1.0,True,2,1,0.5882352941176471,14
geo,0.002,26,True,26101,True,900,1.0,True,2,1,0.6470588235294118,14
geo,0.002,26,True,26102,True,1450,1.0,True,2,1,0.47058823529411764,14
geo,0.002,26,True,26103,True,2950,1.0,True,2,1,0.6470588235294118,14
geo,0.002,26,True,26104,True,1400,1.0,True,2,1,0.5882352941176471,14
geo,0.002,27,True,27100,True,1500,1.0,True,2,1,0.4666666666666667,9
geo,0.002,27,True,27101,True,1300,1.0,True,2,1,0.5333333333333333,9
geo,0.002,27,True,27102,True,1950,1.0,True,2,1,0.8,9
geo,0.002,27,True,27103,True,800,1.0,True,2,1,0.6,9
geo,0.002,27,True,27104,True,1050,1.0,False,,1,0.4666666666666667,9
geo,0.002,28,True,28100,True,900,1.0,True,2,1,0.5,9
geo,0.002,28,True,28101,True,1000,1.0,True,2,1,0.5714285714285714,9
geo,0.002,28,True,28102,True,1950,1.0,True,2,1,0.5,9
geo,0.002,28,True,28103,True,950,1.0,True,2,1,0.6428571428571429,9
geo,0.002,28,True,28104,True,1450,1.0,True,2,1,0.5,9
geo,0.002,29,True,29100,True,850,1.0,True,2,1,0.5333333333333333,10
geo,0.002,29,True,29101,True,800,1.0,True,2,1,0.6666666666666666,10
geo,0.002,29,True,29102,True,850,1.0,True,2,1,0.4666666666666667,10
geo,0.002,29,True,29103,True,800,1.0,True,2,1,0.7333333333333333,10
geo,0.002,29,True,29104,True,850,1.0,True,2,1,0.7333333333333333,10
geo,0.005,0,True,100,True,1600,1.0,True,2,1,0.3333333333333333,10
geo,0.005,0,True,101,True,850,1.0,True,2,1,0.4666666666666667,10
geo,0.005,0,True,102,True,900,1.0,True,2,1,0.5333333333333333,10
geo,0.005,0,True,103,True,800,1.0,True,2,1,0.6666666666666666,10
geo,0.005,0,True,104,True,4700,1.0,True,2,1,0.6,10
geo,0.005,1,True,1100,True,1400,1.0,True,2,1,0.625,11
geo,0.005,1,True,1101,True,2950,1.0,True,2,1,0.625,11
geo,0.005,1,True,1102,True,1500,1.0,True,2,1,0.5,11
geo,0.005,1,True,1103,True,1150,1.0,True,2,1,0.4375,11
geo,0.005,1,True,1104,True,1700,1.0,True,1,1,0.5,11
geo,0.005,2,True,2100,True,2150,1.0,True,2,1,0.4375,11
geo,0.005,2,True,2101,True,1250,1.0,True,2,1,0.4375,11
geo,0.005,2,True,2102,True,2650,1.0,True,2,1,0.5,11
geo,0.005,2,True,2103,True,800,1.0,True,2,1,0.6875,11
geo,0.005,2,True,2104,True,850,1.0,True,2,1,0.625,11
geo,0.005,3,True,3100,True,1550,1.0,True,2,1,0.5714285714285714,9
geo,0.005,3,True,3101,True,1400,1.0,True,2,1,0.6428571428571429,9
geo,0.005,3,True,3102,True,850,1.0,True,2,1,0.7857142857142857,9
geo,0.005,3,True,3103,True,2050,1.0,True,2,1,0.5714285714285714,9
geo,0.005,3,True,3104,True,6150,1.0,True,2,1,0.7857142857142857,9
geo,0.005,4,True,4100,True,1100,1.0,False,,1,0.75,3
geo,0.005,4,True,4101,True,800,1.0,False,,1,0.9166666666666666,3
geo,0.005,4,True,4102,True,800,1.0,False,,1,0.9166666666666666,3
geo,0.005,4,True,4103,True,1550,1.0,False,,1,0.75,3
geo,0.005,4,True,4104,True,1600,1.0,False,,1,0.75,3
geo,0.005,5,True,5100,True,1450,1.0,True,2,1,0.7857142857142857,9
geo,0.005,5,True,5101,True,900,1.0,True,2,1,0.6428571428571429,9
geo,0.005,5,True,5102,True,900,1.0,True,2,1,0.42857142857142855,9
geo,0.005,5,True,5103,True,850,1.0,True,2,1,0.6428571428571429,9
geo,0.005,5,True,5104,True,3150,1.0,True,2,1,0.5714285714285714,9
geo,0.005,6,True,6100,True,800,1.0,True,2,1,0.7857142857142857,7
geo,0.005,6,True,6101,True,2150,1.0,False,,1,0.5714285714285714,7
geo,0.005,6,True,6102,True,1300,1.0,True,2,1,0.42857142857142855,7
geo,0.005,6,True,6103,True,800,1.0,False,,1,0.7857142857142857,7
geo,0.005,6,True,6104,True,1800,1.0,True,2,1,0.5,7
geo,0.005,7,True,7100,True,800,1.0,True,2,1,0.6,12
geo,0.005,7,True,7101,True,1200,1.0,True,2,1,0.6666666666666666,12
geo,0.005,7,True,7102,True,900,1.0,True,2,1,0.6666666666666666,12
geo,0.005,7,True,7103,True,1250,1.0,True,2,1,0.4666666666666667,12
geo,0.005,7,True,7104,True,1950,1.0,True,2,1,0.6666666666666666,12
geo,0.005,8,True,8100,True,850,1.0,True,2,1,0.7692307692307693,8
geo,0.005,8,True,8101,True,800,1.0,True,2,1,0.7692307692307693,8
geo,0.005,8,True,8102,True,800,1.0,True,2,1,0.6153846153846154,8
geo,0.005,8,True,8103,True,800,1.0,True,2,1,0.6153846153846154,8
geo,0.005,8,True,8104,True,1550,1.0,True,2,1,0.6923076923076923,8
geo,0.005,9,True,9100,True,800,1.0,True,2,1,0.75,11
geo,0.005,9,True,9101,True,1200,1.0,False,,1,0.5,11
geo,0.005,9,True,9102,True,950,1.0,True,2,1,0.6875,11
geo,0.005,9,True,9103,True,2950,1.0,True,2,1,0.3125,11
geo,0.005,9,True,9104,True,1400,1.0,False,,1,0.8125,11
geo,0.005,10,True,10100,True,1250,1.0,True,2,1,0.5333333333333333,10
geo,0.005,10,True,10101,True,2850,1.0,True,2,1,0.4666666666666667,10
geo,0.005,10,True,10102,True,2000,1.0,True,2,1,0.6666666666666666,10
geo,0.005,10,True,10103,True,3300,1.0,True,2,1,0.2,10
geo,0.005,10,True,10104,True,2900,1.0,True,2,1,0.6,10
geo,0.005,11,True,11100,True,2900,1.0,True,2,1,0.625,11
geo,0.005,11,True,11101,True,1750,1.0,True,2,1,0.625,11
geo,0.005,11,True,11102,True,2050,1.0,True,2,1,0.5625,11
geo,0.005,11,True,11103,True,850,1.0,True,2,1,0.6875,11
geo,0.005,11,True,11104,True,800,1.0,True,1,1,0.625,11
geo,0.005,12,True,12100,True,800,1.0,True,2,1,0.6428571428571429,8
geo,0.005,12,True,12101,True,1250,1.0,True,2,1,0.5714285714285714,8
geo,0.005,12,True,12102,True,900,1.0,True,2,1,0.5714285714285714,8
geo,0.005,12,True,12103,True,1150,1.0,True,2,1,0.42857142857142855,8
geo,0.005,12,True,12104,True,1750,1.0,True,2,1,0.6428571428571429,8
geo,0.005,13,True,13100,True,1350,1.0,True,2,1,0.6,10
geo,0.005,13,True,13101,True,1550,1.0,True,2,1,0.4666666666666667,10
geo,0.005,13,True,13102,True,1400,1.0,True,2,1,0.5333333333333333,10
geo,0.005,13,True,13103,True,3050,1.0,True,2,1,0.4666666666666667,10
geo,0.005,13,True,13104,True,1400,1.0,True,2,1,0.26666666666666666,10
geo,0.005,14,True,14100,True,1050,1.0,True,2,1,0.5294117647058824,15
geo,0.005,14,True,14101,True,4550,1.0,True,2,1,0.47058823529411764,15
geo,0.005,14,True,14102,True,1850,1.0,True,2,1,0.35294117647058826,15
geo,0.005,14,True,14103,True,2650,1.0,True,2,1,0.5294117647058824,15
geo,0.005,14,True,14104,True,4150,1.0,True,2,1,0.4117647058823529,15
geo,0.005,15,True,15100,True,850,1.0,True,3,2,0.5833333333333334,8
geo,0.005,15,True,15101,True,800,1.0,True,3,2,0.5833333333333334,8
geo,0.005,15,True,15102,True,850,1.0,True,3,2,0.5833333333333334,8
geo,0.005,15,True,15103,True,2200,1.0,True,3,2,0.5,8
geo,0.005,15,True,15104,True,1800,1.0,True,3,2,0.6666666666666666,8
geo,0.005,16,True,16100,True,1150,1.0,False,,1,0.8,7
geo,0.005,16,True,16101,True,2600,1.0,False,,1,0.6,7
geo,0.005,16,True,16102,True,1650,1.0,False,,1,0.8,7
geo,0.005,16,True,16103,True,800,1.0,False,,1,0.7333333333333333,7
geo,0.005,16,True,16104,True,1700,1.0,True,2,1,0.6666666666666666,7
geo,0.005,17,True,17100,True,1600,1.0,True,2,1,0.4666666666666667,10
geo,0.005,17,True,17101,True,950,1.0,True,2,1,0.6,10
geo,0.005,17,True,17102,True,1200,1.0,True,2,1,0.3333333333333333,10
geo,0.005,17,True,17103,True,850,1.0,True,2,1,0.6666666666666666,10
geo,0.005,17,True,17104,True,1500,1.0,True,2,1,0.6,10
geo,0.005,18,True,18100,True,1000,1.0,True,2,1,0.5789473684210527,19
geo,0.005,18,True,18101,True,1800,1.0,True,2,1,0.42105263157894735,19
geo,0.005,18,True,18102,True,1250,1.0,True,1,1,0.5263157894736842,19
geo,0.005,18,True,18103,True,800,1.0,True,2,1,0.6842105263157895,19
geo,0.005,18,True,18104,True,1900,1.0,True,2,1,0.3157894736842105,19
geo,0.005,19,True,19100,True,800,1.0,False,,1,0.6428571428571429,6
geo,0.005,19,True,19101,True,850,1.0,False,,1,0.7857142857142857,6
geo,0.005,19,True,19102,True,1450,1.0,False,,1,0.7857142857142857,6
geo,0.005,19,True,19103,True,900,1.0,True,2,1,0.7857142857142857,6
geo,0.005,19,True,19104,True,3000,1.0,False,,1,0.5,6
geo,0.005,20,True,20100,True,1450,1.0,True,2,1,0.45454545454545453,4
geo,0.005,20,True,20101,True,800,1.0,True,2,1,0.8181818181818182,4
geo,0.005,20,True,20102,True,1400,1.0,True,2,1,0.6363636363636364,4
geo,0.005,20,True,20103,True,1150,1.0,True,2,1,0.6363636363636364,4
geo,0.005,20,True,20104,True,800,1.0,True,2,1,0.6363636363636364,4
geo,0.005,21,True,21100,True,1000,1.0,True,2,1,0.5,17
geo,0.005,21,True,21101,True,2800,1.0,True,2,1,0.5,17
geo,0.005,21,True,21102,True,3000,1.0,True,2,1,0.6666666666666666,17
geo,0.005,21,True,21103,True,2100,1.0,True,2,1,0.4444444444444444,17
geo,0.005,21,True,21104,True,2750,1.0,True,2,1,0.3333333333333333,17
geo,0.005,22,True,22100,True,1750,1.0,True,2,1,0.5294117647058824,13
geo,0.005,22,True,22101,True,1300,1.0,True,2,1,0.7058823529411765,13
geo,0.005,22,True,22102,True,900,1.0,True,2,1,0.29411764705882354,13
geo,0.005,22,True,22103,True,950,1.0,True,2,1,0.5294117647058824,13
geo,0.005,22,True,22104,True,900,1.0,True,2,1,0.6470588235294118,13
geo,0.005,23,True,23100,True,2000,1.0,True,2,1,0.47058823529411764,13
geo,0.005,23,True,23101,True,1950,1.0,True,2,1,0.6470588235294118,13
geo,0.005,23,True,23102,True,1150,1.0,True,2,1,0.4117647058823529,13
geo,0.005,23,True,23103,True,950,1.0,True,2,1,0.6470588235294118,13
geo,0.005,23,True,23104,True,950,1.0,True,2,1,0.7058823529411765,13
geo,0.005,24,True,24100,True,850,1.0,True,2,1,0.7692307692307693,7
geo,0.005,24,True,24101,True,2850,1.0,True,2,1,0.6923076923076923,7
geo,0.005,24,True,24102,True,800,1.0,True,2,1,0.7692307692307693,7
geo,0.005,24,True,24103,True,2450,1.0,True,2,1,0.6153846153846154,7
geo,0.005,24,True,24104,True,1100,1.0,True,2,1,0.5384615384615384,7
geo,0.005,25,True,25100,True,3000,1.0,True,2,1,0.6,10
geo,0.005,25,True,25101,True,1500,1.0,True,2,1,0.6666666666666666,10
geo,0.005,25,True,25102,True,2250,1.0,True,2,1,0.5333333333333333,10
geo,0.005,25,True,25103,True,2450,1.0,True,2,1,0.3333333333333333,10
geo,0.005,25,True,25104,True,800,1.0,True,2,1,0.7333333333333333,10
geo,0.005,26,True,26100,True,1150,1.0,True,2,1,0.5882352941176471,14
geo,0.005,26,True,26101,True,2200,1.0,True,2,1,0.5294117647058824,14
geo,0.005,26,True,26102,True,4100,1.0,True,2,1,0.23529411764705882,14
geo,0.005,26,True,26103,True,3050,1.0,True,2,1,0.4117647058823529,14
geo,0.005,26,True,26104,True,1400,1.0,True,2,1,0.5882352941176471,14
geo,0.005,27,True,27100,True,1500,1.0,False,,1,0.4666666666666667,9
geo,0.005,27,True,27101,True,1800,1.0,False,,1,0.6666666666666666,9
geo,0.005,27,True,27102,True,1900,1.0,True,2,1,0.8,9
geo,0.005,27,True,27103,True,1200,1.0,True,2,1,0.4,9
geo,0.005,27,True,27104,True,2500,1.0,True,2,1,0.7333333333333333,9
geo,0.005,28,True,28100,True,900,1.0,True,2,1,0.5,9
geo,0.005,28,True,28101,True,1000,1.0,True,2,1,0.5714285714285714,9
geo,0.005,28,True,28102,True,1950,1.0,True,2,1,0.5,9
geo,0.005,28,True,28103,True,2500,1.0,True,2,1,0.5,9
geo,0.005,28,True,28104,True,1950,1.0,True,2,1,0.6428571428571429,9
geo,0.005,29,True,29100,True,1900,1.0,True,2,1,0.5333333333333333,10
geo,0.005,29,True,29101,True,4300,1.0,True,2,1,0.6,10
geo,0.005,29,True,29102,True,1200,1.0,True,2,1,0.4666666666666667,10
geo,0.005,29,True,29103,True,1750,1.0,True,2,1,0.4,10
geo,0.005,29,True,29104,True,1800,1.0,True,2,1,0.7333333333333333,10
geo,0.01,0,True,100,True,10150,1.0,True,2,1,0.5333333333333333,10
geo,0.01,0,True,101,True,850,1.0,True,2,1,0.4666666666666667,10
geo,0.01,0,True,102,True,2800,1.0,True,2,1,0.6666666666666666,10
geo,0.01,0,True,103,True,2700,1.0,True,2,1,0.4666666666666667,10
geo,0.01,0,True,104,True,900,1.0,True,2,1,0.5333333333333333,10
geo,0.01,1,True,1100,True,1400,1.0,True,2,1,0.6875,11
geo,0.01,1,True,1101,True,3000,1.0,True,2,1,0.625,11
geo,0.01,1,True,1102,True,2550,1.0,True,2,1,0.5,11
geo,0.01,1,True,1103,True,1250,1.0,True,2,1,0.625,11
geo,0.01,1,True,1104,True,1700,1.0,True,2,1,0.5,11
geo,0.01,2,True,2100,True,4150,1.0,True,2,1,0.4375,11
geo,0.01,2,True,2101,True,2000,1.0,True,2,1,0.6875,11
geo,0.01,2,True,2102,True,4650,1.0,True,2,1,0.625,11
geo,0.01,2,True,2103,True,15850,1.0,True,2,1,0.6875,11
geo,0.01,2,True,2104,True,2750,1.0,True,2,1,0.625,11
geo,0.01,3,True,3100,True,2350,1.0,True,2,1,0.5714285714285714,9
geo,0.01,3,True,3101,True,6850,1.0,True,2,1,0.6428571428571429,9
geo,0.01,3,True,3102,True,2750,1.0,True,2,1,0.6428571428571429,9
geo,0.01,3,True,3103,True,2700,1.0,True,2,1,0.7142857142857143,9
geo,0.01,3,True,3104,True,2650,1.0,True,2,1,0.5,9
geo,0.01,4,True,4100,True,2400,1.0,False,,1,0.4166666666666667,3
geo,0.01,4,True,4101,True,950,1.0,True,2,1,0.75,3
geo,0.01,4,True,4102,True,800,1.0,False,,1,0.9166666666666666,3
geo,0.01,4,True,4103,True,1550,1.0,False,,1,0.75,3
geo,0.01,4,True,4104,True,1600,1.0,False,,1,0.75,3
geo,0.01,5,True,5100,True,1700,1.0,True,2,1,0.7857142857142857,9
geo,0.01,5,True,5101,True,4550,1.0,True,2,1,0.5714285714285714,9
geo,0.01,5,True,5102,True,3550,1.0,True,2,1,0.5714285714285714,9
geo,0.01,5,True,5103,True,850,1.0,True,2,1,0.6428571428571429,9
geo,0.01,5,True,5104,True,2100,1.0,True,2,1,0.6428571428571429,9
geo,0.01,6,True,6100,True,3450,1.0,False,,1,0.5714285714285714,7
geo,0.01,6,True,6101,True,2150,1.0,False,,1,0.5714285714285714,7
geo,0.01,6,True,6102,True,2750,1.0,True,2,1,0.6428571428571429,7
geo,0.01,6,True,6103,True,800,1.0,False,,1,0.7857142857142857,7
geo,0.01,6,True,6104,True,1750,1.0,False,,1,0.5714285714285714,7
geo,0.01,7,True,7100,True,7250,1.0,True,2,1,0.4666666666666667,12
geo,0.01,7,True,7101,True,1200,1.0,True,2,1,0.6666666666666666,12
geo,0.01,7,True,7102,True,1650,1.0,True,2,1,0.6,12
geo,0.01,7,True,7103,True,1700,1.0,True,2,1,0.7333333333333333,12
geo,0.01,7,True,7104,True,2050,1.0,True,2,1,0.6666666666666666,12
geo,0.01,8,True,8100,True,2000,1.0,True,2,1,0.46153846153846156,8
geo,0.01,8,True,8101,True,1400,1.0,True,2,1,0.5384615384615384,8
geo,0.01,8,True,8102,True,800,1.0,True,2,1,0.6153846153846154,8
geo,0.01,8,True,8103,True,800,1.0,True,2,1,0.6153846153846154,8
geo,0.01,8,True,8104,True,1550,1.0,True,2,1,0.6923076923076923,8
geo,0.01,9,True,9100,True,5700,1.0,False,,1,0.75,11
geo,0.01,9,True,9101,True,1650,1.0,True,2,1,0.5625,11
geo,0.01,9,True,9102,True,3000,1.0,True,2,1,0.6875,11
geo,0.01,9,True,9103,True,3100,1.0,False,,1,0.5625,11
geo,0.01,9,True,9104,True,7500,1.0,False,,1,0.75,11
geo,0.01,10,True,10100,True,1350,1.0,True,2,1,0.5333333333333333,10
geo,0.01,10,True,10101,True,2550,1.0,True,2,1,0.4,10
geo,0.01,10,True,10102,True,4150,1.0,True,2,1,0.4666666666666667,10
geo,0.01,10,True,10103,True,800,1.0,True,2,1,0.6666666666666666,10
geo,0.01,10,True,10104,True,2800,1.0,True,2,1,0.6,10
geo,0.01,11,True,11100,True,8150,1.0,True,2,1,0.6875,11
geo,0.01,11,True,11101,True,3200,1.0,True,2,1,0.4375,11
geo,0.01,11,True,11102,True,2050,1.0,True,2,1,0.5625,11
geo,0.01,11,True,11103,True,2300,1.0,True,2,1,0.375,11
geo,0.01,11,True,11104,True,800,1.0,True,1,1,0.625,11
geo,0.01,12,True,12100,True,800,1.0,True,2,1,0.6428571428571429,8
geo,0.01,12,True,12101,True,3450,1.0,True,2,1,0.5714285714285714,8
geo,0.01,12,True,12102,True,7850,1.0,True,2,1,0.2857142857142857,8
geo,0.01,12,True,12103,True,1550,1.0,True,2,1,0.42857142857142855,8
geo,0.01,12,True,12104,True,2450,1.0,True,2,1,0.5714285714285714,8
geo,0.01,13,True,13100,True,3500,1.0,True,2,1,0.3333333333333333,10
geo,0.01,13,True,13101,True,2350,1.0,True,2,1,0.4,10
geo,0.01,13,True,13102,True,1400,1.0,True,2,1,0.5333333333333333,10
geo,0.01,13,True,13103,True,3550,1.0,True,2,1,0.26666666666666666,10
geo,0.01,13,True,13104,True,2750,1.0,True,2,1,0.2,10
geo,0.01,14,True,14100,True,11800,1.0,True,2,1,0.5882352941176471,15
geo,0.01,14,True,14101,True,4950,1.0,True,2,1,0.47058823529411764,15
geo,0.01,14,True,14102,True,2250,1.0,True,2,1,0.47058823529411764,15
geo,0.01,14,True,14103,True,8350,1.0,True,2,1,0.47058823529411764,15
geo,0.01,14,True,14104,True,1800,1.0,True,2,1,0.47058823529411764,15
geo,0.01,15,True,15100,True,2400,1.0,True,3,2,0.6666666666666666,8
geo,0.01,15,True,15101,True,5350,1.0,True,3,2,0.5,8
geo,0.01,15,True,15102,True,850,1.0,True,3,2,0.5833333333333334,8
geo,0.01,15,True,15103,True,6200,1.0,True,3,2,0.5,8
geo,0.01,15,True,15104,True,2750,1.0,True,3,2,0.5833333333333334,8
geo,0.01,16,True,16100,True,4950,1.0,False,,1,0.5333333333333333,7
geo,0.01,16,True,16101,True,3450,1.0,False,,1,0.6,7
geo,0.01,16,True,16102,True,4900,1.0,True,2,1,0.6666666666666666,7
geo,0.01,16,True,16103,True,800,1.0,False,,1,0.7333333333333333,7
geo,0.01,16,True,16104,True,4400,1.0,False,,1,0.7333333333333333,7
geo,0.01,17,True,17100,True,2150,1.0,True,2,1,0.4666666666666667,10
geo,0.01,17,True,17101,True,950,1.0,True,2,1,0.6,10
geo,0.01,17,True,17102,True,5000,1.0,True,2,1,0.6,10
geo,0.01,17,True,17103,True,850,1.0,True,2,1,0.3333333333333333,10
geo,0.01,17,True,17104,True,1600,1.0,True,2,1,0.6,10
geo,0.01,18,True,18100,True,9750,1.0,True,2,1,0.5263157894736842,19
geo,0.01,18,True,18101,True,4300,1.0,True,2,1,0.47368421052631576,19
geo,0.01,18,True,18102,True,1650,1.0,True,2,1,0.5263157894736842,19
geo,0.01,18,True,18103,True,5650,1.0,True,2,1,0.3157894736842105,19
geo,0.01,18,True,18104,True,2000,1.0,True,2,1,0.5789473684210527,19
geo,0.01,19,True,19100,True,2450,1.0,False,,1,0.6428571428571429,6
geo,0.01,19,True,19101,True,6600,1.0,True,2,1,0.6428571428571429,6
geo,0.01,19,True,19102,True,4050,1.0,True,2,1,0.5,6
geo,0.01,19,True,19103,True,4300,1.0,False,,1,0.6428571428571429,6
geo,0.01,19,True,19104,True,5350,1.0,False,,1,0.6428571428571429,6
geo,0.01,20,True,20100,True,2900,1.0,True,2,1,0.45454545454545453,4
geo,0.01,20,True,20101,True,850,1.0,True,2,1,0.45454545454545453,4
geo,0.01,20,True,20102,True,1400,1.0,True,2,1,0.6363636363636364,4
geo,0.01,20,True,20103,True,1800,1.0,True,2,1,0.6363636363636364,4
geo,0.01,20,True,20104,True,800,1.0,True,2,1,0.6363636363636364,4
geo,0.01,21,True,21100,True,6750,1.0,True,2,1,0.5,17
geo,0.01,21,True,21101,True,8700,1.0,True,2,1,0.5555555555555556,17
geo,0.01,21,True,21102,True,2950,1.0,True,2,1,0.6111111111111112,17
geo,0.01,21,True,21103,True,2150,1.0,True,2,1,0.6111111111111112,17
geo,0.01,21,True,21104,True,11150,1.0,True,2,1,0.6666666666666666,17
geo,0.01,22,True,22100,True,2300,1.0,True,2,1,0.5294117647058824,13
geo,0.01,22,True,22101,True,1450,1.0,True,2,1,0.23529411764705882,13
geo,0.01,22,True,22102,True,3150,1.0,True,2,1,0.7058823529411765,13
geo,0.01,22,True,22103,True,9900,1.0,True,2,1,0.5882352941176471,13
geo,0.01,22,True,22104,True,6700,1.0,True,2,1,0.47058823529411764,13
geo,0.01,23,True,23100,True,2050,1.0,True,2,1,0.6470588235294118,13
geo,0.01,23,True,23101,True,1950,1.0,True,2,1,0.5294117647058824,13
geo,0.01,23,True,23102,True,1150,1.0,True,2,1,0.4117647058823529,13
geo,0.01,23,True,23103,True,2650,1.0,True,2,1,0.6470588235294118,13
geo,0.01,23,True,23104,True,2150,1.0,True,2,1,0.5294117647058824,13
geo,0.01,24,True,24100,True,850,1.0,True,2,1,0.7692307692307693,7
geo,0.01,24,True,24101,True,3650,1.0,True,2,1,0.5384615384615384,7
geo,0.01,24,True,24102,True,850,1.0,True,2,1,0.7692307692307693,7
geo,0.01,24,True,24103,True,6850,1.0,True,2,1,0.5384615384615384,7
geo,0.01,24,True,24104,True,1250,1.0,True,2,1,0.6923076923076923,7
geo,0.01,25,True,25100,True,6600,1.0,True,2,1,0.6,10
geo,0.01,25,True,25101,True,9000,1.0,True,2,1,0.4666666666666667,10
geo,0.01,25,True,25102,True,2900,1.0,True,2,1,0.6,10
geo,0.01,25,True,25103,True,2400,1.0,True,2,1,0.6666666666666666,10
geo,0.01,25,True,25104,True,800,1.0,True,2,1,0.7333333333333333,10
geo,0.01,26,True,26100,True,12250,1.0,True,2,1,0.5294117647058824,14
geo,0.01,26,True,26101,True,10400,1.0,True,2,1,0.47058823529411764,14
geo,0.01,26,True,26102,True,5800,1.0,True,2,1,0.5882352941176471,14
geo,0.01,26,True,26103,True,4750,1.0,True,2,1,0.6470588235294118,14
geo,0.01,26,True,26104,True,1450,1.0,True,2,1,0.47058823529411764,14
geo,0.01,27,True,27100,True,3650,1.0,True,2,1,0.4,9
geo,0.01,27,True,27101,True,2600,1.0,False,,1,0.6666666666666666,9
geo,0.01,27,True,27102,True,2800,1.0,False,,1,0.5333333333333333,9
geo,0.01,27,True,27103,True,950,1.0,False,,1,0.6,9
geo,0.01,27,True,27104,True,7900,1.0,False,,1,0.4666666666666667,9
geo,0.01,28,True,28100,True,900,1.0,True,2,1,0.5714285714285714,9
geo,0.01,28,True,28101,True,1000,1.0,True,2,1,0.6428571428571429,9
geo,0.01,28,True,28102,True,5450,1.0,True,2,1,0.7142857142857143,9
geo,0.01,28,True,28103,True,800,1.0,True,2,1,0.5,9
geo,0.01,28,True,28104,True,1950,1.0,True,2,1,0.6428571428571429,9
geo,0.01,29,True,29100,True,1700,1.0,True,2,1,0.4666666666666667,10
geo,0.01,29,True,29101,True,6950,1.0,True,2,1,0.3333333333333333,10
geo,0.01,29,True,29102,True,13000,1.0,True,2,1,0.26666666666666666,10
geo,0.01,29,True,29103,True,1600,1.0,True,2,1,0.4666666666666667,10
geo,0.01,29,True,29104,True,10650,1.0,True,2,1,0.6666666666666666,10
geo,0.015,0,True,100,True,9500,1.0,True,2,1,0.6666666666666666,10
geo,0.015,0,True,101,True,6700,1.0,True,2,1,0.3333333333333333,10
geo,0.015,0,True,102,True,2900,1.0,True,2,1,0.6,10
geo,0.015,0,True,103,True,2650,1.0,True,2,1,0.6666666666666666,10
geo,0.015,0,True,104,True,1150,1.0,True,2,1,0.4,10
geo,0.015,1,True,1100,True,4050,1.0,True,2,1,0.25,11
geo,0.015,1,True,1101,True,22150,1.0,True,2,1,0.5625,11
geo,0.015,1,True,1102,True,5300,1.0,True,2,1,0.4375,11
geo,0.015,1,True,1103,True,1850,1.0,True,2,1,0.625,11
geo,0.015,1,True,1104,True,1700,1.0,True,2,1,0.5,11
geo,0.015,2,True,2100,True,9100,1.0,True,2,1,0.6875,11
geo,0.015,2,True,2101,True,25400,1.0,True,2,1,0.5625,11
geo,0.015,2,True,2102,True,15750,1.0,True,2,1,0.4375,11
geo,0.015,2,True,2103,True,6000,1.0,True,2,1,0.625,11
geo,0.015,2,True,2104,True,7100,1.0,True,2,1,0.5,11
geo,0.015,3,True,3100,True,1500,1.0,True,2,1,0.5714285714285714,9
geo,0.015,3,True,3101,True,6400,1.0,True,2,1,0.5714285714285714,9
geo,0.015,3,True,3102,True,2750,1.0,True,2,1,0.6428571428571429,9
geo,0.015,3,True,3103,True,1100,1.0,True,2,1,0.7142857142857143,9
geo,0.015,3,True,3104,True,2800,1.0,True,2,1,0.6428571428571429,9
geo,0.015,4,True,4100,True,800,1.0,False,,1,0.75,3
geo,0.015,4,True,4101,True,1950,1.0,False,,1,0.75,3
geo,0.015,4,True,4102,True,800,1.0,False,,1,0.9166666666666666,3
geo,0.015,4,True,4103,True,800,1.0,True,2,1,0.75,3
geo,0.015,4,True,4104,True,800,1.0,False,,1,0.75,3
geo,0.015,5,True,5100,True,1400,1.0,True,2,1,0.7857142857142857,9
geo,0.015,5,True,5101,True,4550,1.0,True,2,1,0.5,9
geo,0.015,5,True,5102,True,1950,1.0,True,2,1,0.5714285714285714,9
geo,0.015,5,True,5103,True,8800,1.0,True,2,1,0.42857142857142855,9
geo,0.015,5,True,5104,True,3100,1.0,True,2,1,0.7142857142857143,9
geo,0.015,6,True,6100,True,3450,1.0,True,2,1,0.7857142857142857,7
geo,0.015,6,True,6101,True,9650,1.0,False,,1,0.5714285714285714,7
geo,0.015,6,True,6102,True,3400,1.0,True,2,1,0.5,7
geo,0.015,6,True,6103,True,800,1.0,True,2,1,0.7857142857142857,7
geo,0.015,6,True,6104,True,1750,1.0,False,,1,0.5,7
geo,0.015,7,True,7100,True,12700,1.0,True,2,1,0.6666666666666666,12
geo,0.015,7,True,7101,True,5550,1.0,True,2,1,0.3333333333333333,12
geo,0.015,7,True,7102,True,16100,1.0,True,2,1,0.6,12
geo,0.015,7,True,7103,True,14400,1.0,True,2,1,0.6666666666666666,12
geo,0.015,7,True,7104,True,11050,1.0,True,2,1,0.6,12
geo,0.015,8,True,8100,True,3100,1.0,True,2,1,0.46153846153846156,8
geo,0.015,8,True,8101,True,1350,1.0,True,2,1,0.5384615384615384,8
geo,0.015,8,True,8102,True,4400,1.0,True,2,1,0.6923076923076923,8
geo,0.015,8,True,8103,True,800,1.0,True,2,1,0.6153846153846154,8
geo,0.015,8,True,8104,True,2350,1.0,True,2,1,0.5384615384615384,8
geo,0.015,9,True,9100,True,5650,1.0,True,2,1,0.6875,11
geo,0.015,9,True,9101,True,6000,1.0,False,,1,0.6875,11
geo,0.015,9,True,9102,True,1900,1.0,False,,1,0.75,11
geo,0.015,9,True,9103,True,3700,1.0,True,2,1,0.6875,11
geo,0.015,9,True,9104,True,12800,1.0,False,,1,0.5625,11
geo,0.015,10,True,10100,True,32050,1.0,True,2,1,0.5333333333333333,10
geo,0.015,10,True,10101,True,8750,1.0,True,2,1,0.5333333333333333,10
geo,0.015,10,True,10102,True,4450,1.0,True,2,1,0.4666666666666667,10
geo,0.015,10,True,10103,True,19150,1.0,True,2,1,0.5333333333333333,10
geo,0.015,10,True,10104,True,7900,1.0,True,2,1,0.3333333333333333,10
geo,0.015,11,True,11100,True,8250,1.0,True,2,1,0.1875,11
geo,0.015,11,True,11101,True,3050,1.0,True,2,1,0.5,11
geo,0.015,11,True,11102,True,9050,1.0,True,2,1,0.625,11
geo,0.015,11,True,11103,True,27250,1.0,True,2,1,0.5625,11
geo,0.015,11,True,11104,True,26550,1.0,True,2,1,0.4375,11
geo,0.015,12,True,12100,True,800,1.0,True,2,1,0.5714285714285714,8
geo,0.015,12,True,12101,True,1150,1.0,True,2,1,0.5714285714285714,8
geo,0.015,12,True,12102,True,2700,1.0,True,2,1,0.42857142857142855,8
geo,0.015,12,True,12103,True,5600,1.0,True,2,1,0.35714285714285715,8
geo,0.015,12,True,12104,True,4250,1.0,True,2,1,0.35714285714285715,8
geo,0.015,13,True,13100,True,7250,1.0,True,2,1,0.4,10
geo,0.015,13,True,13101,True,2350,1.0,True,2,1,0.6,10
geo,0.015,13,True,13102,True,1350,1.0,True,2,1,0.5333333333333333,10
geo,0.015,13,True,13103,True,7700,1.0,True,2,1,0.6,10
geo,0.015,13,True,13104,True,1350,1.0,True,2,1,0.7333333333333333,10
geo,0.015,14,True,14100,True,11650,1.0,True,2,1,0.4117647058823529,15
geo,0.015,14,True,14101,True,4900,1.0,True,2,1,0.47058823529411764,15
geo,0.015,14,True,14102,True,3000,1.0,True,2,1,0.5882352941176471,15
geo,0.015,14,True,14103,True,8000,1.0,True,2,1,0.47058823529411764,15
geo,0.015,14,True,14104,True,9300,1.0,True,2,1,0.35294117647058826,15
geo,0.015,15,True,15100,True,11000,1.0,True,3,2,0.75,8
geo,0.015,15,True,15101,True,10000,1.0,True,3,2,0.5,8
geo,0.015,15,True,15102,True,850,1.0,True,3,2,0.5833333333333334,8
geo,0.015,15,True,15103,True,7900,1.0,True,3,2,0.4166666666666667,8
geo,0.015,15,True,15104,True,2500,1.0,True,3,2,0.5,8
geo,0.015,16,True,16100,True,3900,1.0,False,,1,0.6666666666666666,7
geo,0.015,16,True,16101,True,4450,1.0,False,,1,0.6,7
geo,0.015,16,True,16102,True,4050,1.0,False,,1,0.5333333333333333,7
geo,0.015,16,True,16103,True,4500,1.0,False,,1,0.8,7
geo,0.015,16,True,16104,True,4300,1.0,False,,1,0.8,7
geo,0.015,17,True,17100,True,8000,1.0,True,2,1,0.4,10
geo,0.015,17,True,17101,True,22700,1.0,True,2,1,0.7333333333333333,10
geo,0.015,17,True,17102,True,7050,1.0,True,2,1,0.6666666666666666,10
geo,0.015,17,True,17103,True,18050,1.0,True,2,1,0.3333333333333333,10
geo,0.015,17,True,17104,True,1600,1.0,True,2,1,0.6,10
geo,0.015,18,True,18100,True,5800,1.0,True,2,1,0.47368421052631576,19
geo,0.015,18,True,18101,True,5300,1.0,True,2,1,0.5789473684210527,19
geo,0.015,18,True,18102,True,12450,1.0,True,2,1,0.2631578947368421,19
geo,0.015,18,True,18103,True,8650,1.0,True,2,1,0.47368421052631576,19
geo,0.015,18,True,18104,False,39999,0.631578947368421,False,,1,0.631578947368421,19
geo,0.015,19,True,19100,True,1950,1.0,False,,1,0.7857142857142857,6
geo,0.015,19,True,19101,True,2800,1.0,False,,1,0.5,6
geo,0.015,19,True,19102,True,10700,1.0,False,,1,0.5,6
geo,0.015,19,True,19103,True,2750,1.0,False,,1,0.7857142857142857,6
geo,0.015,19,True,19104,True,1900,1.0,False,,1,0.7857142857142857,6
geo,0.015,20,True,20100,True,2850,1.0,True,2,1,0.6363636363636364,4
geo,0.015,20,True,20101,True,3050,1.0,True,2,1,0.6363636363636364,4
geo,0.015,20,True,20102,True,2650,1.0,True,2,1,0.8181818181818182,4
geo,0.015,20,True,20103,True,1950,1.0,True,2,1,0.45454545454545453,4
geo,0.015,20,True,20104,True,5300,1.0,True,2,1,0.6363636363636364,4
geo,0.015,21,True,21100,True,10100,1.0,True,2,1,0.6111111111111112,17
geo,0.015,21,True,21101,True,8200,1.0,True,2,1,0.5555555555555556,17
geo,0.015,21,True,21102,True,5900,1.0,True,2,1,0.4444444444444444,17
geo,0.015,21,True,21103,True,5950,1.0,True,2,1,0.4444444444444444,17
geo,0.015,21,True,21104,True,15450,1.0,True,2,1,0.5,17
geo,0.015,22,True,22100,True,2250,1.0,True,2,1,0.35294117647058826,13
geo,0.015,22,True,22101,True,1450,1.0,True,2,1,0.23529411764705882,13
geo,0.015,22,True,22102,True,3100,1.0,True,2,1,0.4117647058823529,13
geo,0.015,22,True,22103,True,10150,1.0,True,2,1,0.5294117647058824,13
geo,0.015,22,True,22104,True,33800,1.0,True,2,1,0.5294117647058824,13
geo,0.015,23,True,23100,False,39999,0.6153846153846154,False,,1,0.5294117647058824,13
geo,0.015,23,True,23101,True,15750,1.0,True,2,1,0.5294117647058824,13
geo,0.015,23,True,23102,True,19850,1.0,True,2,1,0.5294117647058824,13
geo,0.015,23,True,23103,True,7000,1.0,True,2,1,0.6470588235294118,13
geo,0.015,23,True,23104,True,2450,1.0,True,2,1,0.47058823529411764,13
geo,0.015,24,True,24100,True,2650,1.0,True,2,1,0.46153846153846156,7
geo,0.015,24,True,24101,True,11300,1.0,True,2,1,0.6153846153846154,7
geo,0.015,24,True,24102,True,850,1.0,True,2,1,0.7692307692307693,7
geo,0.015,24,True,24103,True,15500,1.0,True,2,1,0.6153846153846154,7
geo,0.015,24,True,24104,True,1250,1.0,True,2,1,0.3076923076923077,7
geo,0.015,25,True,25100,True,6550,1.0,True,2,1,0.6666666666666666,10
geo,0.015,25,True,25101,True,11850,1.0,True,2,1,0.5333333333333333,10
geo,0.015,25,True,25102,True,2800,1.0,True,2,1,0.4,10
geo,0.015,25,True,25103,True,9400,1.0,True,2,1,0.6,10
geo,0.015,25,True,25104,True,800,1.0,True,2,1,0.7333333333333333,10
geo,0.015,26,True,26100,True,15800,1.0,True,2,1,0.5294117647058824,14
geo,0.015,26,True,26101,True,9950,1.0,True,2,1,0.5294117647058824,14
geo,0.015,26,True,26102,True,6300,1.0,True,2,1,0.47058823529411764,14
geo,0.015,26,True,26103,True,6700,1.0,True,2,1,0.35294117647058826,14
geo,0.015,26,True,26104,True,13150,1.0,True,2,1,0.35294117647058826,14
geo,0.015,27,True,27100,True,6200,1.0,False,,1,0.5333333333333333,9
geo,0.015,27,True,27101,True,2900,1.0,False,,1,0.6666666666666666,9
geo,0.015,27,True,27102,True,11950,1.0,False,,1,0.4666666666666667,9
geo,0.015,27,True,27103,True,6800,1.0,True,2,1,0.6666666666666666,9
geo,0.015,27,True,27104,True,9950,1.0,False,,1,0.6,9
geo,0.015,28,True,28100,True,900,1.0,True,2,1,0.5714285714285714,9
geo,0.015,28,True,28101,True,2850,1.0,True,2,1,0.5,9
geo,0.015,28,True,28102,True,5700,1.0,True,2,1,0.7142857142857143,9
geo,0.015,28,True,28103,True,1100,1.0,True,2,1,0.5,9
geo,0.015,28,True,28104,True,1900,1.0,True,2,1,0.6428571428571429,9
geo,0.015,29,True,29100,True,5950,1.0,True,2,1,0.2,10
geo,0.015,29,True,29101,True,6900,1.0,True,2,1,0.6,10
geo,0.015,29,True,29102,True,21600,1.0,True,2,1,0.6,10
geo,0.015,29,True,29103,True,5900,1.0,True,2,1,0.3333333333333333,10
geo,0.015,29,True,29104,True,10500,1.0,True,2,1,0.6666666666666666,10
geo,0.02,0,True,100,True,9400,1.0,True,2,1,0.6,10
geo,0.02,0,True,101,True,6650,1.0,True,2,1,0.6,10
geo,0.02,0,True,102,True,19700,1.0,True,2,1,0.6666666666666666,10
geo,0.02,0,True,103,False,39999,0.9,False,,1,0.6,10
geo,0.02,0,True,104,True,23950,1.0,True,2,1,0.26666666666666666,10
geo,0.02,1,True,1100,True,17900,1.0,True,2,1,0.5,11
geo,0.02,1,True,1101,True,19400,1.0,True,2,1,0.6875,11
geo,0.02,1,True,1102,True,5200,1.0,True,2,1,0.375,11
geo,0.02,1,True,1103,True,19150,1.0,True,2,1,0.75,11
geo,0.02,1,True,1104,True,23000,1.0,True,2,1,0.625,11
geo,0.02,2,True,2100,False,39999,0.8181818181818182,False,,1,0.6875,11
geo,0.02,2,True,2101,True,6450,1.0,True,2,1,0.1875,11
geo,0.02,2,True,2102,True,15400,1.0,True,2,1,0.4375,11
geo,0.02,2,True,2103,True,9600,1.0,True,2,1,0.1875,11
geo,0.02,2,True,2104,True,5200,1.0,True,2,1,0.5625,11
geo,0.02,3,True,3100,True,1300,1.0,True,2,1,0.7142857142857143,9
geo,0.02,3,True,3101,True,6700,1.0,True,2,1,0.5714285714285714,9
geo,0.02,3,True,3102,True,16950,1.0,True,2,1,0.5714285714285714,9
geo,0.02,3,True,3103,True,12400,1.0,True,2,1,0.6428571428571429,9
geo,0.02,3,True,3104,True,1250,1.0,True,2,1,0.7857142857142857,9
geo,0.02,4,True,4100,True,2750,1.0,False,,1,0.75,3
geo,0.02,4,True,4101,True,1050,1.0,True,2,1,0.75,3
geo,0.02,4,True,4102,True,6800,1.0,True,2,1,0.5833333333333334,3
geo,0.02,4,True,4103,True,800,1.0,False,,1,0.9166666666666666,3
geo,0.02,4,True,4104,True,800,1.0,False,,1,0.4166666666666667,3
geo,0.02,5,True,5100,True,1650,1.0,True,2,1,0.5,9
geo,0.02,5,True,5101,True,4450,1.0,True,2,1,0.5714285714285714,9
geo,0.02,5,True,5102,True,5050,1.0,True,2,1,0.5714285714285714,9
geo,0.02,5,True,5103,True,39600,1.0,True,2,1,0.42857142857142855,9
geo,0.02,5,True,5104,True,2050,1.0,True,2,1,0.7857142857142857,9
geo,0.02,6,True,6100,True,3400,1.0,False,,1,0.42857142857142855,7
geo,0.02,6,True,6101,True,6400,1.0,False,,1,0.35714285714285715,7
geo,0.02,6,True,6102,True,1200,1.0,False,,1,0.5,7
geo,0.02,6,True,6103,True,800,1.0,True,2,1,0.7857142857142857,7
geo,0.02,6,True,6104,True,5800,1.0,False,,1,0.6428571428571429,7
geo,0.02,7,True,7100,True,14400,1.0,True,2,1,0.4,12
geo,0.02,7,True,7101,True,30250,1.0,True,2,1,0.5333333333333333,12
geo,0.02,7,True,7102,True,15650,1.0,True,2,1,0.4666666666666667,12
geo,0.02,7,True,7103,False,39999,1.0,True,2,1,0.4666666666666667,12
geo,0.02,7,True,7104,True,10650,1.0,True,2,1,0.5333333333333333,12
geo,0.02,8,True,8100,True,3050,1.0,True,2,1,0.6153846153846154,8
geo,0.02,8,True,8101,True,4200,1.0,True,2,1,0.3076923076923077,8
geo,0.02,8,True,8102,True,5350,1.0,True,2,1,0.7692307692307693,8
geo,0.02,8,True,8103,True,800,1.0,True,2,1,0.6153846153846154,8
geo,0.02,8,True,8104,True,7550,1.0,True,2,1,0.6153846153846154,8
geo,0.02,9,True,9100,True,11450,1.0,False,,1,0.6875,11
geo,0.02,9,True,9101,False,39999,0.7272727272727273,False,,1,0.6875,11
geo,0.02,9,True,9102,False,39999,0.45454545454545453,False,,1,0.5,11
geo,0.02,9,True,9103,True,3650,1.0,True,2,1,0.5,11
geo,0.02,9,True,9104,True,12400,1.0,False,,1,0.625,11
geo,0.02,10,True,10100,True,2550,1.0,True,2,1,0.26666666666666666,10
geo,0.02,10,True,10101,True,6650,1.0,True,2,1,0.6,10
geo,0.02,10,True,10102,True,11750,1.0,True,2,1,0.3333333333333333,10
geo,0.02,10,True,10103,True,36100,1.0,True,2,1,0.5333333333333333,10
geo,0.02,10,True,10104,True,7950,1.0,True,2,1,0.6666666666666666,10
geo,0.02,11,True,11100,True,7750,1.0,True,2,1,0.5,11
geo,0.02,11,True,11101,True,39950,1.0,True,2,1,0.625,11
geo,0.02,11,True,11102,True,9150,1.0,True,2,1,0.5,11
geo,0.02,11,True,11103,False,39999,0.5454545454545454,False,,1,0.5625,11
geo,0.02,11,True,11104,True,20300,1.0,True,2,1,0.625,11
geo,0.02,12,True,12100,True,6000,1.0,True,1,1,0.42857142857142855,8
geo,0.02,12,True,12101,True,1150,1.0,True,2,1,0.5714285714285714,8
geo,0.02,12,True,12102,True,10300,1.0,True,2,1,0.2857142857142857,8
geo,0.02,12,True,12103,True,2450,1.0,True,2,1,0.7142857142857143,8
geo,0.02,12,True,12104,False,39999,1.0,True,2,1,0.5714285714285714,8
geo,0.02,13,True,13100,True,10550,1.0,True,2,1,0.6,10
geo,0.02,13,True,13101,False,39999,1.0,True,2,1,0.3333333333333333,10
geo,0.02,13,True,13102,True,4750,1.0,True,2,1,0.7333333333333333,10
geo,0.02,13,True,13103,False,39999,1.0,True,2,1,0.6666666666666666,10
geo,0.02,13,True,13104,True,6750,1.0,True,2,1,0.6,10
geo,0.02,14,True,14100,True,11150,1.0,True,2,1,0.6470588235294118,15
geo,0.02,14,True,14101,True,25550,1.0,True,2,1,0.4117647058823529,15
geo,0.02,14,True,14102,True,13750,1.0,True,2,1,0.5294117647058824,15
geo,0.02,14,True,14103,True,7650,1.0,True,2,1,0.5294117647058824,15
geo,0.02,14,True,14104,False,39999,0.9333333333333333,False,,1,0.47058823529411764,15
geo,0.02,15,True,15100,True,10950,1.0,True,3,2,0.5,8
geo,0.02,15,True,15101,True,18650,1.0,True,3,2,0.4166666666666667,8
geo,0.02,15,True,15102,True,13600,1.0,True,3,2,0.5,8
geo,0.02,15,True,15103,True,8900,1.0,True,3,2,0.5,8
geo,0.02,15,True,15104,True,3700,1.0,True,3,2,0.6666666666666666,8
geo,0.02,16,True,16100,True,15050,1.0,False,,1,0.4,7
geo,0.02,16,True,16101,True,2350,1.0,False,,1,0.8,7
geo,0.02,16,True,16102,True,9450,1.0,False,,1,0.5333333333333333,7
geo,0.02,16,True,16103,False,39999,1.0,False,,1,0.6,7
geo,0.02,16,True,16104,True,2450,1.0,False,,1,0.8,7
geo,0.02,17,True,17100,True,19800,1.0,True,2,1,0.4,10
geo,0.02,17,True,17101,True,20250,1.0,True,2,1,0.8,10
geo,0.02,17,True,17102,True,28550,1.0,True,2,1,0.6666666666666666,10
geo,0.02,17,True,17103,True,5200,1.0,True,2,1,0.6,10
geo,0.02,17,True,17104,True,6700,1.0,True,2,1,0.5333333333333333,10
geo,0.02,18,True,18100,True,16350,1.0,True,2,1,0.42105263157894735,19
geo,0.02,18,True,18101,False,39999,1.0,True,2,1,0.5789473684210527,19
geo,0.02,18,True,18102,True,18150,1.0,True,2,1,0.5789473684210527,19
geo,0.02,18,True,18103,True,8350,1.0,True,2,1,0.47368421052631576,19
geo,0.02,18,True,18104,False,39999,0.7368421052631579,False,,1,0.5789473684210527,19
geo,0.02,19,True,19100,True,2000,1.0,False,,1,0.6428571428571429,6
geo,0.02,19,True,19101,True,2850,1.0,False,,1,0.6428571428571429,6
geo,0.02,19,True,19102,True,14700,1.0,True,2,1,0.6428571428571429,6
geo,0.02,19,True,19103,True,4200,1.0,False,,1,0.6428571428571429,6
geo,0.02,19,True,19104,True,5300,1.0,False,,1,0.6428571428571429,6
geo,0.02,20,True,20100,True,2850,1.0,True,2,1,0.45454545454545453,4
geo,0.02,20,True,20101,True,4850,1.0,True,2,1,0.6363636363636364,4
geo,0.02,20,True,20102,True,3300,1.0,True,2,1,0.8181818181818182,4
geo,0.02,20,True,20103,True,1800,1.0,True,2,1,0.45454545454545453,4
geo,0.02,20,True,20104,True,2650,1.0,True,2,1,0.6363636363636364,4
geo,0.02,21,True,21100,True,17100,1.0,True,2,1,0.5,17
geo,0.02,21,True,21101,True,32400,1.0,True,2,1,0.6111111111111112,17
geo,0.02,21,True,21102,True,5850,1.0,True,2,1,0.5,17
geo,0.02,21,True,21103,True,6100,1.0,True,2,1,0.3888888888888889,17
geo,0.02,21,True,21104,False,39999,0.6470588235294118,False,,1,0.5555555555555556,17
geo,0.02,22,True,22100,False,39999,0.7692307692307693,False,,1,0.5882352941176471,13
geo,0.02,22,True,22101,True,1450,1.0,True,2,1,0.5294117647058824,13
geo,0.02,22,True,22102,True,1550,1.0,True,2,1,0.5294117647058824,13
geo,0.02,22,True,22103,True,9800,1.0,True,2,1,0.7058823529411765,13
geo,0.02,22,True,22104,False,39999,0.7692307692307693,False,,1,0.35294117647058826,13
geo,0.02,23,True,23100,False,39999,0.9230769230769231,False,,1,0.47058823529411764,13
geo,0.02,23,True,23101,True,37450,1.0,True,2,1,0.47058823529411764,13
geo,0.02,23,True,23102,True,20500,1.0,True,2,1,0.4117647058823529,13
geo,0.02,23,True,23103,True,6850,1.0,True,2,1,0.6470588235294118,13
geo,0.02,23,True,23104,True,11200,1.0,True,2,1,0.4117647058823529,13
geo,0.02,24,True,24100,True,3850,1.0,True,2,1,0.38461538461538464,7
geo,0.02,24,True,24101,True,11550,1.0,True,2,1,0.3076923076923077,7
geo,0.02,24,True,24102,True,950,1.0,True,2,1,0.6153846153846154,7
geo,0.02,24,True,24103,True,15250,1.0,True,2,1,0.7692307692307693,7
geo,0.02,24,True,24104,True,1250,1.0,True,2,1,0.3076923076923077,7
geo,0.02,25,True,25100,True,8050,1.0,True,2,1,0.6,10
geo,0.02,25,True,25101,True,9800,1.0,True,2,1,0.6666666666666666,10
geo,0.02,25,True,25102,True,36000,1.0,True,2,1,0.3333333333333333,10
geo,0.02,25,True,25103,True,9850,1.0,True,2,1,0.4,10
geo,0.02,25,True,25104,True,800,1.0,True,2,1,0.7333333333333333,10
geo,0.02,26,True,26100,True,23150,1.0,True,2,1,0.6470588235294118,14
geo,0.02,26,True,26101,True,34300,1.0,True,2,1,0.47058823529411764,14
geo,0.02,26,True,26102,False,39999,0.7857142857142857,False,,1,0.5294117647058824,14
geo,0.02,26,True,26103,True,6600,1.0,True,2,1,0.5882352941176471,14
geo,0.02,26,True,26104,True,39550,1.0,True,2,1,0.35294117647058826,14
geo,0.02,27,True,27100,True,6250,1.0,False,,1,0.5333333333333333,9
geo,0.02,27,True,27101,True,17600,1.0,False,,1,0.4,9
geo,0.02,27,True,27102,False,39999,1.0,False,,1,0.5333333333333333,9
geo,0.02,27,True,27103,True,18300,1.0,False,,1,0.8,9
geo,0.02,27,True,27104,True,10750,1.0,True,2,1,0.6666666666666666,9
geo,0.02,28,True,28100,True,8800,1.0,True,2,1,0.42857142857142855,9
geo,0.02,28,True,28101,True,17050,1.0,True,2,1,0.6428571428571429,9
geo,0.02,28,True,28102,True,8350,1.0,True,2,1,0.5,9
geo,0.02,28,True,28103,True,15000,1.0,True,2,1,0.5,9
geo,0.02,28,True,28104,True,3400,1.0,True,2,1,0.6428571428571429,9
geo,0.02,29,True,29100,True,37200,1.0,True,2,1,0.3333333333333333,10
geo,0.02,29,True,29101,True,17450,1.0,True,2,1,0.6,10
geo,0.02,29,True,29102,True,21350,1.0,True,2,1,0.3333333333333333,10
geo,0.02,29,True,29103,True,10200,1.0,True,2,1,0.5333333333333333,10
geo,0.02,29,True,29104,True,10450,1.0,True,2,1,0.6,10
geo,0.03,0,True,100,True,5100,1.0,True,2,1,0.6,10
geo,0.03,0,True,101,False,39999,0.7,False,,1,0.4666666666666667,10
geo,0.03,0,True,102,False,39999,0.6,False,,1,0.6666666666666666,10
geo,0.03,0,True,103,True,32500,1.0,True,2,1,0.6666666666666666,10
geo,0.03,0,True,104,False,39999,1.0,True,2,1,0.8,10
geo,0.03,1,True,1100,False,39999,0.8181818181818182,False,,1,0.75,11
geo,0.03,1,True,1101,True,26900,1.0,True,2,1,0.4375,11
geo,0.03,1,True,1102,False,39999,0.6363636363636364,False,,1,0.5,11
geo,0.03,1,True,1103,False,39999,1.0,True,2,1,0.5625,11
geo,0.03,1,True,1104,False,39999,0.9090909090909091,False,,1,0.5625,11
geo,0.03,2,True,2100,False,39999,1.0,True,2,1,0.375,11
geo,0.03,2,True,2101,True,37650,1.0,True,2,1,0.4375,11
geo,0.03,2,True,2102,False,39999,0.5454545454545454,False,,1,0.5625,11
geo,0.03,2,True,2103,False,39999,0.5454545454545454,False,,1,0.625,11
geo,0.03,2,True,2104,False,39999,0.7272727272727273,False,,1,0.625,11
geo,0.03,3,True,3100,True,11550,1.0,True,2,1,0.5714285714285714,9
geo,0.03,3,True,3101,False,39999,1.0,True,2,1,0.5714285714285714,9
geo,0.03,3,True,3102,False,39999,0.5555555555555556,False,,1,0.6428571428571429,9
geo,0.03,3,True,3103,False,39999,1.0,True,1,1,0.6428571428571429,9
geo,0.03,3,True,3104,False,39999,1.0,True,2,1,0.42857142857142855,9
geo,0.03,4,True,4100,True,1450,1.0,True,2,1,0.75,3
geo,0.03,4,True,4101,True,5200,1.0,False,,1,0.75,3
geo,0.03,4,True,4102,True,850,1.0,False,,1,0.9166666666666666,3
geo,0.03,4,True,4103,True,800,1.0,False,,1,0.9166666666666666,3
geo,0.03,4,True,4104,True,3050,1.0,False,,1,0.75,3
geo,0.03,5,True,5100,True,5700,1.0,True,2,1,0.42857142857142855,9
geo,0.03,5,True,5101,True,13750,1.0,True,2,1,0.2857142857142857,9
geo,0.03,5,True,5102,False,39999,0.6666666666666666,False,,1,0.5714285714285714,9
geo,0.03,5,True,5103,False,39999,1.0,True,2,1,0.5,9
geo,0.03,5,True,5104,True,19450,1.0,True,2,1,0.5714285714285714,9
geo,0.03,6,True,6100,True,22900,1.0,True,2,1,0.7857142857142857,7
geo,0.03,6,True,6101,False,39999,0.7142857142857143,False,,1,0.5714285714285714,7
geo,0.03,6,True,6102,False,39999,0.7142857142857143,False,,1,0.5714285714285714,7
geo,0.03,6,True,6103,True,37500,1.0,True,2,1,0.6428571428571429,7
geo,0.03,6,True,6104,True,15550,1.0,True,2,1,0.5,7
geo,0.03,7,True,7100,False,39999,1.0,True,2,1,0.26666666666666666,12
geo,0.03,7,True,7101,False,39999,0.75,False,,1,0.7333333333333333,12
geo,0.03,7,True,7102,False,39999,1.0,True,2,1,0.6,12
geo,0.03,7,True,7103,False,39999,1.0,True,2,1,0.6,12
geo,0.03,7,True,7104,False,39999,1.0,True,2,1,0.13333333333333333,12
geo,0.03,8,True,8100,True,15800,1.0,True,2,1,0.6153846153846154,8
geo,0.03,8,True,8101,False,39999,1.0,True,2,1,0.7692307692307693,8
geo,0.03,8,True,8102,False,39999,0.625,False,,1,0.5384615384615384,8
geo,0.03,8,True,8103,True,22550,1.0,True,2,1,0.5384615384615384,8
geo,0.03,8,True,8104,True,27050,1.0,True,2,1,0.6153846153846154,8
geo,0.03,9,True,9100,True,15200,1.0,True,2,1,0.4375,11
geo,0.03,9,True,9101,False,39999,1.0,True,2,1,0.375,11
geo,0.03,9,True,9102,False,39999,1.0,True,2,1,0.5,11
geo,0.03,9,True,9103,False,39999,0.8181818181818182,False,,1,0.4375,11
geo,0.03,9,True,9104,False,39999,0.7272727272727273,False,,1,0.625,11
geo,0.03,10,True,10100,False,39999,1.0,True,2,1,0.4,10
geo,0.03,10,True,10101,True,6550,1.0,True,2,1,0.5333333333333333,10
geo,0.03,10,True,10102,True,21000,1.0,True,2,1,0.6666666666666666,10
geo,0.03,10,True,10103,False,39999,1.0,True,2,1,0.7333333333333333,10
geo,0.03,10,True,10104,False,39999,0.7,False,,1,0.4,10
geo,0.03,11,True,11100,False,39999,0.8181818181818182,False,,1,0.4375,11
geo,0.03,11,True,11101,False,39999,0.8181818181818182,False,,1,0.625,11
geo,0.03,11,True,11102,True,8650,1.0,True,2,1,0.5,11
geo,0.03,11,True,11103,False,39999,0.45454545454545453,False,,1,0.4375,11
geo,0.03,11,True,11104,False,39999,0.6363636363636364,False,,1,0.625,11
geo,0.03,12,True,12100,False,39999,1.0,True,2,1,0.5714285714285714,8
geo,0.03,12,True,12101,False,39999,1.0,True,2,1,0.5,8
geo,0.03,12,True,12102,True,9950,1.0,True,2,1,0.5714285714285714,8
geo,0.03,12,True,12103,False,39999,1.0,True,2,1,0.35714285714285715,8
geo,0.03,12,True,12104,False,39999,1.0,True,2,1,0.6428571428571429,8
geo,0.03,13,True,13100,False,39999,1.0,True,2,1,0.4,10
geo,0.03,13,True,13101,False,39999,0.5,False,,1,0.6,10
geo,0.03,13,True,13102,False,39999,1.0,True,2,1,0.4666666666666667,10
geo,0.03,13,True,13103,False,39999,1.0,True,2,1,0.6,10
geo,0.03,13,True,13104,True,6650,1.0,True,2,1,0.7333333333333333,10
geo,0.03,14,True,14100,False,39999,0.8666666666666667,False,,1,0.47058823529411764,15
geo,0.03,14,True,14101,False,39999,1.0,True,2,1,0.5882352941176471,15
geo,0.03,14,True,14102,False,39999,1.0,True,2,1,0.5882352941176471,15
geo,0.03,14,True,14103,False,39999,0.6666666666666666,False,,1,0.5294117647058824,15
geo,0.03,14,True,14104,False,39999,0.7333333333333333,False,,1,0.47058823529411764,15
geo,0.03,15,True,15100,True,33350,1.0,True,3,2,0.3333333333333333,8
geo,0.03,15,True,15101,False,39999,0.5,False,,2,0.3333333333333333,8
geo,0.03,15,True,15102,True,17350,1.0,True,3,2,0.3333333333333333,8
geo,0.03,15,True,15103,True,13350,1.0,True,3,2,0.5833333333333334,8
geo,0.03,15,True,15104,False,39999,0.875,False,,2,0.4166666666666667,8
geo,0.03,16,True,16100,True,4650,1.0,False,,1,0.5333333333333333,7
geo,0.03,16,True,16101,True,32650,1.0,False,,1,0.7333333333333333,7
geo,0.03,16,True,16102,False,39999,1.0,True,2,1,0.6666666666666666,7
geo,0.03,16,True,16103,False,39999,0.8571428571428571,False,,1,0.6,7
geo,0.03,16,True,16104,True,2350,1.0,True,2,1,0.5333333333333333,7
geo,0.03,17,True,17100,False,39999,1.0,True,2,1,0.6666666666666666,10
geo,0.03,17,True,17101,True,19800,1.0,True,2,1,0.4666666666666667,10
geo,0.03,17,True,17102,False,39999,1.0,True,2,1,0.4666666666666667,10
geo,0.03,17,True,17103,False,39999,0.5,False,,1,0.4666666666666667,10
geo,0.03,17,True,17104,False,39999,1.0,True,2,1,0.5333333333333333,10
geo,0.03,18,True,18100,False,39999,0.631578947368421,False,,1,0.47368421052631576,19
geo,0.03,18,True,18101,False,39999,1.0,True,2,1,0.5789473684210527,19
geo,0.03,18,True,18102,False,39999,1.0,True,2,1,0.47368421052631576,19
geo,0.03,18,True,18103,False,39999,0.9473684210526315,False,,1,0.2631578947368421,19
geo,0.03,18,True,18104,False,39999,0.6842105263157895,False,,1,0.631578947368421,19
geo,0.03,19,True,19100,True,16550,1.0,False,,1,0.6428571428571429,6
geo,0.03,19,True,19101,True,32800,1.0,False,,1,0.6428571428571429,6
geo,0.03,19,True,19102,True,11850,1.0,False,,1,0.7857142857142857,6
geo,0.03,19,True,19103,True,35200,1.0,False,,1,0.5,6
geo,0.03,19,True,19104,True,28900,1.0,False,,1,0.5,6
geo,0.03,20,True,20100,True,5500,1.0,True,2,1,0.6363636363636364,4
geo,0.03,20,True,20101,True,7500,1.0,True,2,1,0.6363636363636364,4
geo,0.03,20,True,20102,True,5500,1.0,True,2,1,0.6363636363636364,4
geo,0.03,20,True,20103,True,7650,1.0,True,2,1,0.45454545454545453,4
geo,0.03,20,True,20104,True,5150,1.0,True,2,1,0.8181818181818182,4
geo,0.03,21,True,21100,False,39999,0.8823529411764706,False,,1,0.5555555555555556,17
geo,0.03,21,True,21101,False,39999,1.0,True,2,1,0.5555555555555556,17
geo,0.03,21,True,21102,False,39999,1.0,True,2,1,0.5,17
geo,0.03,21,True,21103,False,39999,0.8235294117647058,False,,1,0.5555555555555556,17
geo,0.03,21,True,21104,True,25750,1.0,True,2,1,0.5,17
geo,0.03,22,True,22100,False,39999,0.8461538461538461,False,,1,0.4117647058823529,13
geo,0.03,22,True,22101,False,39999,1.0,True,2,1,0.5294117647058824,13
geo,0.03,22,True,22102,False,39999,0.8461538461538461,False,,1,0.7647058823529411,13
geo,0.03,22,True,22103,True,35050,1.0,True,1,1,0.5294117647058824,13
geo,0.03,22,True,22104,False,39999,1.0,True,2,1,0.4117647058823529,13
geo,0.03,23,True,23100,False,39999,0.5384615384615384,False,,1,0.5882352941176471,13
geo,0.03,23,True,23101,False,39999,1.0,True,2,1,0.4117647058823529,13
geo,0.03,23,True,23102,False,39999,0.9230769230769231,False,,1,0.17647058823529413,13
geo,0.03,23,True,23103,False,39999,0.8461538461538461,False,,1,0.5882352941176471,13
geo,0.03,23,True,23104,False,39999,1.0,True,2,1,0.5882352941176471,13
geo,0.03,24,True,24100,True,34000,1.0,True,2,1,0.3076923076923077,7
geo,0.03,24,True,24101,True,12250,1.0,True,2,1,0.5384615384615384,7
geo,0.03,24,True,24102,False,39999,1.0,True,2,1,0.6153846153846154,7
geo,0.03,24,True,24103,True,14900,1.0,True,2,1,0.5384615384615384,7
geo,0.03,24,True,24104,True,16450,1.0,True,2,1,0.6153846153846154,7
geo,0.03,25,True,25100,False,39999,0.7,False,,1,0.4666666666666667,10
geo,0.03,25,True,25101,False,39999,0.7,False,,1,0.4,10
geo,0.03,25,True,25102,False,39999,0.7,False,,1,0.6,10
geo,0.03,25,True,25103,False,39999,0.8,False,,1,0.6,10
geo,0.03,25,True,25104,True,800,1.0,True,2,1,0.7333333333333333,10
geo,0.03,26,True,26100,False,39999,1.0,True,2,1,0.5882352941176471,14
geo,0.03,26,True,26101,False,39999,0.9285714285714286,False,,1,0.5882352941176471,14
geo,0.03,26,True,26102,False,39999,1.0,True,2,1,0.5294117647058824,14
geo,0.03,26,True,26103,False,39999,0.9285714285714286,False,,1,0.5294117647058824,14
geo,0.03,26,True,26104,False,39999,0.5714285714285714,False,,1,0.35294117647058826,14
geo,0.03,27,True,27100,True,6150,1.0,False,,1,0.4666666666666667,9
geo,0.03,27,True,27101,False,39999,0.6666666666666666,False,,1,0.5333333333333333,9
geo,0.03,27,True,27102,False,39999,1.0,True,2,1,0.7333333333333333,9
geo,0.03,27,True,27103,False,39999,0.6666666666666666,False,,1,0.6666666666666666,9
geo,0.03,27,True,27104,False,39999,1.0,False,,1,0.6,9
geo,0.03,28,True,28100,False,39999,0.5555555555555556,False,,1,0.7142857142857143,9
geo,0.03,28,True,28101,True,16850,1.0,True,2,1,0.5,9
geo,0.03,28,True,28102,False,39999,1.0,True,2,1,0.6428571428571429,9
geo,0.03,28,True,28103,False,39999,0.7777777777777778,False,,1,0.6428571428571429,9
geo,0.03,28,True,28104,False,39999,0.5555555555555556,False,,1,0.6428571428571429,9
geo,0.03,29,True,29100,False,39999,1.0,True,2,1,0.4666666666666667,10
geo,0.03,29,True,29101,False,39999,0.6,False,,1,0.4666666666666667,10
geo,0.03,29,True,29102,False,39999,1.0,True,2,1,0.6666666666666666,10
geo,0.03,29,True,29103,False,39999,1.0,True,2,1,0.4666666666666667,10
geo,0.03,29,True,29104,True,10100,1.0,True,2,1,0.4666666666666667,10
geo,0.05,0,True,100,False,39999,1.0,True,2,1,0.6666666666666666,10
geo,0.05,0,True,101,False,39999,1.0,True,2,1,0.4666666666666667,10
geo,0.05,0,True,102,False,39999,1.0,True,2,1,0.6666666666666666,10
geo,0.05,0,True,103,False,39999,0.6,False,,1,0.4666666666666667,10
geo,0.05,0,True,104,False,39999,0.9,False,,1,0.4,10
geo,0.05,1,True,1100,False,39999,1.0,True,2,1,0.5625,11
geo,0.05,1,True,1101,False,39999,0.6363636363636364,False,,1,0.375,11
geo,0.05,1,True,1102,False,39999,1.0,True,2,1,0.625,11
geo,0.05,1,True,1103,False,39999,1.0,True,2,1,0.375,11
geo,0.05,1,True,1104,False,39999,1.0,True,2,1,0.5625,11
geo,0.05,2,True,2100,False,39999,0.6363636363636364,False,,1,0.4375,11
geo,0.05,2,True,2101,False,39999,0.8181818181818182,False,,1,0.625,11
geo,0.05,2,True,2102,False,39999,0.8181818181818182,False,,1,0.5,11
geo,0.05,2,True,2103,False,39999,0.8181818181818182,False,,1,0.5625,11
geo,0.05,2,True,2104,False,39999,0.6363636363636364,False,,1,0.5625,11
geo,0.05,3,True,3100,False,39999,1.0,True,2,1,0.5714285714285714,9
geo,0.05,3,True,3101,False,39999,0.5555555555555556,False,,1,0.42857142857142855,9
geo,0.05,3,True,3102,False,39999,1.0,True,2,1,0.6428571428571429,9
geo,0.05,3,True,3103,False,39999,0.4444444444444444,False,,1,0.6428571428571429,9
geo,0.05,3,True,3104,False,39999,1.0,True,2,1,0.5714285714285714,9
geo,0.05,4,True,4100,True,4150,1.0,False,,1,0.75,3
geo,0.05,4,True,4101,True,15500,1.0,True,2,1,0.5833333333333334,3
geo,0.05,4,True,4102,True,7750,1.0,True,2,1,0.75,3
geo,0.05,4,True,4103,True,5450,1.0,True,2,1,0.75,3
geo,0.05,4,True,4104,False,39999,1.0,False,,1,0.5833333333333334,3
geo,0.05,5,True,5100,False,39999,0.5555555555555556,False,,1,0.42857142857142855,9
geo,0.05,5,True,5101,False,39999,1.0,True,2,1,0.5714285714285714,9
geo,0.05,5,True,5102,False,39999,0.8888888888888888,False,,1,0.35714285714285715,9
geo,0.05,5,True,5103,False,39999,0.6666666666666666,False,,1,0.5,9
geo,0.05,5,True,5104,False,39999,1.0,True,2,1,0.5714285714285714,9
geo,0.05,6,True,6100,False,39999,1.0,True,2,1,0.5,7
geo,0.05,6,True,6101,False,39999,0.5714285714285714,False,,1,0.7857142857142857,7
geo,0.05,6,True,6102,False,39999,0.8571428571428571,False,,1,0.8571428571428571,7
geo,0.05,6,True,6103,False,39999,0.7142857142857143,False,,1,0.5714285714285714,7
geo,0.05,6,True,6104,True,36750,1.0,False,,1,0.42857142857142855,7
geo,0.05,7,True,7100,False,39999,1.0,True,2,1,0.5333333333333333,12
geo,0.05,7,True,7101,False,39999,0.6666666666666666,False,,1,0.5333333333333333,12
geo,0.05,7,True,7102,False,39999,0.75,False,,1,0.5333333333333333,12
geo,0.05,7,True,7103,False,39999,0.5833333333333334,False,,1,0.5333333333333333,12
geo,0.05,7,True,7104,False,39999,0.5833333333333334,False,,1,0.5333333333333333,12
geo,0.05,8,True,8100,False,39999,1.0,True,2,1,0.6153846153846154,8
geo,0.05,8,True,8101,False,39999,1.0,True,2,1,0.5384615384615384,8
geo,0.05,8,True,8102,False,39999,1.0,True,2,1,0.6153846153846154,8
geo,0.05,8,True,8103,False,39999,0.75,False,,1,0.6153846153846154,8
geo,0.05,8,True,8104,False,39999,1.0,True,2,1,0.6923076923076923,8
geo,0.05,9,True,9100,False,39999,0.8181818181818182,False,,1,0.5,11
geo,0.05,9,True,9101,False,39999,1.0,False,,1,0.75,11
geo,0.05,9,True,9102,False,39999,0.6363636363636364,False,,1,0.5625,11
geo,0.05,9,True,9103,False,39999,0.7272727272727273,False,,1,0.4375,11
geo,0.05,9,True,9104,False,39999,0.7272727272727273,False,,1,0.5,11
geo,0.05,10,True,10100,False,39999,0.8,False,,1,0.5333333333333333,10
geo,0.05,10,True,10101,False,39999,0.8,False,,1,0.7333333333333333,10
geo,0.05,10,True,10102,False,39999,0.6,False,,1,0.4666666666666667,10
geo,0.05,10,True,10103,False,39999,1.0,True,2,1,0.4,10
geo,0.05,10,True,10104,False,39999,0.6,False,,1,0.5333333333333333,10
geo,0.05,11,True,11100,False,39999,0.9090909090909091,False,,1,0.375,11
geo,0.05,11,True,11101,False,39999,1.0,True,2,1,0.6875,11
geo,0.05,11,True,11102,False,39999,0.7272727272727273,False,,1,0.25,11
geo,0.05,11,True,11103,False,39999,0.9090909090909091,False,,1,0.625,11
geo,0.05,11,True,11104,False,39999,0.8181818181818182,False,,1,0.625,11
geo,0.05,12,True,12100,False,39999,1.0,True,2,1,0.5714285714285714,8
geo,0.05,12,True,12101,False,39999,1.0,True,2,1,0.42857142857142855,8
geo,0.05,12,True,12102,False,39999,0.375,False,,1,0.35714285714285715,8
geo,0.05,12,True,12103,False,39999,1.0,True,2,1,0.5,8
geo,0.05,12,True,12104,False,39999,0.5,False,,1,0.6428571428571429,8
geo,0.05,13,True,13100,False,39999,0.8,False,,1,0.6666666666666666,10
geo,0.05,13,True,13101,False,39999,0.7,False,,1,0.5333333333333333,10
geo,0.05,13,True,13102,False,39999,1.0,True,2,1,0.5333333333333333,10
geo,0.05,13,True,13103,False,39999,0.9,False,,1,0.7333333333333333,10
geo,0.05,13,True,13104,False,39999,0.8,False,,1,0.4666666666666667,10
geo,0.05,14,True,14100,False,39999,0.7333333333333333,False,,1,0.6470588235294118,15
geo,0.05,14,True,14101,False,39999,0.6666666666666666,False,,1,0.6470588235294118,15
geo,0.05,14,True,14102,False,39999,0.8666666666666667,False,,1,0.5882352941176471,15
geo,0.05,14,True,14103,False,39999,1.0,True,2,1,0.7058823529411765,15
geo,0.05,14,True,14104,False,39999,1.0,True,2,1,0.47058823529411764,15
geo,0.05,15,True,15100,False,39999,0.625,False,,2,0.4166666666666667,8
geo,0.05,15,True,15101,False,39999,1.0,True,3,2,0.5833333333333334,8
geo,0.05,15,True,15102,True,9700,1.0,True,3,2,0.6666666666666666,8
geo,0.05,15,True,15103,False,39999,1.0,True,3,2,0.5,8
geo,0.05,15,True,15104,False,39999,0.5,False,,2,0.16666666666666666,8
geo,0.05,16,True,16100,False,39999,0.7142857142857143,False,,1,0.6666666666666666,7
geo,0.05,16,True,16101,False,39999,0.7142857142857143,False,,1,0.8666666666666667,7
geo,0.05,16,True,16102,False,39999,1.0,True,2,1,0.5333333333333333,7
geo,0.05,16,True,16103,False,39999,1.0,False,,1,0.7333333333333333,7
geo,0.05,16,True,16104,False,39999,1.0,False,,1,0.4666666666666667,7
geo,0.05,17,True,17100,False,39999,0.5,False,,1,0.4666666666666667,10
geo,0.05,17,True,17101,False,39999,0.9,False,,1,0.3333333333333333,10
geo,0.05,17,True,17102,False,39999,0.7,False,,1,0.7333333333333333,10
geo,0.05,17,True,17103,False,39999,0.7,False,,1,0.5333333333333333,10
geo,0.05,17,True,17104,False,39999,1.0,True,2,1,0.4,10
geo,0.05,18,True,18100,False,39999,0.9473684210526315,False,,1,0.5263157894736842,19
geo,0.05,18,True,18101,False,39999,0.9473684210526315,False,,1,0.631578947368421,19
geo,0.05,18,True,18102,False,39999,0.9473684210526315,False,,1,0.5263157894736842,19
geo,0.05,18,True,18103,False,39999,0.8421052631578947,False,,1,0.3157894736842105,19
geo,0.05,18,True,18104,False,39999,0.5263157894736842,False,,1,0.5263157894736842,19
geo,0.05,19,True,19100,False,39999,0.6666666666666666,False,,1,0.6428571428571429,6
geo,0.05,19,True,19101,False,39999,0.8333333333333334,False,,1,0.7142857142857143,6
geo,0.05,19,True,19102,False,39999,0.5,False,,1,0.7857142857142857,6
geo,0.05,19,True,19103,False,39999,0.6666666666666666,False,,1,0.6428571428571429,6
geo,0.05,19,True,19104,False,39999,1.0,False,,1,0.7857142857142857,6
geo,0.05,20,True,20100,False,39999,1.0,True,2,1,0.6363636363636364,4
geo,0.05,20,True,20101,True,25100,1.0,True,2,1,0.6363636363636364,4
geo,0.05,20,True,20102,False,39999,1.0,True,2,1,0.45454545454545453,4
geo,0.05,20,True,20103,False,39999,1.0,True,2,1,0.6363636363636364,4
geo,0.05,20,True,20104,True,32450,1.0,True,2,1,0.45454545454545453,4
geo,0.05,21,True,21100,False,39999,0.5882352941176471,False,,1,0.5,17
geo,0.05,21,True,21101,False,39999,0.8823529411764706,False,,1,0.5555555555555556,17
geo,0.05,21,True,21102,False,39999,0.7647058823529411,False,,1,0.3333333333333333,17
geo,0.05,21,True,21103,False,39999,0.7058823529411765,False,,1,0.4444444444444444,17
geo,0.05,21,True,21104,False,39999,1.0,True,2,1,0.5555555555555556,17
geo,0.05,22,True,22100,False,39999,0.8461538461538461,False,,1,0.5882352941176471,13
geo,0.05,22,True,22101,False,39999,0.7692307692307693,False,,1,0.5294117647058824,13
geo,0.05,22,True,22102,False,39999,1.0,True,2,1,0.4117647058823529,13
geo,0.05,22,True,22103,False,39999,0.7692307692307693,False,,1,0.5294117647058824,13
geo,0.05,22,True,22104,False,39999,1.0,True,2,1,0.6470588235294118,13
geo,0.05,23,True,23100,False,39999,0.7692307692307693,False,,1,0.6470588235294118,13
geo,0.05,23,True,23101,False,39999,0.6923076923076923,False,,1,0.5294117647058824,13
geo,0.05,23,True,23102,False,39999,0.6923076923076923,False,,1,0.5882352941176471,13
geo,0.05,23,True,23103,False,39999,1.0,True,2,1,0.5882352941176471,13
geo,0.05,23,True,23104,False,39999,0.7692307692307693,False,,1,0.5882352941176471,13
geo,0.05,24,True,24100,False,39999,0.7142857142857143,False,,1,0.5384615384615384,7
geo,0.05,24,True,24101,False,39999,0.7142857142857143,False,,1,0.3076923076923077,7
geo,0.05,24,True,24102,False,39999,1.0,True,2,1,0.46153846153846156,7
geo,0.05,24,True,24103,False,39999,1.0,True,2,1,0.38461538461538464,7
geo,0.05,24,True,24104,False,39999,1.0,True,2,1,0.3076923076923077,7
geo,0.05,25,True,25100,False,39999,0.6,False,,1,0.4666666666666667,10
geo,0.05,25,True,25101,False,39999,0.5,False,,1,0.3333333333333333,10
geo,0.05,25,True,25102,False,39999,0.9,False,,1,0.4666666666666667,10
geo,0.05,25,True,25103,False,39999,1.0,True,2,1,0.6666666666666666,10
geo,0.05,25,True,25104,False,39999,0.4,False,,1,0.6,10
geo,0.05,26,True,26100,False,39999,0.7857142857142857,False,,1,0.5882352941176471,14
geo,0.05,26,True,26101,False,39999,0.6428571428571429,False,,1,0.4117647058823529,14
geo,0.05,26,True,26102,False,39999,0.6428571428571429,False,,1,0.47058823529411764,14
geo,0.05,26,True,26103,False,39999,0.8571428571428571,False,,1,0.5294117647058824,14
geo,0.05,26,True,26104,False,39999,0.8571428571428571,False,,1,0.6470588235294118,14
geo,0.05,27,True,27100,False,39999,0.7777777777777778,False,,1,0.6666666666666666,9
geo,0.05,27,True,27101,False,39999,1.0,False,,1,0.8,9
geo,0.05,27,True,27102,False,39999,0.6666666666666666,False,,1,0.4666666666666667,9
geo,0.05,27,True,27103,False,39999,0.6666666666666666,False,,1,0.5333333333333333,9
geo,0.05,27,True,27104,False,39999,0.6666666666666666,False,,1,0.8,9
geo,0.05,28,True,28100,False,39999,1.0,True,2,1,0.6428571428571429,9
geo,0.05,28,True,28101,False,39999,1.0,True,2,1,0.5,9
geo,0.05,28,True,28102,False,39999,1.0,True,2,1,0.5714285714285714,9
geo,0.05,28,True,28103,False,39999,1.0,True,2,1,0.6428571428571429,9
geo,0.05,28,True,28104,False,39999,1.0,True,2,1,0.2857142857142857,9
geo,0.05,29,True,29100,False,39999,1.0,True,2,1,0.6,10
geo,0.05,29,True,29101,False,39999,1.0,True,2,1,0.6,10
geo,0.05,29,True,29102,False,39999,0.6,False,,1,0.4666666666666667,10
geo,0.05,29,True,29103,False,39999,1.0,True,2,1,0.4666666666666667,10
geo,0.05,29,True,29104,False,39999,0.8,False,,1,0.4,10
