substrate,noise,draw,inertia,seed,converged,steps,final_balance,consistent,n_blocs,n_components,signs_retained,triangles
real,0.0,0,False,100,True,850,1.0,True,2,1,0.72,40
real,0.0,0,False,101,True,1000,1.0,True,2,1,0.44,40
real,0.0,0,False,102,True,2000,1.0,True,2,1,0.44,40
real,0.0,0,False,103,True,950,1.0,True,2,1,0.56,40
real,0.0,0,False,104,True,1950,1.0,True,2,1,0.64,40
real,0.0,1,False,1100,True,2050,1.0,True,2,1,0.64,40
real,0.0,1,False,1101,True,1600,1.0,True,2,1,0.6,40
real,0.0,1,False,1102,True,1300,1.0,True,2,1,0.4,40
real,0.0,1,False,1103,True,1450,1.0,True,2,1,0.6,40
real,0.0,1,False,1104,True,900,1.0,True,2,1,0.6,40
real,0.0,2,False,2100,True,1450,1.0,True,2,1,0.4,40
real,0.0,2,False,2101,True,1800,1.0,True,2,1,0.28,40
real,0.0,2,False,2102,True,900,1.0,True,2,1,0.4,40
real,0.0,2,False,2103,True,850,1.0,True,2,1,0.56,40
real,0.0,2,False,2104,True,1150,1.0,True,2,1,0.52,40
real,0.0,3,False,3100,True,1300,1.0,True,2,1,0.48,40
real,0.0,3,False,3101,True,1300,1.0,True,2,1,0.28,40
real,0.0,3,False,3102,True,1850,1.0,True,2,1,0.48,40
real,0.0,3,False,3103,True,900,1.0,True,2,1,0.6,40
real,0.0,3,False,3104,True,1100,1.0,True,2,1,0.48,40
real,0.0,4,False,4100,True,850,1.0,True,2,1,0.56,40
real,0.0,4,False,4101,True,950,1.0,True,2,1,0.56,40
real,0.0,4,False,4102,True,2200,1.0,True,2,1,0.4,40
real,0.0,4,False,4103,True,1200,1.0,True,2,1,0.56,40
real,0.0,4,False,4104,True,1500,1.0,True,2,1,0.4,40
real,0.0,5,False,5100,True,900,1.0,True,2,1,0.6,40
real,0.0,5,False,5101,True,950,1.0,True,2,1,0.32,40
real,0.0,5,False,5102,True,850,1.0,True,2,1,0.56,40
real,0.0,5,False,5103,True,950,1.0,True,2,1,0.72,40
real,0.0,5,False,5104,True,1900,1.0,True,2,1,0.6,40
real,0.0,6,False,6100,True,1000,1.0,True,2,1,0.64,40
real,0.0,6,False,6101,True,1850,1.0,True,2,1,0.48,40
real,0.0,6,False,6102,True,1100,1.0,True,2,1,0.48,40
real,0.0,6,False,6103,True,900,1.0,True,2,1,0.68,40
real,0.0,6,False,6104,True,1650,1.0,True,2,1,0.28,40
real,0.0,7,False,7100,True,1300,1.0,True,2,1,0.32,40
real,0.0,7,False,7101,True,850,1.0,True,2,1,0.72,40
real,0.0,7,False,7102,True,1150,1.0,True,2,1,0.44,40
real,0.0,7,False,7103,True,850,1.0,True,2,1,0.52,40
real,0.0,7,False,7104,True,2050,1.0,True,2,1,0.6,40
real,0.0,8,False,8100,True,1450,1.0,True,2,1,0.64,40
real,0.0,8,False,8101,True,1200,1.0,True,2,1,0.44,40
real,0.0,8,False,8102,True,1400,1.0,True,2,1,0.44,40
real,0.0,8,False,8103,True,1300,1.0,True,2,1,0.32,40
real,0.0,8,False,8104,True,2250,1.0,True,2,1,0.56,40
real,0.0,9,False,9100,True,1400,1.0,True,2,1,0.6,40
real,0.0,9,False,9101,True,900,1.0,True,2,1,0.72,40
real,0.0,9,False,9102,True,800,1.0,True,2,1,0.72,40
real,0.0,9,False,9103,True,850,1.0,True,2,1,0.4,40
real,0.0,9,False,9104,True,1000,1.0,True,2,1,0.52,40
real,0.0,10,False,10100,True,1000,1.0,True,2,1,0.48,40
real,0.0,10,False,10101,True,1350,1.0,True,2,1,0.44,40
real,0.0,10,False,10102,True,1000,1.0,True,2,1,0.4,40
real,0.0,10,False,10103,True,1000,1.0,True,2,1,0.52,40
real,0.0,10,False,10104,True,1350,1.0,True,2,1,0.6,40
real,0.0,11,False,11100,True,1250,1.0,True,2,1,0.56,40
real,0.0,11,False,11101,True,850,1.0,True,2,1,0.56,40
real,0.0,11,False,11102,True,1050,1.0,True,2,1,0.64,40
real,0.0,11,False,11103,True,1000,1.0,True,2,1,0.6,40
real,0.0,11,False,11104,True,1800,1.0,True,2,1,0.56,40
real,0.0,12,False,12100,True,950,1.0,True,2,1,0.6,40
real,0.0,12,False,12101,True,1050,1.0,True,2,1,0.6,40
real,0.0,12,False,12102,True,1100,1.0,True,2,1,0.56,40
real,0.0,12,False,12103,True,1350,1.0,True,2,1,0.48,40
real,0.0,12,False,12104,True,850,1.0,True,2,1,0.6,40
real,0.0,13,False,13100,True,1350,1.0,True,2,1,0.56,40
real,0.0,13,False,13101,True,950,1.0,True,2,1,0.48,40
real,0.0,13,False,13102,True,1000,1.0,True,2,1,0.28,40
real,0.0,13,False,13103,True,1300,1.0,True,2,1,0.68,40
real,0.0,13,False,13104,True,900,1.0,True,2,1,0.28,40
real,0.0,14,False,14100,True,850,1.0,True,2,1,0.68,40
real,0.0,14,False,14101,True,1000,1.0,True,2,1,0.4,40
real,0.0,14,False,14102,True,900,1.0,True,2,1,0.52,40
real,0.0,14,False,14103,True,900,1.0,True,2,1,0.64,40
real,0.0,14,False,14104,True,1350,1.0,True,2,1,0.44,40
real,0.0,15,False,15100,True,1050,1.0,True,2,1,0.6,40
real,0.0,15,False,15101,True,2250,1.0,True,2,1,0.32,40
real,0.0,15,False,15102,True,1000,1.0,True,2,1,0.44,40
real,0.0,15,False,15103,True,1050,1.0,True,2,1,0.4,40
real,0.0,15,False,15104,True,1450,1.0,True,2,1,0.48,40
real,0.0,16,False,16100,True,850,1.0,True,2,1,0.64,40
real,0.0,16,False,16101,True,1100,1.0,True,2,1,0.48,40
real,0.0,16,False,16102,True,1350,1.0,True,2,1,0.6,40
real,0.0,16,False,16103,True,950,1.0,True,2,1,0.6,40
real,0.0,16,False,16104,True,2500,1.0,True,2,1,0.48,40
real,0.0,17,False,17100,True,1450,1.0,True,2,1,0.28,40
real,0.0,17,False,17101,True,1000,1.0,True,2,1,0.6,40
real,0.0,17,False,17102,True,1050,1.0,True,2,1,0.44,40
real,0.0,17,False,17103,True,900,1.0,True,2,1,0.6,40
real,0.0,17,False,17104,True,1050,1.0,True,2,1,0.44,40
real,0.0,18,False,18100,True,1150,1.0,True,2,1,0.44,40
real,0.0,18,False,18101,True,850,1.0,True,2,1,0.44,40
real,0.0,18,False,18102,True,1550,1.0,True,2,1,0.48,40
real,0.0,18,False,18103,True,1150,1.0,True,2,1,0.6,40
real,0.0,18,False,18104,True,1050,1.0,True,2,1,0.64,40
real,0.0,19,False,19100,True,1000,1.0,True,2,1,0.6,40
real,0.0,19,False,19101,True,900,1.0,True,2,1,0.64,40
real,0.0,19,False,19102,True,850,1.0,True,2,1,0.56,40
real,0.0,19,False,19103,True,1250,1.0,True,2,1,0.44,40
real,0.0,19,False,19104,True,1000,1.0,True,2,1,0.32,40
real,0.0,20,False,20100,True,1000,1.0,True,2,1,0.6,40
real,0.0,20,False,20101,True,950,1.0,True,2,1,0.72,40
real,0.0,20,False,20102,True,850,1.0,True,2,1,0.56,40
real,0.0,20,False,20103,True,950,1.0,True,2,1,0.44,40
real,0.0,20,False,20104,True,1150,1.0,True,2,1,0.64,40
real,0.0,21,False,21100,True,1000,1.0,True,2,1,0.48,40
real,0.0,21,False,21101,True,1100,1.0,True,2,1,0.48,40
real,0.0,21,False,21102,True,2800,1.0,True,2,1,0.4,40
real,0.0,21,False,21103,True,1600,1.0,True,2,1,0.44,40
real,0.0,21,False,21104,True,850,1.0,True,2,1,0.64,40
real,0.0,22,False,22100,True,950,1.0,True,2,1,0.32,40
real,0.0,22,False,22101,True,1100,1.0,True,2,1,0.52,40
real,0.0,22,False,22102,True,1050,1.0,True,2,1,0.4,40
real,0.0,22,False,22103,True,850,1.0,True,2,1,0.64,40
real,0.0,22,False,22104,True,900,1.0,True,2,1,0.56,40
real,0.0,23,False,23100,True,1250,1.0,True,2,1,0.52,40
real,0.0,23,False,23101,True,800,1.0,True,2,1,0.48,40
real,0.0,23,False,23102,True,1600,1.0,True,2,1,0.32,40
real,0.0,23,False,23103,True,1400,1.0,True,2,1,0.6,40
real,0.0,23,False,23104,True,1250,1.0,True,2,1,0.56,40
real,0.0,24,False,24100,True,1450,1.0,True,2,1,0.4,40
real,0.0,24,False,24101,True,1850,1.0,True,2,1,0.32,40
real,0.0,24,False,24102,True,1100,1.0,True,2,1,0.6,40
real,0.0,24,False,24103,True,2050,1.0,True,2,1,0.44,40
real,0.0,24,False,24104,True,850,1.0,True,2,1,0.6,40
real,0.0,25,False,25100,True,1400,1.0,True,2,1,0.72,40
real,0.0,25,False,25101,True,1000,1.0,True,2,1,0.6,40
real,0.0,25,False,25102,True,1200,1.0,True,2,1,0.56,40
real,0.0,25,False,25103,True,1000,1.0,True,2,1,0.44,40
real,0.0,25,False,25104,True,1700,1.0,True,2,1,0.32,40
real,0.0,26,False,26100,True,1850,1.0,True,2,1,0.6,40
real,0.0,26,False,26101,True,900,1.0,True,2,1,0.44,40
real,0.0,26,False,26102,True,1900,1.0,True,2,1,0.6,40
real,0.0,26,False,26103,True,850,1.0,True,2,1,0.4,40
real,0.0,26,False,26104,True,1150,1.0,True,2,1,0.56,40
real,0.0,27,False,27100,True,1200,1.0,True,2,1,0.4,40
real,0.0,27,False,27101,True,1200,1.0,True,2,1,0.56,40
real,0.0,27,False,27102,True,1050,1.0,True,2,1,0.52,40
real,0.0,27,False,27103,True,1400,1.0,True,2,1,0.48,40
real,0.0,27,False,27104,True,1200,1.0,True,2,1,0.56,40
real,0.0,28,False,28100,True,1000,1.0,True,2,1,0.72,40
real,0.0,28,False,28101,True,1150,1.0,True,2,1,0.44,40
real,0.0,28,False,28102,True,1650,1.0,True,2,1,0.52,40
real,0.0,28,False,28103,True,1100,1.0,True,2,1,0.56,40
real,0.0,28,False,28104,True,2000,1.0,True,2,1,0.48,40
real,0.0,29,False,29100,True,1500,1.0,True,2,1,0.44,40
real,0.0,29,False,29101,True,1150,1.0,True,2,1,0.4,40
real,0.0,29,False,29102,True,1050,1.0,True,2,1,0.52,40
real,0.0,29,False,29103,True,900,1.0,True,2,1,0.6,40
real,0.0,29,False,29104,True,950,1.0,True,2,1,0.64,40
real,0.002,0,False,100,True,2200,1.0,True,2,1,0.4,40
real,0.002,0,False,101,True,1000,1.0,True,2,1,0.44,40
real,0.002,0,False,102,True,6300,1.0,True,2,1,0.32,40
real,0.002,0,False,103,True,2050,1.0,True,2,1,0.28,40
real,0.002,0,False,104,True,7750,1.0,True,2,1,0.28,40
real,0.002,1,False,1100,True,1400,1.0,True,2,1,0.52,40
real,0.002,1,False,1101,True,2450,1.0,True,2,1,0.64,40
real,0.002,1,False,1102,True,4600,1.0,True,2,1,0.64,40
real,0.002,1,False,1103,True,3500,1.0,True,2,1,0.52,40
real,0.002,1,False,1104,True,5500,1.0,True,2,1,0.48,40
real,0.002,2,False,2100,True,2800,1.0,True,2,1,0.28,40
real,0.002,2,False,2101,True,5500,1.0,True,2,1,0.32,40
real,0.002,2,False,2102,True,900,1.0,True,2,1,0.4,40
real,0.002,2,False,2103,True,1450,1.0,True,2,1,0.56,40
real,0.002,2,False,2104,True,2950,1.0,True,2,1,0.52,40
real,0.002,3,False,3100,True,7250,1.0,True,2,1,0.6,40
real,0.002,3,False,3101,True,2400,1.0,True,2,1,0.6,40
real,0.002,3,False,3102,True,7350,1.0,True,2,1,0.52,40
real,0.002,3,False,3103,True,2850,1.0,True,2,1,0.56,40
real,0.002,3,False,3104,True,5500,1.0,True,2,1,0.52,40
real,0.002,4,False,4100,True,3700,1.0,True,2,1,0.44,40
real,0.002,4,False,4101,True,950,1.0,True,2,1,0.56,40
real,0.002,4,False,4102,True,4200,1.0,True,2,1,0.64,40
real,0.002,4,False,4103,True,1200,1.0,True,2,1,0.56,40
real,0.002,4,False,4104,True,1500,1.0,True,2,1,0.4,40
real,0.002,5,False,5100,True,900,1.0,True,2,1,0.6,40
real,0.002,5,False,5101,True,950,1.0,True,2,1,0.32,40
real,0.002,5,False,5102,True,4350,1.0,True,2,1,0.6,40
real,0.002,5,False,5103,True,950,1.0,True,2,1,0.72,40
real,0.002,5,False,5104,True,1350,1.0,True,2,1,0.44,40
real,0.002,6,False,6100,True,2150,1.0,True,2,1,0.48,40
real,0.002,6,False,6101,True,9400,1.0,True,1,1,0.48,40
real,0.002,6,False,6102,True,1550,1.0,True,2,1,0.56,40
real,0.002,6,False,6103,True,900,1.0,True,2,1,0.68,40
real,0.002,6,False,6104,True,3600,1.0,True,2,1,0.48,40
real,0.002,7,False,7100,True,2000,1.0,True,2,1,0.32,40
real,0.002,7,False,7101,True,3750,1.0,True,2,1,0.44,40
real,0.002,7,False,7102,True,2250,1.0,True,2,1,0.4,40
real,0.002,7,False,7103,True,5400,1.0,True,2,1,0.56,40
real,0.002,7,False,7104,True,2050,1.0,True,2,1,0.6,40
real,0.002,8,False,8100,True,2500,1.0,True,2,1,0.48,40
real,0.002,8,False,8101,True,2400,1.0,True,2,1,0.6,40
real,0.002,8,False,8102,True,2700,1.0,True,2,1,0.6,40
real,0.002,8,False,8103,True,4300,1.0,True,2,1,0.52,40
real,0.002,8,False,8104,True,2250,1.0,True,2,1,0.56,40
real,0.002,9,False,9100,True,2200,1.0,True,2,1,0.52,40
real,0.002,9,False,9101,True,3250,1.0,True,2,1,0.52,40
real,0.002,9,False,9102,True,2550,1.0,True,2,1,0.44,40
real,0.002,9,False,9103,True,850,1.0,True,2,1,0.4,40
real,0.002,9,False,9104,True,1000,1.0,True,2,1,0.52,40
real,0.002,10,False,10100,True,4050,1.0,True,2,1,0.32,40
real,0.002,10,False,10101,True,2850,1.0,True,2,1,0.48,40
real,0.002,10,False,10102,True,1150,1.0,True,2,1,0.6,40
real,0.002,10,False,10103,True,1350,1.0,True,2,1,0.64,40
real,0.002,10,False,10104,True,1950,1.0,True,2,1,0.52,40
real,0.002,11,False,11100,True,2550,1.0,True,2,1,0.44,40
real,0.002,11,False,11101,True,850,1.0,True,2,1,0.56,40
real,0.002,11,False,11102,True,1050,1.0,True,2,1,0.64,40
real,0.002,11,False,11103,True,3700,1.0,True,2,1,0.48,40
real,0.002,11,False,11104,True,1800,1.0,True,2,1,0.56,40
real,0.002,12,False,12100,True,950,1.0,True,2,1,0.6,40
real,0.002,12,False,12101,True,1750,1.0,True,2,1,0.4,40
real,0.002,12,False,12102,True,1100,1.0,True,2,1,0.56,40
real,0.002,12,False,12103,True,2450,1.0,True,2,1,0.68,40
real,0.002,12,False,12104,True,4300,1.0,True,2,1,0.36,40
real,0.002,13,False,13100,True,2250,1.0,True,2,1,0.28,40
real,0.002,13,False,13101,True,950,1.0,True,2,1,0.48,40
real,0.002,13,False,13102,True,7000,1.0,True,2,1,0.44,40
real,0.002,13,False,13103,True,3500,1.0,True,2,1,0.6,40
real,0.002,13,False,13104,True,900,1.0,True,2,1,0.28,40
real,0.002,14,False,14100,True,3050,1.0,True,2,1,0.64,40
real,0.002,14,False,14101,True,5950,1.0,True,2,1,0.4,40
real,0.002,14,False,14102,True,900,1.0,True,2,1,0.52,40
real,0.002,14,False,14103,True,900,1.0,True,2,1,0.64,40
real,0.002,14,False,14104,True,1300,1.0,True,2,1,0.52,40
real,0.002,15,False,15100,True,7350,1.0,True,2,1,0.4,40
real,0.002,15,False,15101,True,2100,1.0,True,2,1,0.56,40
real,0.002,15,False,15102,True,1000,1.0,True,2,1,0.44,40
real,0.002,15,False,15103,True,3300,1.0,True,2,1,0.52,40
real,0.002,15,False,15104,True,2400,1.0,True,2,1,0.72,40
real,0.002,16,False,16100,True,8950,1.0,True,2,1,0.64,40
real,0.002,16,False,16101,True,1600,1.0,True,2,1,0.56,40
real,0.002,16,False,16102,True,2500,1.0,True,2,1,0.56,40
real,0.002,16,False,16103,True,3100,1.0,True,2,1,0.44,40
real,0.002,16,False,16104,True,1800,1.0,True,2,1,0.52,40
real,0.002,17,False,17100,True,1800,1.0,True,2,1,0.52,40
real,0.002,17,False,17101,True,1000,1.0,True,2,1,0.6,40
real,0.002,17,False,17102,True,6250,1.0,True,2,1,0.6,40
real,0.002,17,False,17103,True,1900,1.0,True,2,1,0.56,40
real,0.002,17,False,17104,True,1050,1.0,True,2,1,0.44,40
real,0.002,18,False,18100,True,4200,1.0,True,2,1,0.48,40
real,0.002,18,False,18101,True,3600,1.0,True,2,1,0.44,40
real,0.002,18,False,18102,True,900,1.0,True,2,1,0.36,40
real,0.002,18,False,18103,True,1150,1.0,True,2,1,0.6,40
real,0.002,18,False,18104,True,1050,1.0,True,2,1,0.64,40
real,0.002,19,False,19100,True,2100,1.0,True,2,1,0.48,40
real,0.002,19,False,19101,True,2750,1.0,True,2,1,0.6,40
real,0.002,19,False,19102,True,1550,1.0,True,2,1,0.52,40
real,0.002,19,False,19103,True,1250,1.0,True,2,1,0.44,40
real,0.002,19,False,19104,True,3350,1.0,True,2,1,0.48,40
real,0.002,20,False,20100,True,2100,1.0,True,2,1,0.64,40
real,0.002,20,False,20101,True,950,1.0,True,2,1,0.72,40
real,0.002,20,False,20102,True,850,1.0,True,2,1,0.56,40
real,0.002,20,False,20103,True,950,1.0,True,2,1,0.44,40
real,0.002,20,False,20104,True,1150,1.0,True,2,1,0.64,40
real,0.002,21,False,21100,True,1000,1.0,True,2,1,0.48,40
real,0.002,21,False,21101,True,6250,1.0,True,2,1,0.52,40
real,0.002,21,False,21102,True,6250,1.0,True,2,1,0.48,40
real,0.002,21,False,21103,True,2050,1.0,True,2,1,0.48,40
real,0.002,21,False,21104,True,2800,1.0,True,2,1,0.44,40
real,0.002,22,False,22100,True,950,1.0,True,2,1,0.32,40
real,0.002,22,False,22101,True,1150,1.0,True,2,1,0.44,40
real,0.002,22,False,22102,True,4200,1.0,True,2,1,0.4,40
real,0.002,22,False,22103,True,850,1.0,True,2,1,0.64,40
real,0.002,22,False,22104,True,2050,1.0,True,2,1,0.4,40
real,0.002,23,False,23100,True,1250,1.0,True,2,1,0.52,40
real,0.002,23,False,23101,True,1650,1.0,True,2,1,0.64,40
real,0.002,23,False,23102,True,2550,1.0,True,2,1,0.6,40
real,0.002,23,False,23103,True,3700,1.0,True,2,1,0.72,40
real,0.002,23,False,23104,True,2400,1.0,True,2,1,0.6,40
real,0.002,24,False,24100,True,4100,1.0,True,2,1,0.4,40
real,0.002,24,False,24101,True,8550,1.0,True,2,1,0.28,40
real,0.002,24,False,24102,True,4150,1.0,True,2,1,0.48,40
real,0.002,24,False,24103,True,3800,1.0,True,2,1,0.32,40
real,0.002,24,False,24104,True,4000,1.0,True,2,1,0.56,40
real,0.002,25,False,25100,True,2150,1.0,True,2,1,0.72,40
real,0.002,25,False,25101,True,2650,1.0,True,2,1,0.36,40
real,0.002,25,False,25102,True,1100,1.0,True,2,1,0.44,40
real,0.002,25,False,25103,True,1350,1.0,True,2,1,0.52,40
real,0.002,25,False,25104,True,1700,1.0,True,2,1,0.32,40
real,0.002,26,False,26100,True,2450,1.0,True,2,1,0.6,40
real,0.002,26,False,26101,True,4750,1.0,True,2,1,0.48,40
real,0.002,26,False,26102,True,2800,1.0,True,2,1,0.44,40
real,0.002,26,False,26103,True,2450,1.0,True,2,1,0.52,40
real,0.002,26,False,26104,True,1150,1.0,True,2,1,0.56,40
real,0.002,27,False,27100,True,1750,1.0,True,2,1,0.44,40
real,0.002,27,False,27101,True,1200,1.0,True,2,1,0.56,40
real,0.002,27,False,27102,True,3100,1.0,True,2,1,0.48,40
real,0.002,27,False,27103,True,1400,1.0,True,2,1,0.48,40
real,0.002,27,False,27104,True,1600,1.0,True,2,1,0.52,40
real,0.002,28,False,28100,True,1000,1.0,True,2,1,0.72,40
real,0.002,28,False,28101,True,1150,1.0,True,2,1,0.44,40
real,0.002,28,False,28102,True,4650,1.0,True,2,1,0.48,40
real,0.002,28,False,28103,True,4050,1.0,True,2,1,0.48,40
real,0.002,28,False,28104,True,1850,1.0,True,2,1,0.56,40
real,0.002,29,False,29100,True,1050,1.0,True,2,1,0.6,40
real,0.002,29,False,29101,True,4050,1.0,True,2,1,0.52,40
real,0.002,29,False,29102,True,4700,1.0,True,2,1,0.44,40
real,0.002,29,False,29103,True,900,1.0,True,2,1,0.6,40
real,0.002,29,False,29104,True,1900,1.0,True,2,1,0.6,40
real,0.005,0,False,100,True,5950,1.0,True,2,1,0.6,40
real,0.005,0,False,101,True,4800,1.0,True,2,1,0.64,40
real,0.005,0,False,102,True,9050,1.0,True,2,1,0.56,40
real,0.005,0,False,103,True,16300,1.0,True,2,1,0.28,40
real,0.005,0,False,104,True,8100,1.0,True,2,1,0.36,40
real,0.005,1,False,1100,True,1800,1.0,True,2,1,0.56,40
real,0.005,1,False,1101,True,6550,1.0,True,2,1,0.48,40
real,0.005,1,False,1102,True,12150,1.0,True,2,1,0.56,40
real,0.005,1,False,1103,True,18750,1.0,True,2,1,0.64,40
real,0.005,1,False,1104,True,3550,1.0,True,2,1,0.48,40
real,0.005,2,False,2100,True,6000,1.0,True,2,1,0.52,40
real,0.005,2,False,2101,True,10150,1.0,True,2,1,0.52,40
real,0.005,2,False,2102,True,7950,1.0,True,2,1,0.44,40
real,0.005,2,False,2103,True,6800,1.0,True,2,1,0.6,40
real,0.005,2,False,2104,True,3150,1.0,True,2,1,0.6,40
real,0.005,3,False,3100,True,1550,1.0,True,2,1,0.44,40
real,0.005,3,False,3101,True,2350,1.0,True,2,1,0.48,40
real,0.005,3,False,3102,True,25400,1.0,True,2,1,0.56,40
real,0.005,3,False,3103,True,19150,1.0,True,2,1,0.48,40
real,0.005,3,False,3104,True,16550,1.0,True,2,1,0.48,40
real,0.005,4,False,4100,True,3550,1.0,True,2,1,0.48,40
real,0.005,4,False,4101,True,17850,1.0,True,2,1,0.56,40
real,0.005,4,False,4102,True,4200,1.0,True,2,1,0.48,40
real,0.005,4,False,4103,True,1200,1.0,True,2,1,0.56,40
real,0.005,4,False,4104,True,17850,1.0,True,2,1,0.56,40
real,0.005,5,False,5100,True,4300,1.0,True,2,1,0.4,40
real,0.005,5,False,5101,True,11150,1.0,True,2,1,0.32,40
real,0.005,5,False,5102,True,7400,1.0,True,2,1,0.44,40
real,0.005,5,False,5103,True,12350,1.0,True,2,1,0.64,40
real,0.005,5,False,5104,True,1900,1.0,True,2,1,0.6,40
real,0.005,6,False,6100,True,5800,1.0,True,2,1,0.56,40
real,0.005,6,False,6101,True,17050,1.0,True,2,1,0.48,40
real,0.005,6,False,6102,True,7350,1.0,True,2,1,0.44,40
real,0.005,6,False,6103,True,4200,1.0,True,2,1,0.52,40
real,0.005,6,False,6104,True,22650,1.0,True,2,1,0.44,40
real,0.005,7,False,7100,True,2950,1.0,True,2,1,0.56,40
real,0.005,7,False,7101,True,10050,1.0,True,2,1,0.32,40
real,0.005,7,False,7102,True,2250,1.0,True,2,1,0.4,40
real,0.005,7,False,7103,True,15100,1.0,True,2,1,0.56,40
real,0.005,7,False,7104,True,4150,1.0,True,2,1,0.6,40
real,0.005,8,False,8100,True,2050,1.0,True,2,1,0.48,40
real,0.005,8,False,8101,True,2400,1.0,True,2,1,0.6,40
real,0.005,8,False,8102,True,5600,1.0,True,2,1,0.6,40
real,0.005,8,False,8103,True,34300,1.0,True,2,1,0.6,40
real,0.005,8,False,8104,True,2400,1.0,True,2,1,0.4,40
real,0.005,9,False,9100,True,3100,1.0,True,2,1,0.4,40
real,0.005,9,False,9101,True,1750,1.0,True,2,1,0.52,40
real,0.005,9,False,9102,True,2550,1.0,True,2,1,0.52,40
real,0.005,9,False,9103,True,6750,1.0,True,2,1,0.48,40
real,0.005,9,False,9104,True,9750,1.0,True,2,1,0.6,40
real,0.005,10,False,10100,True,5400,1.0,True,2,1,0.32,40
real,0.005,10,False,10101,True,5700,1.0,True,2,1,0.4,40
real,0.005,10,False,10102,True,2000,1.0,True,2,1,0.52,40
real,0.005,10,False,10103,True,17650,1.0,True,2,1,0.4,40
real,0.005,10,False,10104,True,4500,1.0,True,2,1,0.48,40
real,0.005,11,False,11100,True,3200,1.0,True,2,1,0.6,40
real,0.005,11,False,11101,True,7800,1.0,True,2,1,0.56,40
real,0.005,11,False,11102,True,6350,1.0,True,2,1,0.48,40
real,0.005,11,False,11103,True,14650,1.0,True,2,1,0.4,40
real,0.005,11,False,11104,True,2600,1.0,True,2,1,0.6,40
real,0.005,12,False,12100,True,8650,1.0,True,1,1,0.48,40
real,0.005,12,False,12101,True,5200,1.0,True,2,1,0.6,40
real,0.005,12,False,12102,True,9850,1.0,True,2,1,0.4,40
real,0.005,12,False,12103,True,2250,1.0,True,2,1,0.44,40
real,0.005,12,False,12104,True,5350,1.0,True,2,1,0.6,40
real,0.005,13,False,13100,True,1450,1.0,True,2,1,0.48,40
real,0.005,13,False,13101,True,7150,1.0,True,2,1,0.52,40
real,0.005,13,False,13102,True,1450,1.0,True,2,1,0.48,40
real,0.005,13,False,13103,True,2250,1.0,True,2,1,0.4,40
real,0.005,13,False,13104,True,1850,1.0,True,2,1,0.44,40
real,0.005,14,False,14100,True,4150,1.0,True,2,1,0.32,40
real,0.005,14,False,14101,True,1950,1.0,True,2,1,0.44,40
real,0.005,14,False,14102,True,2250,1.0,True,2,1,0.6,40
real,0.005,14,False,14103,True,2150,1.0,True,2,1,0.4,40
real,0.005,14,False,14104,True,6050,1.0,True,2,1,0.56,40
real,0.005,15,False,15100,True,26650,1.0,True,2,1,0.52,40
real,0.005,15,False,15101,True,14850,1.0,True,2,1,0.56,40
real,0.005,15,False,15102,True,17000,1.0,True,2,1,0.56,40
real,0.005,15,False,15103,True,2350,1.0,True,2,1,0.56,40
real,0.005,15,False,15104,True,23150,1.0,True,2,1,0.64,40
real,0.005,16,False,16100,True,8950,1.0,True,2,1,0.56,40
real,0.005,16,False,16101,True,8200,1.0,True,2,1,0.48,40
real,0.005,16,False,16102,True,4550,1.0,True,2,1,0.44,40
real,0.005,16,False,16103,True,4950,1.0,True,2,1,0.4,40
real,0.005,16,False,16104,True,10600,1.0,True,2,1,0.56,40
real,0.005,17,False,17100,True,15350,1.0,True,2,1,0.48,40
real,0.005,17,False,17101,True,1000,1.0,True,2,1,0.6,40
real,0.005,17,False,17102,True,7050,1.0,True,2,1,0.32,40
real,0.005,17,False,17103,True,11800,1.0,True,2,1,0.6,40
real,0.005,17,False,17104,True,6500,1.0,True,2,1,0.52,40
real,0.005,18,False,18100,True,22050,1.0,True,2,1,0.32,40
real,0.005,18,False,18101,True,4600,1.0,True,2,1,0.44,40
real,0.005,18,False,18102,True,3800,1.0,True,2,1,0.32,40
real,0.005,18,False,18103,True,1200,1.0,True,2,1,0.6,40
real,0.005,18,False,18104,True,1650,1.0,True,2,1,0.6,40
real,0.005,19,False,19100,True,11800,1.0,True,2,1,0.4,40
real,0.005,19,False,19101,True,6200,1.0,True,2,1,0.56,40
real,0.005,19,False,19102,True,12100,1.0,True,2,1,0.56,40
real,0.005,19,False,19103,True,21550,1.0,True,2,1,0.32,40
real,0.005,19,False,19104,True,6600,1.0,True,2,1,0.64,40
real,0.005,20,False,20100,True,3300,1.0,True,2,1,0.44,40
real,0.005,20,False,20101,True,16450,1.0,True,2,1,0.44,40
real,0.005,20,False,20102,True,4250,1.0,True,2,1,0.48,40
real,0.005,20,False,20103,True,8100,1.0,True,2,1,0.28,40
real,0.005,20,False,20104,True,8450,1.0,True,2,1,0.4,40
real,0.005,21,False,21100,True,1000,1.0,True,2,1,0.48,40
real,0.005,21,False,21101,True,12300,1.0,True,2,1,0.48,40
real,0.005,21,False,21102,True,12700,1.0,True,2,1,0.36,40
real,0.005,21,False,21103,True,7300,1.0,True,2,1,0.52,40
real,0.005,21,False,21104,True,5250,1.0,True,2,1,0.6,40
real,0.005,22,False,22100,True,13800,1.0,True,2,1,0.52,40
real,0.005,22,False,22101,True,5750,1.0,True,2,1,0.52,40
real,0.005,22,False,22102,True,5350,1.0,True,2,1,0.48,40
real,0.005,22,False,22103,True,7650,1.0,True,2,1,0.32,40
real,0.005,22,False,22104,True,2550,1.0,True,2,1,0.72,40
real,0.005,23,False,23100,True,12750,1.0,True,2,1,0.48,40
real,0.005,23,False,23101,True,32950,1.0,True,2,1,0.52,40
real,0.005,23,False,23102,True,5300,1.0,True,2,1,0.56,40
real,0.005,23,False,23103,True,1150,1.0,True,2,1,0.72,40
real,0.005,23,False,23104,True,10100,1.0,True,2,1,0.6,40
real,0.005,24,False,24100,True,5700,1.0,True,2,1,0.6,40
real,0.005,24,False,24101,True,10050,1.0,True,2,1,0.48,40
real,0.005,24,False,24102,True,1100,1.0,True,2,1,0.52,40
real,0.005,24,False,24103,True,9900,1.0,True,2,1,0.6,40
real,0.005,24,False,24104,True,25150,1.0,True,2,1,0.32,40
real,0.005,25,False,25100,True,7100,1.0,True,2,1,0.48,40
real,0.005,25,False,25101,True,1350,1.0,True,2,1,0.52,40
real,0.005,25,False,25102,True,2400,1.0,True,2,1,0.48,40
real,0.005,25,False,25103,True,1250,1.0,True,2,1,0.6,40
real,0.005,25,False,25104,True,1700,1.0,True,2,1,0.32,40
real,0.005,26,False,26100,True,8150,1.0,True,2,1,0.6,40
real,0.005,26,False,26101,True,12350,1.0,True,2,1,0.4,40
real,0.005,26,False,26102,True,7750,1.0,True,2,1,0.56,40
real,0.005,26,False,26103,True,2450,1.0,True,2,1,0.56,40
real,0.005,26,False,26104,True,1150,1.0,True,2,1,0.56,40
real,0.005,27,False,27100,True,5400,1.0,True,2,1,0.32,40
real,0.005,27,False,27101,True,5350,1.0,True,2,1,0.32,40
real,0.005,27,False,27102,True,16100,1.0,True,2,1,0.52,40
real,0.005,27,False,27103,True,12800,1.0,True,2,1,0.6,40
real,0.005,27,False,27104,True,3850,1.0,True,2,1,0.6,40
real,0.005,28,False,28100,True,1000,1.0,True,2,1,0.72,40
real,0.005,28,False,28101,True,19000,1.0,True,2,1,0.48,40
real,0.005,28,False,28102,True,6850,1.0,True,2,1,0.44,40
real,0.005,28,False,28103,True,5200,1.0,True,2,1,0.52,40
real,0.005,28,False,28104,True,3400,1.0,True,2,1,0.52,40
real,0.005,29,False,29100,True,11800,1.0,True,2,1,0.52,40
real,0.005,29,False,29101,True,8450,1.0,True,2,1,0.64,40
real,0.005,29,False,29102,True,22750,1.0,True,2,1,0.56,40
real,0.005,29,False,29103,True,13250,1.0,True,2,1,0.32,40
real,0.005,29,False,29104,True,8950,1.0,True,2,1,0.6,40
real,0.01,0,False,100,False,39999,0.85,False,,1,0.48,40
real,0.01,0,False,101,True,29000,1.0,True,2,1,0.32,40
real,0.01,0,False,102,True,31350,1.0,True,2,1,0.68,40
real,0.01,0,False,103,False,39999,0.7,False,,1,0.72,40
real,0.01,0,False,104,True,24000,1.0,True,2,1,0.64,40
real,0.01,1,False,1100,True,1800,1.0,True,2,1,0.56,40
real,0.01,1,False,1101,False,39999,0.55,False,,1,0.36,40
real,0.01,1,False,1102,False,39999,0.625,False,,1,0.36,40
real,0.01,1,False,1103,False,39999,0.75,False,,1,0.56,40
real,0.01,1,False,1104,False,39999,1.0,True,2,1,0.44,40
real,0.01,2,False,2100,True,8350,1.0,True,2,1,0.48,40
real,0.01,2,False,2101,False,39999,0.55,False,,1,0.72,40
real,0.01,2,False,2102,False,39999,0.675,False,,1,0.48,40
real,0.01,2,False,2103,False,39999,0.65,False,,1,0.6,40
real,0.01,2,False,2104,True,3150,1.0,True,2,1,0.4,40
real,0.01,3,False,3100,False,39999,0.675,False,,1,0.64,40
real,0.01,3,False,3101,True,28650,1.0,True,2,1,0.44,40
real,0.01,3,False,3102,True,7200,1.0,True,2,1,0.44,40
real,0.01,3,False,3103,False,39999,0.7,False,,1,0.68,40
real,0.01,3,False,3104,True,22450,1.0,True,2,1,0.56,40
real,0.01,4,False,4100,True,3450,1.0,True,2,1,0.52,40
real,0.01,4,False,4101,False,39999,0.55,False,,1,0.6,40
real,0.01,4,False,4102,False,39999,1.0,True,2,1,0.6,40
real,0.01,4,False,4103,False,39999,0.625,False,,1,0.64,40
real,0.01,4,False,4104,False,39999,0.625,False,,1,0.48,40
real,0.01,5,False,5100,False,39999,1.0,True,2,1,0.32,40
real,0.01,5,False,5101,True,11200,1.0,True,2,1,0.44,40
real,0.01,5,False,5102,False,39999,0.7,False,,1,0.44,40
real,0.01,5,False,5103,False,39999,0.5,False,,1,0.44,40
real,0.01,5,False,5104,True,7200,1.0,True,2,1,0.48,40
real,0.01,6,False,6100,True,39650,1.0,True,2,1,0.28,40
real,0.01,6,False,6101,False,39999,0.45,False,,1,0.36,40
real,0.01,6,False,6102,False,39999,1.0,True,2,1,0.44,40
real,0.01,6,False,6103,True,4000,1.0,True,2,1,0.6,40
real,0.01,6,False,6104,True,22450,1.0,True,2,1,0.44,40
real,0.01,7,False,7100,True,35150,1.0,True,2,1,0.44,40
real,0.01,7,False,7101,False,39999,0.6,False,,1,0.6,40
real,0.01,7,False,7102,False,39999,1.0,True,2,1,0.48,40
real,0.01,7,False,7103,False,39999,1.0,True,2,1,0.52,40
real,0.01,7,False,7104,True,20600,1.0,True,2,1,0.44,40
real,0.01,8,False,8100,False,39999,0.875,False,,1,0.64,40
real,0.01,8,False,8101,True,3800,1.0,True,2,1,0.56,40
real,0.01,8,False,8102,True,5450,1.0,True,2,1,0.64,40
real,0.01,8,False,8103,False,39999,0.65,False,,1,0.36,40
real,0.01,8,False,8104,True,3650,1.0,True,2,1,0.56,40
real,0.01,9,False,9100,False,39999,0.625,False,,1,0.44,40
real,0.01,9,False,9101,True,6350,1.0,True,2,1,0.56,40
real,0.01,9,False,9102,True,25750,1.0,True,2,1,0.56,40
real,0.01,9,False,9103,False,39999,0.725,False,,1,0.6,40
real,0.01,9,False,9104,False,39999,0.7,False,,1,0.36,40
real,0.01,10,False,10100,False,39999,0.575,False,,1,0.44,40
real,0.01,10,False,10101,True,20600,1.0,True,2,1,0.64,40
real,0.01,10,False,10102,False,39999,0.575,False,,1,0.4,40
real,0.01,10,False,10103,False,39999,0.7,False,,1,0.36,40
real,0.01,10,False,10104,True,32850,1.0,True,2,1,0.6,40
real,0.01,11,False,11100,True,39200,1.0,True,2,1,0.6,40
real,0.01,11,False,11101,False,39999,0.75,False,,1,0.44,40
real,0.01,11,False,11102,True,34900,1.0,True,2,1,0.48,40
real,0.01,11,False,11103,False,39999,1.0,True,2,1,0.56,40
real,0.01,11,False,11104,False,39999,1.0,True,2,1,0.48,40
real,0.01,12,False,12100,True,19800,1.0,True,2,1,0.64,40
real,0.01,12,False,12101,False,39999,0.9,False,,1,0.64,40
real,0.01,12,False,12102,False,39999,0.675,False,,1,0.36,40
real,0.01,12,False,12103,False,39999,0.675,False,,1,0.6,40
real,0.01,12,False,12104,True,850,1.0,True,2,1,0.6,40
real,0.01,13,False,13100,False,39999,0.475,False,,1,0.52,40
real,0.01,13,False,13101,True,26350,1.0,True,2,1,0.56,40
real,0.01,13,False,13102,False,39999,0.6,False,,1,0.56,40
real,0.01,13,False,13103,False,39999,0.7,False,,1,0.44,40
real,0.01,13,False,13104,False,39999,0.65,False,,1,0.48,40
real,0.01,14,False,14100,True,34550,1.0,True,2,1,0.6,40
real,0.01,14,False,14101,False,39999,0.575,False,,1,0.56,40
real,0.01,14,False,14102,False,39999,0.525,False,,1,0.44,40
real,0.01,14,False,14103,False,39999,1.0,True,2,1,0.56,40
real,0.01,14,False,14104,True,37000,1.0,True,2,1,0.48,40
real,0.01,15,False,15100,False,39999,0.725,False,,1,0.6,40
real,0.01,15,False,15101,False,39999,0.575,False,,1,0.48,40
real,0.01,15,False,15102,False,39999,0.675,False,,1,0.52,40
real,0.01,15,False,15103,False,39999,0.8,False,,1,0.48,40
real,0.01,15,False,15104,False,39999,0.875,False,,1,0.52,40
real,0.01,16,False,16100,True,9000,1.0,True,2,1,0.48,40
real,0.01,16,False,16101,True,21800,1.0,True,2,1,0.6,40
real,0.01,16,False,16102,False,39999,0.9,False,,1,0.4,40
real,0.01,16,False,16103,False,39999,1.0,True,2,1,0.56,40
real,0.01,16,False,16104,True,10750,1.0,True,2,1,0.44,40
real,0.01,17,False,17100,False,39999,1.0,True,2,1,0.48,40
real,0.01,17,False,17101,False,39999,0.9,False,,1,0.48,40
real,0.01,17,False,17102,False,39999,0.75,False,,1,0.64,40
real,0.01,17,False,17103,False,39999,0.775,False,,1,0.48,40
real,0.01,17,False,17104,True,26150,1.0,True,2,1,0.6,40
real,0.01,18,False,18100,False,39999,0.5,False,,1,0.36,40
real,0.01,18,False,18101,True,28050,1.0,True,2,1,0.56,40
real,0.01,18,False,18102,True,3650,1.0,True,2,1,0.44,40
real,0.01,18,False,18103,False,39999,1.0,True,2,1,0.52,40
real,0.01,18,False,18104,False,39999,1.0,True,2,1,0.44,40
real,0.01,19,False,19100,False,39999,0.7,False,,1,0.6,40
real,0.01,19,False,19101,True,6100,1.0,True,2,1,0.6,40
real,0.01,19,False,19102,True,19650,1.0,True,2,1,0.44,40
real,0.01,19,False,19103,False,39999,0.6,False,,1,0.44,40
real,0.01,19,False,19104,False,39999,1.0,True,2,1,0.56,40
real,0.01,20,False,20100,False,39999,0.85,False,,1,0.56,40
real,0.01,20,False,20101,False,39999,0.525,False,,1,0.56,40
real,0.01,20,False,20102,False,39999,0.6,False,,1,0.6,40
real,0.01,20,False,20103,False,39999,0.625,False,,1,0.4,40
real,0.01,20,False,20104,True,15900,1.0,True,2,1,0.28,40
real,0.01,21,False,21100,False,39999,0.725,False,,1,0.52,40
real,0.01,21,False,21101,False,39999,0.625,False,,1,0.56,40
real,0.01,21,False,21102,False,39999,0.75,False,,1,0.6,40
real,0.01,21,False,21103,False,39999,1.0,True,2,1,0.44,40
real,0.01,21,False,21104,True,39300,1.0,True,2,1,0.68,40
real,0.01,22,False,22100,False,39999,1.0,True,2,1,0.64,40
real,0.01,22,False,22101,False,39999,0.55,False,,1,0.52,40
real,0.01,22,False,22102,False,39999,1.0,True,2,1,0.56,40
real,0.01,22,False,22103,False,39999,0.85,False,,1,0.48,40
real,0.01,22,False,22104,False,39999,0.65,False,,1,0.44,40
real,0.01,23,False,23100,False,39999,0.9,False,,1,0.52,40
real,0.01,23,False,23101,False,39999,0.625,False,,1,0.52,40
real,0.01,23,False,23102,False,39999,0.625,False,,1,0.52,40
real,0.01,23,False,23103,False,39999,0.575,False,,1,0.6,40
real,0.01,23,False,23104,False,39999,0.775,False,,1,0.56,40
real,0.01,24,False,24100,True,9900,1.0,True,2,1,0.56,40
real,0.01,24,False,24101,True,33100,1.0,True,2,1,0.36,40
real,0.01,24,False,24102,False,39999,0.75,False,,1,0.56,40
real,0.01,24,False,24103,False,39999,1.0,True,2,1,0.48,40
real,0.01,24,False,24104,False,39999,1.0,True,2,1,0.32,40
real,0.01,25,False,25100,False,39999,0.7,False,,1,0.48,40
real,0.01,25,False,25101,False,39999,0.7,False,,1,0.52,40
real,0.01,25,False,25102,False,39999,0.55,False,,1,0.68,40
real,0.01,25,False,25103,False,39999,0.725,False,,1,0.52,40
real,0.01,25,False,25104,False,39999,0.9,False,,1,0.52,40
real,0.01,26,False,26100,False,39999,1.0,True,2,1,0.64,40
real,0.01,26,False,26101,False,39999,0.65,False,,1,0.56,40
real,0.01,26,False,26102,False,39999,0.675,False,,1,0.44,40
real,0.01,26,False,26103,False,39999,1.0,True,2,1,0.6,40
real,0.01,26,False,26104,False,39999,0.55,False,,1,0.56,40
real,0.01,27,False,27100,False,39999,0.675,False,,1,0.64,40
real,0.01,27,False,27101,True,4400,1.0,True,2,1,0.32,40
real,0.01,27,False,27102,True,33450,1.0,True,2,1,0.56,40
real,0.01,27,False,27103,False,39999,0.475,False,,1,0.56,40
real,0.01,27,False,27104,False,39999,0.6,False,,1,0.4,40
real,0.01,28,False,28100,False,39999,1.0,True,2,1,0.52,40
real,0.01,28,False,28101,False,39999,0.675,False,,1,0.52,40
real,0.01,28,False,28102,False,39999,0.7,False,,1,0.36,40
real,0.01,28,False,28103,False,39999,0.525,False,,1,0.44,40
real,0.01,28,False,28104,False,39999,0.775,False,,1,0.4,40
real,0.01,29,False,29100,False,39999,1.0,True,2,1,0.56,40
real,0.01,29,False,29101,False,39999,0.45,False,,1,0.56,40
real,0.01,29,False,29102,False,39999,0.6,False,,1,0.52,40
real,0.01,29,False,29103,False,39999,1.0,True,2,1,0.6,40
real,0.01,29,False,29104,False,39999,0.7,False,,1,0.4,40
real,0.015,0,False,100,False,39999,0.575,False,,1,0.44,40
real,0.015,0,False,101,False,39999,0.7,False,,1,0.4,40
real,0.015,0,False,102,False,39999,0.55,False,,1,0.44,40
real,0.015,0,False,103,False,39999,0.85,False,,1,0.56,40
real,0.015,0,False,104,False,39999,0.625,False,,1,0.32,40
real,0.015,1,False,1100,False,39999,0.6,False,,1,0.44,40
real,0.015,1,False,1101,False,39999,0.7,False,,1,0.36,40
real,0.015,1,False,1102,False,39999,0.85,False,,1,0.48,40
real,0.015,1,False,1103,False,39999,0.875,False,,1,0.56,40
real,0.015,1,False,1104,False,39999,0.575,False,,1,0.52,40
real,0.015,2,False,2100,False,39999,0.8,False,,1,0.52,40
real,0.015,2,False,2101,False,39999,0.675,False,,1,0.64,40
real,0.015,2,False,2102,False,39999,1.0,True,2,1,0.56,40
real,0.015,2,False,2103,False,39999,1.0,True,2,1,0.64,40
real,0.015,2,False,2104,False,39999,1.0,True,2,1,0.64,40
real,0.015,3,False,3100,False,39999,0.825,False,,1,0.52,40
real,0.015,3,False,3101,False,39999,0.6,False,,1,0.48,40
real,0.015,3,False,3102,False,39999,0.7,False,,1,0.52,40
real,0.015,3,False,3103,False,39999,0.55,False,,1,0.6,40
real,0.015,3,False,3104,False,39999,0.5,False,,1,0.52,40
real,0.015,4,False,4100,False,39999,1.0,True,2,1,0.52,40
real,0.015,4,False,4101,False,39999,1.0,True,2,1,0.48,40
real,0.015,4,False,4102,False,39999,0.75,False,,1,0.68,40
real,0.015,4,False,4103,False,39999,0.525,False,,1,0.52,40
real,0.015,4,False,4104,False,39999,0.625,False,,1,0.44,40
real,0.015,5,False,5100,False,39999,0.75,False,,1,0.56,40
real,0.015,5,False,5101,False,39999,0.675,False,,1,0.48,40
real,0.015,5,False,5102,False,39999,0.9,False,,1,0.48,40
real,0.015,5,False,5103,False,39999,0.725,False,,1,0.6,40
real,0.015,5,False,5104,False,39999,1.0,True,2,1,0.6,40
real,0.015,6,False,6100,False,39999,0.5,False,,1,0.64,40
real,0.015,6,False,6101,False,39999,0.825,False,,1,0.56,40
real,0.015,6,False,6102,False,39999,0.9,False,,1,0.48,40
real,0.015,6,False,6103,False,39999,0.7,False,,1,0.48,40
real,0.015,6,False,6104,False,39999,0.675,False,,1,0.44,40
real,0.015,7,False,7100,False,39999,1.0,True,2,1,0.6,40
real,0.015,7,False,7101,False,39999,0.575,False,,1,0.44,40
real,0.015,7,False,7102,True,29050,1.0,True,2,1,0.56,40
real,0.015,7,False,7103,False,39999,0.75,False,,1,0.4,40
real,0.015,7,False,7104,False,39999,0.55,False,,1,0.64,40
real,0.015,8,False,8100,False,39999,0.625,False,,1,0.6,40
real,0.015,8,False,8101,False,39999,0.725,False,,1,0.52,40
real,0.015,8,False,8102,False,39999,1.0,True,2,1,0.56,40
real,0.015,8,False,8103,False,39999,0.575,False,,1,0.6,40
real,0.015,8,False,8104,False,39999,0.55,False,,1,0.44,40
real,0.015,9,False,9100,False,39999,0.575,False,,1,0.52,40
real,0.015,9,False,9101,False,39999,1.0,True,2,1,0.48,40
real,0.015,9,False,9102,False,39999,0.575,False,,1,0.48,40
real,0.015,9,False,9103,False,39999,0.5,False,,1,0.36,40
real,0.015,9,False,9104,False,39999,0.675,False,,1,0.56,40
real,0.015,10,False,10100,False,39999,0.875,False,,1,0.6,40
real,0.015,10,False,10101,False,39999,0.5,False,,1,0.52,40
real,0.015,10,False,10102,False,39999,0.575,False,,1,0.52,40
real,0.015,10,False,10103,False,39999,0.85,False,,1,0.48,40
real,0.015,10,False,10104,True,32950,1.0,True,2,1,0.64,40
real,0.015,11,False,11100,True,39200,1.0,True,2,1,0.4,40
real,0.015,11,False,11101,False,39999,0.625,False,,1,0.28,40
real,0.015,11,False,11102,False,39999,1.0,True,2,1,0.52,40
real,0.015,11,False,11103,False,39999,0.725,False,,1,0.52,40
real,0.015,11,False,11104,False,39999,0.6,False,,1,0.52,40
real,0.015,12,False,12100,False,39999,0.9,False,,1,0.36,40
real,0.015,12,False,12101,False,39999,1.0,True,2,1,0.28,40
real,0.015,12,False,12102,False,39999,0.575,False,,1,0.36,40
real,0.015,12,False,12103,False,39999,0.625,False,,1,0.48,40
real,0.015,12,False,12104,False,39999,0.575,False,,1,0.28,40
real,0.015,13,False,13100,False,39999,0.55,False,,1,0.48,40
real,0.015,13,False,13101,False,39999,1.0,True,2,1,0.6,40
real,0.015,13,False,13102,False,39999,0.9,False,,1,0.52,40
real,0.015,13,False,13103,False,39999,1.0,True,2,1,0.4,40
real,0.015,13,False,13104,False,39999,0.8,False,,1,0.48,40
real,0.015,14,False,14100,False,39999,0.575,False,,1,0.64,40
real,0.015,14,False,14101,False,39999,0.8,False,,1,0.56,40
real,0.015,14,False,14102,False,39999,0.75,False,,1,0.48,40
real,0.015,14,False,14103,False,39999,0.7,False,,1,0.52,40
real,0.015,14,False,14104,False,39999,0.55,False,,1,0.4,40
real,0.015,15,False,15100,False,39999,1.0,True,2,1,0.48,40
real,0.015,15,False,15101,False,39999,0.675,False,,1,0.48,40
real,0.015,15,False,15102,False,39999,0.65,False,,1,0.56,40
real,0.015,15,False,15103,False,39999,0.625,False,,1,0.56,40
real,0.015,15,False,15104,False,39999,0.65,False,,1,0.6,40
real,0.015,16,False,16100,False,39999,0.65,False,,1,0.48,40
real,0.015,16,False,16101,False,39999,0.75,False,,1,0.6,40
real,0.015,16,False,16102,False,39999,0.75,False,,1,0.48,40
real,0.015,16,False,16103,False,39999,0.675,False,,1,0.72,40
real,0.015,16,False,16104,False,39999,0.6,False,,1,0.44,40
real,0.015,17,False,17100,False,39999,0.6,False,,1,0.48,40
real,0.015,17,False,17101,False,39999,0.775,False,,1,0.72,40
real,0.015,17,False,17102,False,39999,1.0,True,2,1,0.56,40
real,0.015,17,False,17103,False,39999,0.7,False,,1,0.52,40
real,0.015,17,False,17104,False,39999,0.575,False,,1,0.52,40
real,0.015,18,False,18100,False,39999,0.85,False,,1,0.56,40
real,0.015,18,False,18101,False,39999,1.0,True,2,1,0.6,40
real,0.015,18,False,18102,True,13250,1.0,True,2,1,0.4,40
real,0.015,18,False,18103,False,39999,0.6,False,,1,0.4,40
real,0.015,18,False,18104,False,39999,0.625,False,,1,0.24,40
real,0.015,19,False,19100,False,39999,0.9,False,,1,0.48,40
real,0.015,19,False,19101,False,39999,0.675,False,,1,0.52,40
real,0.015,19,False,19102,False,39999,0.65,False,,1,0.6,40
real,0.015,19,False,19103,False,39999,0.55,False,,1,0.6,40
real,0.015,19,False,19104,False,39999,1.0,True,2,1,0.52,40
real,0.015,20,False,20100,False,39999,0.6,False,,1,0.48,40
real,0.015,20,False,20101,False,39999,0.7,False,,1,0.52,40
real,0.015,20,False,20102,False,39999,0.7,False,,1,0.32,40
real,0.015,20,False,20103,False,39999,0.65,False,,1,0.48,40
real,0.015,20,False,20104,False,39999,0.725,False,,1,0.4,40
real,0.015,21,False,21100,False,39999,0.85,False,,1,0.52,40
real,0.015,21,False,21101,False,39999,0.7,False,,1,0.56,40
real,0.015,21,False,21102,False,39999,0.7,False,,1,0.4,40
real,0.015,21,False,21103,False,39999,0.625,False,,1,0.48,40
real,0.015,21,False,21104,False,39999,0.7,False,,1,0.4,40
real,0.015,22,False,22100,False,39999,0.5,False,,1,0.52,40
real,0.015,22,False,22101,False,39999,0.575,False,,1,0.36,40
real,0.015,22,False,22102,False,39999,0.575,False,,1,0.44,40
real,0.015,22,False,22103,False,39999,0.6,False,,1,0.4,40
real,0.015,22,False,22104,False,39999,0.725,False,,1,0.44,40
real,0.015,23,False,23100,False,39999,0.55,False,,1,0.56,40
real,0.015,23,False,23101,False,39999,0.75,False,,1,0.48,40
real,0.015,23,False,23102,False,39999,0.6,False,,1,0.32,40
real,0.015,23,False,23103,False,39999,0.625,False,,1,0.72,40
real,0.015,23,False,23104,False,39999,0.8,False,,1,0.48,40
real,0.015,24,False,24100,False,39999,0.525,False,,1,0.48,40
real,0.015,24,False,24101,False,39999,0.65,False,,1,0.4,40
real,0.015,24,False,24102,False,39999,0.7,False,,1,0.64,40
real,0.015,24,False,24103,False,39999,0.675,False,,1,0.44,40
real,0.015,24,False,24104,False,39999,0.45,False,,1,0.6,40
real,0.015,25,False,25100,False,39999,0.55,False,,1,0.56,40
real,0.015,25,False,25101,False,39999,0.775,False,,1,0.64,40
real,0.015,25,False,25102,False,39999,0.9,False,,1,0.6,40
real,0.015,25,False,25103,False,39999,0.775,False,,1,0.52,40
real,0.015,25,False,25104,False,39999,0.825,False,,1,0.6,40
real,0.015,26,False,26100,False,39999,0.675,False,,1,0.64,40
real,0.015,26,False,26101,False,39999,0.75,False,,1,0.6,40
real,0.015,26,False,26102,False,39999,0.725,False,,1,0.48,40
real,0.015,26,False,26103,False,39999,0.625,False,,1,0.6,40
real,0.015,26,False,26104,False,39999,0.6,False,,1,0.52,40
real,0.015,27,False,27100,False,39999,0.55,False,,1,0.48,40
real,0.015,27,False,27101,False,39999,1.0,True,2,1,0.4,40
real,0.015,27,False,27102,False,39999,0.675,False,,1,0.48,40
real,0.015,27,False,27103,False,39999,0.55,False,,1,0.48,40
real,0.015,27,False,27104,False,39999,0.65,False,,1,0.56,40
real,0.015,28,False,28100,False,39999,0.625,False,,1,0.56,40
real,0.015,28,False,28101,False,39999,0.55,False,,1,0.36,40
real,0.015,28,False,28102,False,39999,0.6,False,,1,0.52,40
real,0.015,28,False,28103,False,39999,0.55,False,,1,0.48,40
real,0.015,28,False,28104,False,39999,0.575,False,,1,0.64,40
real,0.015,29,False,29100,False,39999,0.5,False,,1,0.48,40
real,0.015,29,False,29101,False,39999,0.75,False,,1,0.4,40
real,0.015,29,False,29102,False,39999,1.0,True,2,1,0.6,40
real,0.015,29,False,29103,False,39999,1.0,True,2,1,0.56,40
real,0.015,29,False,29104,False,39999,0.65,False,,1,0.36,40
real,0.02,0,False,100,False,39999,0.625,False,,1,0.32,40
real,0.02,0,False,101,False,39999,0.65,False,,1,0.6,40
real,0.02,0,False,102,False,39999,0.575,False,,1,0.44,40
real,0.02,0,False,103,False,39999,1.0,True,2,1,0.44,40
real,0.02,0,False,104,False,39999,0.525,False,,1,0.56,40
real,0.02,1,False,1100,False,39999,0.6,False,,1,0.72,40
real,0.02,1,False,1101,False,39999,0.6,False,,1,0.6,40
real,0.02,1,False,1102,False,39999,1.0,True,2,1,0.6,40
real,0.02,1,False,1103,False,39999,0.725,False,,1,0.4,40
real,0.02,1,False,1104,False,39999,0.65,False,,1,0.6,40
real,0.02,2,False,2100,False,39999,0.6,False,,1,0.32,40
real,0.02,2,False,2101,False,39999,0.7,False,,1,0.32,40
real,0.02,2,False,2102,False,39999,0.775,False,,1,0.48,40
real,0.02,2,False,2103,False,39999,0.55,False,,1,0.56,40
real,0.02,2,False,2104,False,39999,0.775,False,,1,0.56,40
real,0.02,3,False,3100,False,39999,0.65,False,,1,0.56,40
real,0.02,3,False,3101,False,39999,0.775,False,,1,0.56,40
real,0.02,3,False,3102,False,39999,0.65,False,,1,0.48,40
real,0.02,3,False,3103,False,39999,0.525,False,,1,0.56,40
real,0.02,3,False,3104,False,39999,0.575,False,,1,0.56,40
real,0.02,4,False,4100,False,39999,0.675,False,,1,0.52,40
real,0.02,4,False,4101,False,39999,0.6,False,,1,0.44,40
real,0.02,4,False,4102,False,39999,0.65,False,,1,0.72,40
real,0.02,4,False,4103,False,39999,0.85,False,,1,0.28,40
real,0.02,4,False,4104,False,39999,0.675,False,,1,0.44,40
real,0.02,5,False,5100,False,39999,0.65,False,,1,0.52,40
real,0.02,5,False,5101,False,39999,0.625,False,,1,0.48,40
real,0.02,5,False,5102,False,39999,0.85,False,,1,0.36,40
real,0.02,5,False,5103,False,39999,0.725,False,,1,0.4,40
real,0.02,5,False,5104,False,39999,0.8,False,,1,0.44,40
real,0.02,6,False,6100,False,39999,1.0,True,2,1,0.52,40
real,0.02,6,False,6101,False,39999,0.6,False,,1,0.4,40
real,0.02,6,False,6102,False,39999,0.725,False,,1,0.56,40
real,0.02,6,False,6103,False,39999,0.6,False,,1,0.6,40
real,0.02,6,False,6104,False,39999,0.7,False,,1,0.6,40
real,0.02,7,False,7100,False,39999,0.55,False,,1,0.48,40
real,0.02,7,False,7101,False,39999,0.875,False,,1,0.44,40
real,0.02,7,False,7102,False,39999,1.0,True,2,1,0.44,40
real,0.02,7,False,7103,False,39999,0.7,False,,1,0.6,40
real,0.02,7,False,7104,False,39999,0.9,False,,1,0.56,40
real,0.02,8,False,8100,False,39999,0.7,False,,1,0.6,40
real,0.02,8,False,8101,False,39999,0.8,False,,1,0.52,40
real,0.02,8,False,8102,False,39999,0.7,False,,1,0.56,40
real,0.02,8,False,8103,False,39999,0.6,False,,1,0.48,40
real,0.02,8,False,8104,False,39999,0.9,False,,1,0.6,40
real,0.02,9,False,9100,False,39999,0.5,False,,1,0.6,40
real,0.02,9,False,9101,False,39999,0.575,False,,1,0.48,40
real,0.02,9,False,9102,False,39999,0.625,False,,1,0.44,40
real,0.02,9,False,9103,False,39999,0.725,False,,1,0.52,40
real,0.02,9,False,9104,False,39999,0.875,False,,1,0.52,40
real,0.02,10,False,10100,False,39999,0.9,False,,1,0.68,40
real,0.02,10,False,10101,False,39999,0.55,False,,1,0.56,40
real,0.02,10,False,10102,False,39999,0.7,False,,1,0.52,40
real,0.02,10,False,10103,False,39999,0.575,False,,1,0.28,40
real,0.02,10,False,10104,True,32550,1.0,True,2,1,0.56,40
real,0.02,11,False,11100,False,39999,0.725,False,,1,0.4,40
real,0.02,11,False,11101,False,39999,0.675,False,,1,0.6,40
real,0.02,11,False,11102,False,39999,0.65,False,,1,0.6,40
real,0.02,11,False,11103,False,39999,0.675,False,,1,0.44,40
real,0.02,11,False,11104,False,39999,0.575,False,,1,0.48,40
real,0.02,12,False,12100,False,39999,0.575,False,,1,0.32,40
real,0.02,12,False,12101,False,39999,0.575,False,,1,0.68,40
real,0.02,12,False,12102,False,39999,0.55,False,,1,0.52,40
real,0.02,12,False,12103,False,39999,0.625,False,,1,0.56,40
real,0.02,12,False,12104,False,39999,0.75,False,,1,0.6,40
real,0.02,13,False,13100,False,39999,0.625,False,,1,0.4,40
real,0.02,13,False,13101,False,39999,0.65,False,,1,0.52,40
real,0.02,13,False,13102,False,39999,0.625,False,,1,0.56,40
real,0.02,13,False,13103,False,39999,0.85,False,,1,0.64,40
real,0.02,13,False,13104,False,39999,0.825,False,,1,0.52,40
real,0.02,14,False,14100,False,39999,0.6,False,,1,0.48,40
real,0.02,14,False,14101,False,39999,0.7,False,,1,0.68,40
real,0.02,14,False,14102,False,39999,0.75,False,,1,0.6,40
real,0.02,14,False,14103,False,39999,0.525,False,,1,0.52,40
real,0.02,14,False,14104,False,39999,0.775,False,,1,0.48,40
real,0.02,15,False,15100,False,39999,0.875,False,,1,0.64,40
real,0.02,15,False,15101,False,39999,0.575,False,,1,0.52,40
real,0.02,15,False,15102,False,39999,0.625,False,,1,0.48,40
real,0.02,15,False,15103,False,39999,0.5,False,,1,0.52,40
real,0.02,15,False,15104,False,39999,0.7,False,,1,0.52,40
real,0.02,16,False,16100,False,39999,0.6,False,,1,0.48,40
real,0.02,16,False,16101,False,39999,0.475,False,,1,0.56,40
real,0.02,16,False,16102,False,39999,0.725,False,,1,0.64,40
real,0.02,16,False,16103,False,39999,0.575,False,,1,0.48,40
real,0.02,16,False,16104,False,39999,0.725,False,,1,0.44,40
real,0.02,17,False,17100,False,39999,0.575,False,,1,0.52,40
real,0.02,17,False,17101,False,39999,1.0,True,2,1,0.6,40
real,0.02,17,False,17102,False,39999,0.575,False,,1,0.56,40
real,0.02,17,False,17103,False,39999,0.65,False,,1,0.56,40
real,0.02,17,False,17104,False,39999,0.55,False,,1,0.48,40
real,0.02,18,False,18100,False,39999,0.6,False,,1,0.44,40
real,0.02,18,False,18101,False,39999,0.575,False,,1,0.52,40
real,0.02,18,False,18102,False,39999,0.55,False,,1,0.52,40
real,0.02,18,False,18103,False,39999,0.7,False,,1,0.56,40
real,0.02,18,False,18104,False,39999,0.65,False,,1,0.64,40
real,0.02,19,False,19100,False,39999,0.7,False,,1,0.28,40
real,0.02,19,False,19101,False,39999,0.6,False,,1,0.56,40
real,0.02,19,False,19102,False,39999,0.875,False,,1,0.56,40
real,0.02,19,False,19103,False,39999,0.475,False,,1,0.44,40
real,0.02,19,False,19104,False,39999,0.65,False,,1,0.64,40
real,0.02,20,False,20100,False,39999,0.7,False,,1,0.52,40
real,0.02,20,False,20101,False,39999,0.525,False,,1,0.64,40
real,0.02,20,False,20102,False,39999,0.725,False,,1,0.44,40
real,0.02,20,False,20103,False,39999,0.575,False,,1,0.4,40
real,0.02,20,False,20104,False,39999,0.575,False,,1,0.28,40
real,0.02,21,False,21100,False,39999,0.675,False,,1,0.44,40
real,0.02,21,False,21101,False,39999,0.725,False,,1,0.48,40
real,0.02,21,False,21102,False,39999,0.525,False,,1,0.48,40
real,0.02,21,False,21103,False,39999,0.6,False,,1,0.48,40
real,0.02,21,False,21104,False,39999,0.65,False,,1,0.4,40
real,0.02,22,False,22100,False,39999,0.65,False,,1,0.32,40
real,0.02,22,False,22101,False,39999,0.55,False,,1,0.64,40
real,0.02,22,False,22102,False,39999,0.5,False,,1,0.4,40
real,0.02,22,False,22103,False,39999,0.525,False,,1,0.56,40
real,0.02,22,False,22104,False,39999,1.0,True,2,1,0.44,40
real,0.02,23,False,23100,False,39999,0.625,False,,1,0.36,40
real,0.02,23,False,23101,False,39999,0.65,False,,1,0.56,40
real,0.02,23,False,23102,False,39999,0.525,False,,1,0.36,40
real,0.02,23,False,23103,False,39999,0.75,False,,1,0.44,40
real,0.02,23,False,23104,False,39999,0.775,False,,1,0.56,40
real,0.02,24,False,24100,False,39999,0.775,False,,1,0.64,40
real,0.02,24,False,24101,False,39999,0.75,False,,1,0.6,40
real,0.02,24,False,24102,False,39999,1.0,True,2,1,0.56,40
real,0.02,24,False,24103,False,39999,0.75,False,,1,0.44,40
real,0.02,24,False,24104,False,39999,0.65,False,,1,0.52,40
real,0.02,25,False,25100,False,39999,0.75,False,,1,0.32,40
real,0.02,25,False,25101,False,39999,0.525,False,,1,0.6,40
real,0.02,25,False,25102,False,39999,0.6,False,,1,0.52,40
real,0.02,25,False,25103,False,39999,1.0,True,2,1,0.48,40
real,0.02,25,False,25104,False,39999,0.7,False,,1,0.52,40
real,0.02,26,False,26100,False,39999,0.6,False,,1,0.56,40
real,0.02,26,False,26101,False,39999,1.0,True,2,1,0.4,40
real,0.02,26,False,26102,False,39999,0.775,False,,1,0.6,40
real,0.02,26,False,26103,False,39999,0.75,False,,1,0.48,40
real,0.02,26,False,26104,False,39999,0.6,False,,1,0.48,40
real,0.02,27,False,27100,False,39999,0.675,False,,1,0.36,40
real,0.02,27,False,27101,False,39999,0.65,False,,1,0.56,40
real,0.02,27,False,27102,False,39999,0.575,False,,1,0.44,40
real,0.02,27,False,27103,False,39999,0.75,False,,1,0.52,40
real,0.02,27,False,27104,False,39999,0.45,False,,1,0.4,40
real,0.02,28,False,28100,False,39999,0.45,False,,1,0.52,40
real,0.02,28,False,28101,False,39999,0.65,False,,1,0.56,40
real,0.02,28,False,28102,False,39999,0.75,False,,1,0.68,40
real,0.02,28,False,28103,False,39999,0.65,False,,1,0.48,40
real,0.02,28,False,28104,False,39999,0.625,False,,1,0.48,40
real,0.02,29,False,29100,False,39999,0.675,False,,1,0.6,40
real,0.02,29,False,29101,False,39999,0.675,False,,1,0.56,40
real,0.02,29,False,29102,False,39999,0.8,False,,1,0.56,40
real,0.02,29,False,29103,False,39999,0.75,False,,1,0.36,40
real,0.02,29,False,29104,False,39999,1.0,True,2,1,0.48,40
real,0.03,0,False,100,False,39999,0.65,False,,1,0.44,40
real,0.03,0,False,101,False,39999,0.575,False,,1,0.48,40
real,0.03,0,False,102,False,39999,0.475,False,,1,0.52,40
real,0.03,0,False,103,False,39999,0.575,False,,1,0.68,40
real,0.03,0,False,104,False,39999,1.0,True,2,1,0.6,40
real,0.03,1,False,1100,False,39999,0.6,False,,1,0.56,40
real,0.03,1,False,1101,False,39999,0.575,False,,1,0.6,40
real,0.03,1,False,1102,False,39999,1.0,True,2,1,0.32,40
real,0.03,1,False,1103,False,39999,0.5,False,,1,0.64,40
real,0.03,1,False,1104,False,39999,1.0,True,2,1,0.44,40
real,0.03,2,False,2100,False,39999,0.6,False,,1,0.48,40
real,0.03,2,False,2101,False,39999,0.5,False,,1,0.56,40
real,0.03,2,False,2102,False,39999,0.55,False,,1,0.56,40
real,0.03,2,False,2103,False,39999,0.65,False,,1,0.6,40
real,0.03,2,False,2104,False,39999,0.625,False,,1,0.52,40
real,0.03,3,False,3100,False,39999,0.65,False,,1,0.4,40
real,0.03,3,False,3101,False,39999,0.55,False,,1,0.28,40
real,0.03,3,False,3102,False,39999,0.675,False,,1,0.52,40
real,0.03,3,False,3103,False,39999,0.65,False,,1,0.56,40
real,0.03,3,False,3104,False,39999,0.7,False,,1,0.48,40
real,0.03,4,False,4100,False,39999,0.775,False,,1,0.36,40
real,0.03,4,False,4101,False,39999,0.6,False,,1,0.52,40
real,0.03,4,False,4102,False,39999,0.65,False,,1,0.6,40
real,0.03,4,False,4103,False,39999,0.575,False,,1,0.44,40
real,0.03,4,False,4104,False,39999,0.75,False,,1,0.56,40
real,0.03,5,False,5100,False,39999,0.7,False,,1,0.36,40
real,0.03,5,False,5101,False,39999,0.625,False,,1,0.48,40
real,0.03,5,False,5102,False,39999,0.55,False,,1,0.6,40
real,0.03,5,False,5103,False,39999,0.7,False,,1,0.48,40
real,0.03,5,False,5104,False,39999,0.55,False,,1,0.6,40
real,0.03,6,False,6100,False,39999,0.625,False,,1,0.44,40
real,0.03,6,False,6101,False,39999,0.9,False,,1,0.52,40
real,0.03,6,False,6102,False,39999,0.65,False,,1,0.44,40
real,0.03,6,False,6103,False,39999,0.55,False,,1,0.56,40
real,0.03,6,False,6104,False,39999,0.525,False,,1,0.6,40
real,0.03,7,False,7100,False,39999,0.45,False,,1,0.52,40
real,0.03,7,False,7101,False,39999,0.675,False,,1,0.48,40
real,0.03,7,False,7102,False,39999,0.725,False,,1,0.6,40
real,0.03,7,False,7103,False,39999,0.625,False,,1,0.64,40
real,0.03,7,False,7104,False,39999,0.675,False,,1,0.48,40
real,0.03,8,False,8100,False,39999,0.6,False,,1,0.48,40
real,0.03,8,False,8101,False,39999,0.625,False,,1,0.36,40
real,0.03,8,False,8102,False,39999,0.6,False,,1,0.72,40
real,0.03,8,False,8103,False,39999,0.725,False,,1,0.56,40
real,0.03,8,False,8104,False,39999,0.7,False,,1,0.64,40
real,0.03,9,False,9100,False,39999,0.525,False,,1,0.36,40
real,0.03,9,False,9101,False,39999,0.85,False,,1,0.32,40
real,0.03,9,False,9102,False,39999,1.0,True,2,1,0.52,40
real,0.03,9,False,9103,False,39999,0.6,False,,1,0.48,40
real,0.03,9,False,9104,False,39999,0.675,False,,1,0.48,40
real,0.03,10,False,10100,False,39999,0.75,False,,1,0.52,40
real,0.03,10,False,10101,False,39999,0.675,False,,1,0.36,40
real,0.03,10,False,10102,False,39999,0.725,False,,1,0.6,40
real,0.03,10,False,10103,False,39999,0.675,False,,1,0.48,40
real,0.03,10,False,10104,False,39999,0.65,False,,1,0.32,40
real,0.03,11,False,11100,False,39999,0.65,False,,1,0.28,40
real,0.03,11,False,11101,False,39999,0.5,False,,1,0.6,40
real,0.03,11,False,11102,False,39999,0.525,False,,1,0.64,40
real,0.03,11,False,11103,False,39999,0.55,False,,1,0.52,40
real,0.03,11,False,11104,False,39999,0.625,False,,1,0.48,40
real,0.03,12,False,12100,False,39999,0.8,False,,1,0.48,40
real,0.03,12,False,12101,False,39999,0.6,False,,1,0.48,40
real,0.03,12,False,12102,False,39999,0.65,False,,1,0.56,40
real,0.03,12,False,12103,False,39999,0.6,False,,1,0.52,40
real,0.03,12,False,12104,False,39999,0.575,False,,1,0.68,40
real,0.03,13,False,13100,False,39999,0.55,False,,1,0.6,40
real,0.03,13,False,13101,False,39999,0.425,False,,1,0.44,40
real,0.03,13,False,13102,False,39999,0.6,False,,1,0.68,40
real,0.03,13,False,13103,False,39999,0.5,False,,1,0.52,40
real,0.03,13,False,13104,False,39999,0.9,False,,1,0.56,40
real,0.03,14,False,14100,False,39999,0.55,False,,1,0.68,40
real,0.03,14,False,14101,False,39999,0.65,False,,1,0.6,40
real,0.03,14,False,14102,False,39999,0.675,False,,1,0.32,40
real,0.03,14,False,14103,False,39999,0.6,False,,1,0.52,40
real,0.03,14,False,14104,False,39999,1.0,True,2,1,0.52,40
real,0.03,15,False,15100,False,39999,0.85,False,,1,0.68,40
real,0.03,15,False,15101,False,39999,0.675,False,,1,0.36,40
real,0.03,15,False,15102,False,39999,0.9,False,,1,0.64,40
real,0.03,15,False,15103,False,39999,0.75,False,,1,0.48,40
real,0.03,15,False,15104,False,39999,0.525,False,,1,0.44,40
real,0.03,16,False,16100,False,39999,0.575,False,,1,0.48,40
real,0.03,16,False,16101,False,39999,0.525,False,,1,0.44,40
real,0.03,16,False,16102,False,39999,0.6,False,,1,0.6,40
real,0.03,16,False,16103,False,39999,0.65,False,,1,0.52,40
real,0.03,16,False,16104,False,39999,0.725,False,,1,0.52,40
real,0.03,17,False,17100,False,39999,1.0,True,2,1,0.44,40
real,0.03,17,False,17101,False,39999,0.55,False,,1,0.48,40
real,0.03,17,False,17102,False,39999,0.675,False,,1,0.6,40
real,0.03,17,False,17103,False,39999,0.9,False,,1,0.52,40
real,0.03,17,False,17104,False,39999,0.575,False,,1,0.56,40
real,0.03,18,False,18100,False,39999,0.7,False,,1,0.64,40
real,0.03,18,False,18101,False,39999,0.775,False,,1,0.36,40
real,0.03,18,False,18102,False,39999,1.0,True,2,1,0.52,40
real,0.03,18,False,18103,False,39999,0.65,False,,1,0.56,40
real,0.03,18,False,18104,False,39999,0.575,False,,1,0.6,40
real,0.03,19,False,19100,False,39999,0.7,False,,1,0.56,40
real,0.03,19,False,19101,False,39999,0.6,False,,1,0.6,40
real,0.03,19,False,19102,False,39999,0.65,False,,1,0.64,40
real,0.03,19,False,19103,False,39999,0.65,False,,1,0.52,40
real,0.03,19,False,19104,False,39999,0.725,False,,1,0.36,40
real,0.03,20,False,20100,False,39999,0.5,False,,1,0.52,40
real,0.03,20,False,20101,False,39999,0.625,False,,1,0.48,40
real,0.03,20,False,20102,False,39999,0.7,False,,1,0.44,40
real,0.03,20,False,20103,False,39999,0.9,False,,1,0.36,40
real,0.03,20,False,20104,False,39999,1.0,True,2,1,0.32,40
real,0.03,21,False,21100,False,39999,0.725,False,,1,0.52,40
real,0.03,21,False,21101,False,39999,0.75,False,,1,0.6,40
real,0.03,21,False,21102,False,39999,0.575,False,,1,0.4,40
real,0.03,21,False,21103,False,39999,1.0,True,2,1,0.6,40
real,0.03,21,False,21104,False,39999,0.775,False,,1,0.44,40
real,0.03,22,False,22100,False,39999,1.0,True,2,1,0.6,40
real,0.03,22,False,22101,False,39999,0.65,False,,1,0.4,40
real,0.03,22,False,22102,False,39999,0.55,False,,1,0.44,40
real,0.03,22,False,22103,False,39999,0.6,False,,1,0.64,40
real,0.03,22,False,22104,False,39999,0.6,False,,1,0.56,40
real,0.03,23,False,23100,False,39999,1.0,True,2,1,0.52,40
real,0.03,23,False,23101,False,39999,0.675,False,,1,0.48,40
real,0.03,23,False,23102,False,39999,0.85,False,,1,0.48,40
real,0.03,23,False,23103,False,39999,0.6,False,,1,0.68,40
real,0.03,23,False,23104,False,39999,0.5,False,,1,0.48,40
real,0.03,24,False,24100,False,39999,0.9,False,,1,0.56,40
real,0.03,24,False,24101,False,39999,0.8,False,,1,0.44,40
real,0.03,24,False,24102,False,39999,0.575,False,,1,0.48,40
real,0.03,24,False,24103,False,39999,0.6,False,,1,0.4,40
real,0.03,24,False,24104,False,39999,0.525,False,,1,0.4,40
real,0.03,25,False,25100,False,39999,0.675,False,,1,0.48,40
real,0.03,25,False,25101,False,39999,0.675,False,,1,0.52,40
real,0.03,25,False,25102,False,39999,0.625,False,,1,0.44,40
real,0.03,25,False,25103,False,39999,0.55,False,,1,0.56,40
real,0.03,25,False,25104,False,39999,0.55,False,,1,0.44,40
real,0.03,26,False,26100,False,39999,1.0,True,2,1,0.56,40
real,0.03,26,False,26101,False,39999,0.675,False,,1,0.4,40
real,0.03,26,False,26102,False,39999,0.65,False,,1,0.52,40
real,0.03,26,False,26103,False,39999,0.65,False,,1,0.48,40
real,0.03,26,False,26104,False,39999,0.775,False,,1,0.64,40
real,0.03,27,False,27100,False,39999,0.6,False,,1,0.56,40
real,0.03,27,False,27101,False,39999,0.625,False,,1,0.48,40
real,0.03,27,False,27102,False,39999,0.475,False,,1,0.48,40
real,0.03,27,False,27103,False,39999,0.75,False,,1,0.6,40
real,0.03,27,False,27104,False,39999,0.75,False,,1,0.52,40
real,0.03,28,False,28100,False,39999,0.625,False,,1,0.44,40
real,0.03,28,False,28101,False,39999,0.675,False,,1,0.36,40
real,0.03,28,False,28102,False,39999,0.525,False,,1,0.48,40
real,0.03,28,False,28103,False,39999,0.675,False,,1,0.44,40
real,0.03,28,False,28104,False,39999,0.7,False,,1,0.52,40
real,0.03,29,False,29100,False,39999,0.75,False,,1,0.68,40
real,0.03,29,False,29101,False,39999,0.5,False,,1,0.48,40
real,0.03,29,False,29102,False,39999,0.8,False,,1,0.24,40
real,0.03,29,False,29103,False,39999,0.6,False,,1,0.52,40
real,0.03,29,False,29104,False,39999,0.725,False,,1,0.52,40
real,0.05,0,False,100,False,39999,0.7,False,,1,0.56,40
real,0.05,0,False,101,False,39999,0.575,False,,1,0.6,40
real,0.05,0,False,102,False,39999,0.45,False,,1,0.44,40
real,0.05,0,False,103,False,39999,0.525,False,,1,0.52,40
real,0.05,0,False,104,False,39999,0.625,False,,1,0.44,40
real,0.05,1,False,1100,False,39999,1.0,True,2,1,0.44,40
real,0.05,1,False,1101,False,39999,0.85,False,,1,0.44,40
real,0.05,1,False,1102,False,39999,0.75,False,,1,0.6,40
real,0.05,1,False,1103,False,39999,0.4,False,,1,0.4,40
real,0.05,1,False,1104,False,39999,0.75,False,,1,0.64,40
real,0.05,2,False,2100,False,39999,0.675,False,,1,0.52,40
real,0.05,2,False,2101,False,39999,1.0,True,2,1,0.56,40
real,0.05,2,False,2102,False,39999,0.575,False,,1,0.48,40
real,0.05,2,False,2103,False,39999,0.7,False,,1,0.68,40
real,0.05,2,False,2104,False,39999,0.7,False,,1,0.56,40
real,0.05,3,False,3100,False,39999,0.8,False,,1,0.52,40
real,0.05,3,False,3101,False,39999,0.575,False,,1,0.6,40
real,0.05,3,False,3102,False,39999,0.7,False,,1,0.48,40
real,0.05,3,False,3103,False,39999,0.575,False,,1,0.56,40
real,0.05,3,False,3104,False,39999,0.55,False,,1,0.56,40
real,0.05,4,False,4100,False,39999,0.65,False,,1,0.6,40
real,0.05,4,False,4101,False,39999,0.475,False,,1,0.4,40
real,0.05,4,False,4102,False,39999,0.625,False,,1,0.48,40
real,0.05,4,False,4103,False,39999,0.675,False,,1,0.64,40
real,0.05,4,False,4104,False,39999,0.55,False,,1,0.48,40
real,0.05,5,False,5100,False,39999,0.65,False,,1,0.48,40
real,0.05,5,False,5101,False,39999,0.575,False,,1,0.48,40
real,0.05,5,False,5102,False,39999,0.6,False,,1,0.28,40
real,0.05,5,False,5103,False,39999,0.55,False,,1,0.56,40
real,0.05,5,False,5104,False,39999,0.7,False,,1,0.48,40
real,0.05,6,False,6100,False,39999,0.55,False,,1,0.52,40
real,0.05,6,False,6101,False,39999,0.525,False,,1,0.6,40
real,0.05,6,False,6102,False,39999,0.55,False,,1,0.6,40
real,0.05,6,False,6103,False,39999,0.525,False,,1,0.6,40
real,0.05,6,False,6104,False,39999,0.7,False,,1,0.36,40
real,0.05,7,False,7100,False,39999,0.6,False,,1,0.36,40
real,0.05,7,False,7101,False,39999,0.625,False,,1,0.52,40
real,0.05,7,False,7102,False,39999,0.55,False,,1,0.56,40
real,0.05,7,False,7103,False,39999,0.6,False,,1,0.4,40
real,0.05,7,False,7104,False,39999,1.0,True,2,1,0.44,40
real,0.05,8,False,8100,False,39999,0.525,False,,1,0.52,40
real,0.05,8,False,8101,False,39999,0.65,False,,1,0.44,40
real,0.05,8,False,8102,False,39999,0.9,False,,1,0.44,40
real,0.05,8,False,8103,False,39999,0.575,False,,1,0.52,40
real,0.05,8,False,8104,False,39999,0.55,False,,1,0.52,40
real,0.05,9,False,9100,False,39999,0.725,False,,1,0.56,40
real,0.05,9,False,9101,False,39999,0.75,False,,1,0.48,40
real,0.05,9,False,9102,False,39999,0.9,False,,1,0.56,40
real,0.05,9,False,9103,False,39999,0.6,False,,1,0.52,40
real,0.05,9,False,9104,False,39999,0.675,False,,1,0.64,40
real,0.05,10,False,10100,False,39999,0.575,False,,1,0.56,40
real,0.05,10,False,10101,False,39999,0.575,False,,1,0.4,40
real,0.05,10,False,10102,False,39999,0.625,False,,1,0.44,40
real,0.05,10,False,10103,False,39999,0.625,False,,1,0.56,40
real,0.05,10,False,10104,False,39999,0.675,False,,1,0.28,40
real,0.05,11,False,11100,False,39999,0.9,False,,1,0.68,40
real,0.05,11,False,11101,False,39999,0.65,False,,1,0.44,40
real,0.05,11,False,11102,False,39999,0.6,False,,1,0.68,40
real,0.05,11,False,11103,False,39999,0.475,False,,1,0.24,40
real,0.05,11,False,11104,False,39999,0.625,False,,1,0.56,40
real,0.05,12,False,12100,False,39999,0.775,False,,1,0.36,40
real,0.05,12,False,12101,False,39999,0.525,False,,1,0.56,40
real,0.05,12,False,12102,False,39999,0.575,False,,1,0.64,40
real,0.05,12,False,12103,False,39999,0.55,False,,1,0.48,40
real,0.05,12,False,12104,False,39999,0.575,False,,1,0.64,40
real,0.05,13,False,13100,False,39999,0.55,False,,1,0.48,40
real,0.05,13,False,13101,False,39999,1.0,True,2,1,0.68,40
real,0.05,13,False,13102,False,39999,0.65,False,,1,0.6,40
real,0.05,13,False,13103,False,39999,0.675,False,,1,0.52,40
real,0.05,13,False,13104,False,39999,0.65,False,,1,0.48,40
real,0.05,14,False,14100,False,39999,0.625,False,,1,0.68,40
real,0.05,14,False,14101,False,39999,0.575,False,,1,0.56,40
real,0.05,14,False,14102,False,39999,0.625,False,,1,0.44,40
real,0.05,14,False,14103,False,39999,0.7,False,,1,0.48,40
real,0.05,14,False,14104,False,39999,0.5,False,,1,0.56,40
real,0.05,15,False,15100,False,39999,0.575,False,,1,0.6,40
real,0.05,15,False,15101,False,39999,0.575,False,,1,0.56,40
real,0.05,15,False,15102,False,39999,1.0,True,2,1,0.6,40
real,0.05,15,False,15103,False,39999,0.675,False,,1,0.56,40
real,0.05,15,False,15104,False,39999,0.475,False,,1,0.48,40
real,0.05,16,False,16100,False,39999,0.45,False,,1,0.48,40
real,0.05,16,False,16101,False,39999,0.65,False,,1,0.48,40
real,0.05,16,False,16102,False,39999,0.575,False,,1,0.56,40
real,0.05,16,False,16103,False,39999,0.575,False,,1,0.52,40
real,0.05,16,False,16104,False,39999,0.525,False,,1,0.48,40
real,0.05,17,False,17100,False,39999,0.575,False,,1,0.44,40
real,0.05,17,False,17101,False,39999,0.55,False,,1,0.6,40
real,0.05,17,False,17102,False,39999,0.625,False,,1,0.68,40
real,0.05,17,False,17103,False,39999,0.575,False,,1,0.52,40
real,0.05,17,False,17104,False,39999,0.75,False,,1,0.56,40
real,0.05,18,False,18100,False,39999,0.55,False,,1,0.68,40
real,0.05,18,False,18101,False,39999,0.6,False,,1,0.44,40
real,0.05,18,False,18102,False,39999,0.8,False,,1,0.28,40
real,0.05,18,False,18103,False,39999,0.475,False,,1,0.36,40
real,0.05,18,False,18104,False,39999,0.675,False,,1,0.52,40
real,0.05,19,False,19100,False,39999,0.675,False,,1,0.56,40
real,0.05,19,False,19101,False,39999,0.75,False,,1,0.56,40
real,0.05,19,False,19102,False,39999,0.575,False,,1,0.48,40
real,0.05,19,False,19103,False,39999,0.675,False,,1,0.6,40
real,0.05,19,False,19104,False,39999,0.825,False,,1,0.52,40
real,0.05,20,False,20100,False,39999,0.65,False,,1,0.48,40
real,0.05,20,False,20101,False,39999,0.625,False,,1,0.52,40
real,0.05,20,False,20102,False,39999,0.625,False,,1,0.64,40
real,0.05,20,False,20103,False,39999,0.625,False,,1,0.52,40
real,0.05,20,False,20104,False,39999,0.7,False,,1,0.52,40
real,0.05,21,False,21100,False,39999,0.575,False,,1,0.52,40
real,0.05,21,False,21101,False,39999,0.6,False,,1,0.4,40
real,0.05,21,False,21102,False,39999,0.85,False,,1,0.36,40
real,0.05,21,False,21103,False,39999,0.675,False,,1,0.64,40
real,0.05,21,False,21104,False,39999,0.75,False,,1,0.6,40
real,0.05,22,False,22100,False,39999,0.625,False,,1,0.48,40
real,0.05,22,False,22101,False,39999,0.6,False,,1,0.32,40
real,0.05,22,False,22102,False,39999,0.65,False,,1,0.56,40
real,0.05,22,False,22103,False,39999,0.8,False,,1,0.44,40
real,0.05,22,False,22104,False,39999,0.7,False,,1,0.6,40
real,0.05,23,False,23100,False,39999,0.75,False,,1,0.52,40
real,0.05,23,False,23101,False,39999,0.5,False,,1,0.48,40
real,0.05,23,False,23102,False,39999,0.475,False,,1,0.56,40
real,0.05,23,False,23103,False,39999,0.575,False,,1,0.56,40
real,0.05,23,False,23104,False,39999,0.5,False,,1,0.56,40
real,0.05,24,False,24100,False,39999,0.7,False,,1,0.48,40
real,0.05,24,False,24101,False,39999,0.625,False,,1,0.32,40
real,0.05,24,False,24102,False,39999,0.525,False,,1,0.4,40
real,0.05,24,False,24103,False,39999,0.575,False,,1,0.6,40
real,0.05,24,False,24104,False,39999,0.875,False,,1,0.52,40
real,0.05,25,False,25100,False,39999,0.575,False,,1,0.6,40
real,0.05,25,False,25101,False,39999,0.55,False,,1,0.48,40
real,0.05,25,False,25102,False,39999,0.85,False,,1,0.56,40
real,0.05,25,False,25103,False,39999,0.55,False,,1,0.48,40
real,0.05,25,False,25104,False,39999,0.525,False,,1,0.4,40
real,0.05,26,False,26100,False,39999,0.7,False,,1,0.56,40
real,0.05,26,False,26101,False,39999,0.55,False,,1,0.4,40
real,0.05,26,False,26102,False,39999,0.775,False,,1,0.48,40
real,0.05,26,False,26103,False,39999,0.65,False,,1,0.56,40
real,0.05,26,False,26104,False,39999,0.625,False,,1,0.4,40
real,0.05,27,False,27100,False,39999,0.725,False,,1,0.32,40
real,0.05,27,False,27101,False,39999,0.525,False,,1,0.4,40
real,0.05,27,False,27102,False,39999,0.75,False,,1,0.56,40
real,0.05,27,False,27103,False,39999,0.575,False,,1,0.4,40
real,0.05,27,False,27104,False,39999,0.55,False,,1,0.68,40
real,0.05,28,False,28100,False,39999,0.525,False,,1,0.36,40
real,0.05,28,False,28101,False,39999,0.575,False,,1,0.48,40
real,0.05,28,False,28102,False,39999,0.875,False,,1,0.48,40
real,0.05,28,False,28103,False,39999,0.575,False,,1,0.52,40
real,0.05,28,False,28104,False,39999,0.675,False,,1,0.28,40
real,0.05,29,False,29100,False,39999,0.6,False,,1,0.52,40
real,0.05,29,False,29101,False,39999,0.675,False,,1,0.4,40
real,0.05,29,False,29102,False,39999,0.475,False,,1,0.64,40
real,0.05,29,False,29103,False,39999,0.75,False,,1,0.56,40
real,0.05,29,False,29104,False,39999,0.9,False,,1,0.64,40
random,0.0,0,False,100,True,950,1.0,True,2,1,0.47368421052631576,19
random,0.0,0,False,101,True,950,1.0,True,2,1,0.6842105263157895,19
random,0.0,0,False,102,True,850,1.0,False,,1,0.3684210526315789,19
random,0.0,0,False,103,True,950,1.0,False,,1,0.631578947368421,19
random,0.0,0,False,104,True,800,1.0,True,2,1,0.7368421052631579,19
random,0.0,1,False,1100,True,900,1.0,True,2,1,0.5263157894736842,19
random,0.0,1,False,1101,True,900,1.0,True,2,1,0.631578947368421,19
random,0.0,1,False,1102,True,850,1.0,True,2,1,0.631578947368421,19
random,0.0,1,False,1103,True,800,1.0,True,2,1,0.631578947368421,19
random,0.0,1,False,1104,True,900,1.0,True,2,1,0.631578947368421,19
random,0.0,2,False,2100,True,900,1.0,True,2,1,0.5789473684210527,15
random,0.0,2,False,2101,True,850,1.0,True,2,1,0.5789473684210527,15
random,0.0,2,False,2102,True,900,1.0,True,2,1,0.47368421052631576,15
random,0.0,2,False,2103,True,900,1.0,True,2,1,0.3684210526315789,15
random,0.0,2,False,2104,True,850,1.0,True,2,1,0.6842105263157895,15
random,0.0,3,False,3100,True,900,1.0,True,2,1,0.7368421052631579,16
random,0.0,3,False,3101,True,800,1.0,True,2,1,0.6842105263157895,16
random,0.0,3,False,3102,True,800,1.0,True,2,1,0.8947368421052632,16
random,0.0,3,False,3103,True,1150,1.0,True,2,1,0.47368421052631576,16
random,0.0,3,False,3104,True,1050,1.0,True,2,1,0.5263157894736842,16
random,0.0,4,False,4100,True,800,1.0,True,2,1,0.7894736842105263,17
random,0.0,4,False,4101,True,800,1.0,True,2,1,0.5789473684210527,17
random,0.0,4,False,4102,True,800,1.0,True,2,1,0.7894736842105263,17
random,0.0,4,False,4103,True,800,1.0,True,2,1,0.7894736842105263,17
random,0.0,4,False,4104,True,800,1.0,True,2,1,0.6842105263157895,17
random,0.0,5,False,5100,True,850,1.0,True,2,1,0.7368421052631579,18
random,0.0,5,False,5101,True,850,1.0,True,2,1,0.5789473684210527,18
random,0.0,5,False,5102,True,850,1.0,True,2,1,0.631578947368421,18
random,0.0,5,False,5103,True,850,1.0,True,2,1,0.3157894736842105,18
random,0.0,5,False,5104,True,900,1.0,True,2,1,0.3684210526315789,18
random,0.0,6,False,6100,True,1000,1.0,True,2,1,0.42105263157894735,17
random,0.0,6,False,6101,True,800,1.0,True,2,1,0.5789473684210527,17
random,0.0,6,False,6102,True,850,1.0,True,2,1,0.5789473684210527,17
random,0.0,6,False,6103,True,800,1.0,True,2,1,0.5263157894736842,17
random,0.0,6,False,6104,True,950,1.0,True,2,1,0.5789473684210527,17
random,0.0,7,False,7100,True,1150,1.0,True,2,1,0.631578947368421,13
random,0.0,7,False,7101,True,1150,1.0,True,2,1,0.3684210526315789,13
random,0.0,7,False,7102,True,1200,1.0,True,2,1,0.5263157894736842,13
random,0.0,7,False,7103,True,850,1.0,True,2,1,0.47368421052631576,13
random,0.0,7,False,7104,True,800,1.0,True,2,1,0.631578947368421,13
random,0.0,8,False,8100,True,800,1.0,True,2,1,0.7894736842105263,18
random,0.0,8,False,8101,True,900,1.0,True,2,1,0.6842105263157895,18
random,0.0,8,False,8102,True,950,1.0,True,2,1,0.47368421052631576,18
random,0.0,8,False,8103,True,850,1.0,True,2,1,0.47368421052631576,18
random,0.0,8,False,8104,True,850,1.0,True,2,1,0.5789473684210527,18
random,0.0,9,False,9100,True,1000,1.0,True,2,1,0.42105263157894735,15
random,0.0,9,False,9101,True,850,1.0,True,2,1,0.7894736842105263,15
random,0.0,9,False,9102,True,800,1.0,True,2,1,0.7368421052631579,15
random,0.0,9,False,9103,True,850,1.0,True,2,1,0.47368421052631576,15
random,0.0,9,False,9104,True,900,1.0,True,2,1,0.6842105263157895,15
random,0.0,10,False,10100,True,900,1.0,True,2,1,0.5263157894736842,18
random,0.0,10,False,10101,True,800,1.0,True,2,1,0.631578947368421,18
random,0.0,10,False,10102,True,850,1.0,True,2,1,0.42105263157894735,18
random,0.0,10,False,10103,True,950,1.0,True,2,1,0.631578947368421,18
random,0.0,10,False,10104,True,900,1.0,True,2,1,0.42105263157894735,18
random,0.0,11,False,11100,True,800,1.0,True,2,1,0.7894736842105263,17
random,0.0,11,False,11101,True,1100,1.0,True,2,1,0.5789473684210527,17
random,0.0,11,False,11102,True,850,1.0,True,2,1,0.631578947368421,17
random,0.0,11,False,11103,True,1000,1.0,True,2,1,0.42105263157894735,17
random,0.0,11,False,11104,True,1050,1.0,True,2,1,0.42105263157894735,17
random,0.0,12,False,12100,True,800,1.0,True,2,1,0.7894736842105263,17
random,0.0,12,False,12101,True,950,1.0,True,2,1,0.631578947368421,17
random,0.0,12,False,12102,True,850,1.0,False,,1,0.6842105263157895,17
random,0.0,12,False,12103,True,850,1.0,False,,1,0.5789473684210527,17
random,0.0,12,False,12104,True,900,1.0,True,2,1,0.5789473684210527,17
random,0.0,13,False,13100,True,850,1.0,True,2,1,0.5789473684210527,19
random,0.0,13,False,13101,True,850,1.0,True,2,1,0.631578947368421,19
random,0.0,13,False,13102,True,900,1.0,True,2,1,0.47368421052631576,19
random,0.0,13,False,13103,True,1100,1.0,True,2,1,0.42105263157894735,19
random,0.0,13,False,13104,True,900,1.0,True,2,1,0.3684210526315789,19
random,0.0,14,False,14100,True,800,1.0,True,2,1,0.7894736842105263,16
random,0.0,14,False,14101,True,900,1.0,True,2,1,0.5789473684210527,16
random,0.0,14,False,14102,True,900,1.0,True,2,1,0.6842105263157895,16
random,0.0,14,False,14103,True,850,1.0,True,2,1,0.6842105263157895,16
random,0.0,14,False,14104,True,900,1.0,True,2,1,0.42105263157894735,16
random,0.0,15,False,15100,True,1000,1.0,True,2,1,0.6842105263157895,16
random,0.0,15,False,15101,True,850,1.0,True,2,1,0.42105263157894735,16
random,0.0,15,False,15102,True,1000,1.0,True,2,1,0.42105263157894735,16
random,0.0,15,False,15103,True,850,1.0,True,2,1,0.6842105263157895,16
random,0.0,15,False,15104,True,800,1.0,True,2,1,0.6842105263157895,16
random,0.0,16,False,16100,True,800,1.0,True,2,1,0.5789473684210527,17
random,0.0,16,False,16101,True,800,1.0,True,2,1,0.631578947368421,17
random,0.0,16,False,16102,True,850,1.0,True,2,1,0.6842105263157895,17
random,0.0,16,False,16103,True,850,1.0,True,2,1,0.42105263157894735,17
random,0.0,16,False,16104,True,900,1.0,True,2,1,0.5263157894736842,17
random,0.0,17,False,17100,True,1000,1.0,False,,1,0.5789473684210527,15
random,0.0,17,False,17101,True,850,1.0,True,2,1,0.5789473684210527,15
random,0.0,17,False,17102,True,950,1.0,True,2,1,0.6842105263157895,15
random,0.0,17,False,17103,True,950,1.0,True,2,1,0.47368421052631576,15
random,0.0,17,False,17104,True,850,1.0,True,2,1,0.631578947368421,15
random,0.0,18,False,18100,True,900,1.0,True,2,1,0.5789473684210527,14
random,0.0,18,False,18101,True,850,1.0,True,2,1,0.5263157894736842,14
random,0.0,18,False,18102,True,900,1.0,True,2,1,0.5789473684210527,14
random,0.0,18,False,18103,True,850,1.0,True,2,1,0.47368421052631576,14
random,0.0,18,False,18104,True,950,1.0,True,2,1,0.6842105263157895,14
random,0.0,19,False,19100,True,850,1.0,False,,1,0.5263157894736842,15
random,0.0,19,False,19101,True,800,1.0,True,2,1,0.631578947368421,15
random,0.0,19,False,19102,True,850,1.0,True,2,1,0.6842105263157895,15
random,0.0,19,False,19103,True,800,1.0,True,2,1,0.5789473684210527,15
random,0.0,19,False,19104,True,800,1.0,False,,1,0.7368421052631579,15
random,0.0,20,False,20100,True,1000,1.0,True,2,1,0.6842105263157895,14
random,0.0,20,False,20101,True,900,1.0,True,2,1,0.3684210526315789,14
random,0.0,20,False,20102,True,950,1.0,True,2,1,0.631578947368421,14
random,0.0,20,False,20103,True,850,1.0,True,2,1,0.5789473684210527,14
random,0.0,20,False,20104,True,950,1.0,True,2,1,0.6842105263157895,14
random,0.0,21,False,21100,True,900,1.0,True,2,1,0.631578947368421,14
random,0.0,21,False,21101,True,800,1.0,True,2,1,0.5789473684210527,14
random,0.0,21,False,21102,True,950,1.0,True,2,1,0.5789473684210527,14
random,0.0,21,False,21103,True,1000,1.0,True,2,1,0.5263157894736842,14
random,0.0,21,False,21104,True,850,1.0,True,2,1,0.5789473684210527,14
random,0.0,22,False,22100,True,1150,1.0,True,2,1,0.631578947368421,16
random,0.0,22,False,22101,True,850,1.0,True,2,1,0.5789473684210527,16
random,0.0,22,False,22102,True,800,1.0,True,2,1,0.5263157894736842,16
random,0.0,22,False,22103,True,800,1.0,True,2,1,0.8421052631578947,16
random,0.0,22,False,22104,True,850,1.0,True,2,1,0.5789473684210527,16
random,0.0,23,False,23100,True,850,1.0,True,2,1,0.47368421052631576,22
random,0.0,23,False,23101,True,950,1.0,True,2,1,0.631578947368421,22
random,0.0,23,False,23102,True,800,1.0,True,2,1,0.5789473684210527,22
random,0.0,23,False,23103,True,800,1.0,True,2,1,0.42105263157894735,22
random,0.0,23,False,23104,True,900,1.0,True,2,1,0.47368421052631576,22
random,0.0,24,False,24100,True,850,1.0,True,2,1,0.6842105263157895,20
random,0.0,24,False,24101,True,800,1.0,True,2,1,0.631578947368421,20
random,0.0,24,False,24102,True,1100,1.0,True,2,1,0.21052631578947367,20
random,0.0,24,False,24103,True,850,1.0,True,2,1,0.6842105263157895,20
random,0.0,24,False,24104,True,850,1.0,True,2,1,0.47368421052631576,20
random,0.0,25,False,25100,True,800,1.0,True,2,1,0.5263157894736842,14
random,0.0,25,False,25101,True,850,1.0,True,2,1,0.6842105263157895,14
random,0.0,25,False,25102,True,1350,1.0,True,2,1,0.5789473684210527,14
random,0.0,25,False,25103,True,1050,1.0,True,2,1,0.47368421052631576,14
random,0.0,25,False,25104,True,900,1.0,True,2,1,0.5263157894736842,14
random,0.0,26,False,26100,True,950,1.0,True,2,1,0.3684210526315789,15
random,0.0,26,False,26101,True,900,1.0,True,2,1,0.5263157894736842,15
random,0.0,26,False,26102,True,800,1.0,True,2,1,0.631578947368421,15
random,0.0,26,False,26103,True,850,1.0,True,2,1,0.631578947368421,15
random,0.0,26,False,26104,True,850,1.0,True,2,1,0.7368421052631579,15
random,0.0,27,False,27100,True,900,1.0,True,2,1,0.47368421052631576,19
random,0.0,27,False,27101,True,850,1.0,True,2,1,0.631578947368421,19
random,0.0,27,False,27102,True,900,1.0,False,,1,0.7368421052631579,19
random,0.0,27,False,27103,True,800,1.0,True,2,1,0.5789473684210527,19
random,0.0,27,False,27104,True,850,1.0,False,,1,0.631578947368421,19
random,0.0,28,False,28100,True,850,1.0,True,2,1,0.5263157894736842,16
random,0.0,28,False,28101,True,800,1.0,True,2,1,0.5789473684210527,16
random,0.0,28,False,28102,True,850,1.0,True,2,1,0.47368421052631576,16
random,0.0,28,False,28103,True,1100,1.0,True,2,1,0.5789473684210527,16
random,0.0,28,False,28104,True,850,1.0,True,2,1,0.47368421052631576,16
random,0.0,29,False,29100,True,900,1.0,True,2,1,0.631578947368421,16
random,0.0,29,False,29101,True,900,1.0,True,2,1,0.5263157894736842,16
random,0.0,29,False,29102,True,800,1.0,True,2,1,0.631578947368421,16
random,0.0,29,False,29103,True,950,1.0,True,2,1,0.3157894736842105,16
random,0.0,29,False,29104,True,850,1.0,True,2,1,0.47368421052631576,16
random,0.002,0,False,100,True,1150,1.0,True,2,1,0.47368421052631576,19
random,0.002,0,False,101,True,950,1.0,True,2,1,0.6842105263157895,19
random,0.002,0,False,102,True,850,1.0,False,,1,0.3684210526315789,19
random,0.002,0,False,103,True,1150,1.0,False,,1,0.6842105263157895,19
random,0.002,0,False,104,True,800,1.0,True,2,1,0.7368421052631579,19
random,0.002,1,False,1100,True,900,1.0,True,2,1,0.47368421052631576,19
random,0.002,1,False,1101,True,900,1.0,True,2,1,0.631578947368421,19
random,0.002,1,False,1102,True,2000,1.0,True,2,1,0.5789473684210527,19
random,0.002,1,False,1103,True,1500,1.0,True,2,1,0.5263157894736842,19
random,0.002,1,False,1104,True,3150,1.0,True,2,1,0.5789473684210527,19
random,0.002,2,False,2100,True,900,1.0,True,2,1,0.5789473684210527,15
random,0.002,2,False,2101,True,850,1.0,True,2,1,0.5789473684210527,15
random,0.002,2,False,2102,True,4100,1.0,True,2,1,0.47368421052631576,15
random,0.002,2,False,2103,True,1450,1.0,True,2,1,0.5789473684210527,15
random,0.002,2,False,2104,True,850,1.0,True,2,1,0.6842105263157895,15
random,0.002,3,False,3100,True,2700,1.0,True,2,1,0.47368421052631576,16
random,0.002,3,False,3101,True,2150,1.0,True,2,1,0.631578947368421,16
random,0.002,3,False,3102,True,800,1.0,True,2,1,0.8947368421052632,16
random,0.002,3,False,3103,True,1700,1.0,True,2,1,0.2631578947368421,16
random,0.002,3,False,3104,True,4850,1.0,True,2,1,0.5263157894736842,16
random,0.002,4,False,4100,True,1700,1.0,True,2,1,0.42105263157894735,17
random,0.002,4,False,4101,True,800,1.0,True,2,1,0.5789473684210527,17
random,0.002,4,False,4102,True,800,1.0,True,2,1,0.631578947368421,17
random,0.002,4,False,4103,True,2700,1.0,True,2,1,0.47368421052631576,17
random,0.002,4,False,4104,True,800,1.0,True,2,1,0.6842105263157895,17
random,0.002,5,False,5100,True,850,1.0,True,2,1,0.7368421052631579,18
random,0.002,5,False,5101,True,850,1.0,True,2,1,0.5789473684210527,18
random,0.002,5,False,5102,True,1100,1.0,True,2,1,0.631578947368421,18
random,0.002,5,False,5103,True,1450,1.0,True,2,1,0.5789473684210527,18
random,0.002,5,False,5104,True,1400,1.0,True,2,1,0.47368421052631576,18
random,0.002,6,False,6100,True,900,1.0,True,2,1,0.42105263157894735,17
random,0.002,6,False,6101,True,3500,1.0,True,2,1,0.5263157894736842,17
random,0.002,6,False,6102,True,1100,1.0,True,2,1,0.631578947368421,17
random,0.002,6,False,6103,True,800,1.0,True,2,1,0.5263157894736842,17
random,0.002,6,False,6104,True,2600,1.0,True,2,1,0.42105263157894735,17
random,0.002,7,False,7100,True,2100,1.0,True,2,1,0.42105263157894735,13
random,0.002,7,False,7101,True,1550,1.0,True,2,1,0.3684210526315789,13
random,0.002,7,False,7102,True,2550,1.0,True,2,1,0.5789473684210527,13
random,0.002,7,False,7103,True,3000,1.0,True,2,1,0.2631578947368421,13
random,0.002,7,False,7104,True,2600,1.0,True,2,1,0.5263157894736842,13
random,0.002,8,False,8100,True,1950,1.0,True,2,1,0.47368421052631576,18
random,0.002,8,False,8101,True,900,1.0,True,2,1,0.6842105263157895,18
random,0.002,8,False,8102,True,1000,1.0,True,2,1,0.3157894736842105,18
random,0.002,8,False,8103,True,2700,1.0,True,2,1,0.42105263157894735,18
random,0.002,8,False,8104,True,850,1.0,True,2,1,0.5789473684210527,18
random,0.002,9,False,9100,True,1250,1.0,True,2,1,0.631578947368421,15
random,0.002,9,False,9101,True,1450,1.0,True,2,1,0.3684210526315789,15
random,0.002,9,False,9102,True,2950,1.0,True,2,1,0.3684210526315789,15
random,0.002,9,False,9103,True,850,1.0,True,2,1,0.47368421052631576,15
random,0.002,9,False,9104,True,900,1.0,True,2,1,0.5263157894736842,15
random,0.002,10,False,10100,True,3850,1.0,True,2,1,0.631578947368421,18
random,0.002,10,False,10101,True,800,1.0,True,2,1,0.631578947368421,18
random,0.002,10,False,10102,True,1150,1.0,True,1,1,0.47368421052631576,18
random,0.002,10,False,10103,True,1200,1.0,True,2,1,0.3684210526315789,18
random,0.002,10,False,10104,True,900,1.0,True,2,1,0.42105263157894735,18
random,0.002,11,False,11100,True,1300,1.0,True,2,1,0.6842105263157895,17
random,0.002,11,False,11101,True,1100,1.0,True,2,1,0.5789473684210527,17
random,0.002,11,False,11102,True,850,1.0,True,2,1,0.631578947368421,17
random,0.002,11,False,11103,True,1000,1.0,True,2,1,0.42105263157894735,17
random,0.002,11,False,11104,True,1150,1.0,True,2,1,0.47368421052631576,17
random,0.002,12,False,12100,True,950,1.0,True,2,1,0.7894736842105263,17
random,0.002,12,False,12101,True,3500,1.0,True,2,1,0.47368421052631576,17
random,0.002,12,False,12102,True,850,1.0,False,,1,0.6842105263157895,17
random,0.002,12,False,12103,True,850,1.0,False,,1,0.5789473684210527,17
random,0.002,12,False,12104,True,1700,1.0,True,2,1,0.47368421052631576,17
random,0.002,13,False,13100,True,1350,1.0,True,2,1,0.47368421052631576,19
random,0.002,13,False,13101,True,5550,1.0,True,2,1,0.6842105263157895,19
random,0.002,13,False,13102,True,900,1.0,True,2,1,0.47368421052631576,19
random,0.002,13,False,13103,True,1150,1.0,True,2,1,0.631578947368421,19
random,0.002,13,False,13104,True,900,1.0,True,2,1,0.3684210526315789,19
random,0.002,14,False,14100,True,1550,1.0,True,2,1,0.6842105263157895,16
random,0.002,14,False,14101,True,2800,1.0,True,2,1,0.5263157894736842,16
random,0.002,14,False,14102,True,900,1.0,True,2,1,0.6842105263157895,16
random,0.002,14,False,14103,True,1350,1.0,True,2,1,0.5263157894736842,16
random,0.002,14,False,14104,True,1350,1.0,True,2,1,0.6842105263157895,16
random,0.002,15,False,15100,True,1000,1.0,True,2,1,0.6842105263157895,16
random,0.002,15,False,15101,True,1300,1.0,True,2,1,0.42105263157894735,16
random,0.002,15,False,15102,True,1750,1.0,True,2,1,0.42105263157894735,16
random,0.002,15,False,15103,True,850,1.0,True,2,1,0.6842105263157895,16
random,0.002,15,False,15104,True,1250,1.0,True,2,1,0.6842105263157895,16
random,0.002,16,False,16100,True,800,1.0,True,2,1,0.5789473684210527,17
random,0.002,16,False,16101,True,800,1.0,True,2,1,0.631578947368421,17
random,0.002,16,False,16102,True,4650,1.0,True,2,1,0.5263157894736842,17
random,0.002,16,False,16103,True,3000,1.0,True,2,1,0.3157894736842105,17
random,0.002,16,False,16104,True,1650,1.0,True,2,1,0.3684210526315789,17
random,0.002,17,False,17100,True,1000,1.0,False,,1,0.5789473684210527,15
random,0.002,17,False,17101,True,1200,1.0,True,2,1,0.5789473684210527,15
random,0.002,17,False,17102,True,1500,1.0,False,,1,0.5263157894736842,15
random,0.002,17,False,17103,True,950,1.0,True,2,1,0.47368421052631576,15
random,0.002,17,False,17104,True,1500,1.0,False,,1,0.5789473684210527,15
random,0.002,18,False,18100,True,1200,1.0,True,2,1,0.42105263157894735,14
random,0.002,18,False,18101,True,2000,1.0,True,2,1,0.5789473684210527,14
random,0.002,18,False,18102,True,1000,1.0,True,2,1,0.5263157894736842,14
random,0.002,18,False,18103,True,850,1.0,True,2,1,0.47368421052631576,14
random,0.002,18,False,18104,True,950,1.0,True,2,1,0.6842105263157895,14
random,0.002,19,False,19100,True,1700,1.0,True,2,1,0.6842105263157895,15
random,0.002,19,False,19101,True,1250,1.0,True,2,1,0.631578947368421,15
random,0.002,19,False,19102,True,4200,1.0,True,2,1,0.42105263157894735,15
random,0.002,19,False,19103,True,800,1.0,True,2,1,0.631578947368421,15
random,0.002,19,False,19104,True,800,1.0,False,,1,0.7368421052631579,15
random,0.002,20,False,20100,True,2900,1.0,True,2,1,0.2631578947368421,14
random,0.002,20,False,20101,True,900,1.0,True,2,1,0.3684210526315789,14
random,0.002,20,False,20102,True,950,1.0,True,2,1,0.631578947368421,14
random,0.002,20,False,20103,True,1500,1.0,True,2,1,0.5263157894736842,14
random,0.002,20,False,20104,True,950,1.0,True,2,1,0.6842105263157895,14
random,0.002,21,False,21100,True,1200,1.0,True,2,1,0.42105263157894735,14
random,0.002,21,False,21101,True,1250,1.0,True,2,1,0.47368421052631576,14
random,0.002,21,False,21102,True,1650,1.0,True,2,1,0.5263157894736842,14
random,0.002,21,False,21103,True,1550,1.0,True,2,1,0.47368421052631576,14
random,0.002,21,False,21104,True,3850,1.0,True,2,1,0.5789473684210527,14
random,0.002,22,False,22100,True,1150,1.0,True,2,1,0.631578947368421,16
random,0.002,22,False,22101,True,850,1.0,True,2,1,0.5789473684210527,16
random,0.002,22,False,22102,True,2550,1.0,True,2,1,0.47368421052631576,16
random,0.002,22,False,22103,True,800,1.0,True,2,1,0.8421052631578947,16
random,0.002,22,False,22104,True,850,1.0,True,2,1,0.5789473684210527,16
random,0.002,23,False,23100,True,1150,1.0,True,2,1,0.3684210526315789,22
random,0.002,23,False,23101,True,1700,1.0,True,2,1,0.47368421052631576,22
random,0.002,23,False,23102,True,800,1.0,True,2,1,0.5263157894736842,22
random,0.002,23,False,23103,True,800,1.0,True,2,1,0.42105263157894735,22
random,0.002,23,False,23104,True,800,1.0,True,2,1,0.5789473684210527,22
random,0.002,24,False,24100,True,850,1.0,True,2,1,0.6842105263157895,20
random,0.002,24,False,24101,True,3950,1.0,True,2,1,0.2631578947368421,20
random,0.002,24,False,24102,True,1100,1.0,True,2,1,0.47368421052631576,20
random,0.002,24,False,24103,True,3600,1.0,True,2,1,0.47368421052631576,20
random,0.002,24,False,24104,True,850,1.0,True,2,1,0.631578947368421,20
random,0.002,25,False,25100,True,2250,1.0,True,2,1,0.5263157894736842,14
random,0.002,25,False,25101,True,850,1.0,True,2,1,0.7368421052631579,14
random,0.002,25,False,25102,True,2800,1.0,True,2,1,0.5263157894736842,14
random,0.002,25,False,25103,True,1050,1.0,True,2,1,0.47368421052631576,14
random,0.002,25,False,25104,True,900,1.0,True,2,1,0.5263157894736842,14
random,0.002,26,False,26100,True,1100,1.0,True,2,1,0.3157894736842105,15
random,0.002,26,False,26101,True,900,1.0,True,2,1,0.5263157894736842,15
random,0.002,26,False,26102,True,1400,1.0,True,2,1,0.631578947368421,15
random,0.002,26,False,26103,True,850,1.0,True,2,1,0.631578947368421,15
random,0.002,26,False,26104,True,1100,1.0,True,2,1,0.631578947368421,15
random,0.002,27,False,27100,True,1600,1.0,True,2,1,0.5263157894736842,19
random,0.002,27,False,27101,True,850,1.0,True,2,1,0.631578947368421,19
random,0.002,27,False,27102,True,1900,1.0,False,,1,0.631578947368421,19
random,0.002,27,False,27103,True,1250,1.0,True,2,1,0.5789473684210527,19
random,0.002,27,False,27104,True,1000,1.0,False,,1,0.5263157894736842,19
random,0.002,28,False,28100,True,850,1.0,True,2,1,0.5263157894736842,16
random,0.002,28,False,28101,True,800,1.0,True,2,1,0.5789473684210527,16
random,0.002,28,False,28102,True,1900,1.0,True,2,1,0.5789473684210527,16
random,0.002,28,False,28103,True,1100,1.0,True,2,1,0.5789473684210527,16
random,0.002,28,False,28104,True,1950,1.0,True,2,1,0.631578947368421,16
random,0.002,29,False,29100,True,2800,1.0,True,2,1,0.5789473684210527,16
random,0.002,29,False,29101,True,900,1.0,True,2,1,0.5263157894736842,16
random,0.002,29,False,29102,True,5000,1.0,True,2,1,0.631578947368421,16
random,0.002,29,False,29103,True,950,1.0,True,2,1,0.3157894736842105,16
random,0.002,29,False,29104,True,1800,1.0,True,2,1,0.5263157894736842,16
random,0.005,0,False,100,True,1450,1.0,True,2,1,0.6842105263157895,19
random,0.005,0,False,101,True,4050,1.0,True,2,1,0.5263157894736842,19
random,0.005,0,False,102,True,850,1.0,False,,1,0.631578947368421,19
random,0.005,0,False,103,True,6050,1.0,True,2,1,0.3684210526315789,19
random,0.005,0,False,104,True,800,1.0,True,2,1,0.7368421052631579,19
random,0.005,1,False,1100,True,7650,1.0,True,2,1,0.5263157894736842,19
random,0.005,1,False,1101,True,9300,1.0,True,2,1,0.5263157894736842,19
random,0.005,1,False,1102,True,4950,1.0,True,2,1,0.5263157894736842,19
random,0.005,1,False,1103,True,1500,1.0,True,2,1,0.5263157894736842,19
random,0.005,1,False,1104,True,3100,1.0,True,2,1,0.42105263157894735,19
random,0.005,2,False,2100,True,2650,1.0,True,2,1,0.5789473684210527,15
random,0.005,2,False,2101,True,850,1.0,True,2,1,0.5789473684210527,15
random,0.005,2,False,2102,True,9500,1.0,True,2,1,0.2631578947368421,15
random,0.005,2,False,2103,True,8300,1.0,True,2,1,0.47368421052631576,15
random,0.005,2,False,2104,True,900,1.0,True,2,1,0.5789473684210527,15
random,0.005,3,False,3100,True,2000,1.0,True,2,1,0.21052631578947367,16
random,0.005,3,False,3101,True,2100,1.0,True,2,1,0.5263157894736842,16
random,0.005,3,False,3102,True,7250,1.0,True,2,1,0.3684210526315789,16
random,0.005,3,False,3103,True,3050,1.0,True,2,1,0.6842105263157895,16
random,0.005,3,False,3104,True,3650,1.0,True,2,1,0.47368421052631576,16
random,0.005,4,False,4100,True,3150,1.0,True,2,1,0.3684210526315789,17
random,0.005,4,False,4101,True,3900,1.0,True,2,1,0.5263157894736842,17
random,0.005,4,False,4102,True,2800,1.0,True,2,1,0.5263157894736842,17
random,0.005,4,False,4103,True,5050,1.0,True,2,1,0.5789473684210527,17
random,0.005,4,False,4104,True,800,1.0,True,2,1,0.6842105263157895,17
random,0.005,5,False,5100,True,4050,1.0,True,2,1,0.631578947368421,18
random,0.005,5,False,5101,True,6250,1.0,True,2,1,0.5789473684210527,18
random,0.005,5,False,5102,True,1300,1.0,True,2,1,0.5263157894736842,18
random,0.005,5,False,5103,True,19850,1.0,True,2,1,0.6842105263157895,18
random,0.005,5,False,5104,True,1600,1.0,True,2,1,0.5789473684210527,18
random,0.005,6,False,6100,True,5100,1.0,True,2,1,0.3684210526315789,17
random,0.005,6,False,6101,True,12250,1.0,True,2,1,0.3684210526315789,17
random,0.005,6,False,6102,True,10700,1.0,True,2,1,0.5263157894736842,17
random,0.005,6,False,6103,True,3700,1.0,True,2,1,0.5789473684210527,17
random,0.005,6,False,6104,True,4900,1.0,True,2,1,0.5263157894736842,17
random,0.005,7,False,7100,True,8250,1.0,True,2,1,0.631578947368421,13
random,0.005,7,False,7101,True,3150,1.0,True,2,1,0.5263157894736842,13
random,0.005,7,False,7102,True,4450,1.0,True,2,1,0.631578947368421,13
random,0.005,7,False,7103,True,5900,1.0,True,2,1,0.47368421052631576,13
random,0.005,7,False,7104,True,2550,1.0,True,2,1,0.5263157894736842,13
random,0.005,8,False,8100,True,3300,1.0,True,2,1,0.42105263157894735,18
random,0.005,8,False,8101,True,3650,1.0,True,2,1,0.3684210526315789,18
random,0.005,8,False,8102,True,13000,1.0,True,2,1,0.5263157894736842,18
random,0.005,8,False,8103,True,9400,1.0,True,2,1,0.631578947368421,18
random,0.005,8,False,8104,True,1600,1.0,True,2,1,0.5263157894736842,18
random,0.005,9,False,9100,True,8500,1.0,True,2,1,0.5263157894736842,15
random,0.005,9,False,9101,True,3000,1.0,True,2,1,0.5263157894736842,15
random,0.005,9,False,9102,True,3900,1.0,True,2,1,0.3157894736842105,15
random,0.005,9,False,9103,True,900,1.0,True,2,1,0.6842105263157895,15
random,0.005,9,False,9104,True,900,1.0,True,2,1,0.5263157894736842,15
random,0.005,10,False,10100,True,7450,1.0,True,2,1,0.47368421052631576,18
random,0.005,10,False,10101,True,5950,1.0,True,2,1,0.3684210526315789,18
random,0.005,10,False,10102,True,1150,1.0,True,1,1,0.47368421052631576,18
random,0.005,10,False,10103,True,2350,1.0,True,2,1,0.47368421052631576,18
random,0.005,10,False,10104,True,900,1.0,True,2,1,0.42105263157894735,18
random,0.005,11,False,11100,True,2650,1.0,True,2,1,0.5789473684210527,17
random,0.005,11,False,11101,True,1100,1.0,True,2,1,0.5789473684210527,17
random,0.005,11,False,11102,True,900,1.0,True,2,1,0.47368421052631576,17
random,0.005,11,False,11103,True,3850,1.0,True,2,1,0.47368421052631576,17
random,0.005,11,False,11104,True,1550,1.0,True,2,1,0.6842105263157895,17
random,0.005,12,False,12100,True,2100,1.0,True,2,1,0.5789473684210527,17
random,0.005,12,False,12101,True,3650,1.0,True,2,1,0.631578947368421,17
random,0.005,12,False,12102,True,850,1.0,False,,1,0.6842105263157895,17
random,0.005,12,False,12103,True,6500,1.0,True,2,1,0.5789473684210527,17
random,0.005,12,False,12104,True,7700,1.0,False,,1,0.3157894736842105,17
random,0.005,13,False,13100,True,1300,1.0,True,2,1,0.5789473684210527,19
random,0.005,13,False,13101,True,12150,1.0,True,2,1,0.5263157894736842,19
random,0.005,13,False,13102,True,1050,1.0,True,2,1,0.6842105263157895,19
random,0.005,13,False,13103,True,6050,1.0,True,2,1,0.3684210526315789,19
random,0.005,13,False,13104,True,900,1.0,True,2,1,0.3684210526315789,19
random,0.005,14,False,14100,True,7300,1.0,True,2,1,0.47368421052631576,16
random,0.005,14,False,14101,True,5900,1.0,True,2,1,0.42105263157894735,16
random,0.005,14,False,14102,True,2700,1.0,True,2,1,0.47368421052631576,16
random,0.005,14,False,14103,True,1850,1.0,True,2,1,0.5263157894736842,16
random,0.005,14,False,14104,True,1350,1.0,True,2,1,0.6842105263157895,16
random,0.005,15,False,15100,True,12350,1.0,True,2,1,0.5263157894736842,16
random,0.005,15,False,15101,True,1500,1.0,True,2,1,0.5789473684210527,16
random,0.005,15,False,15102,True,9400,1.0,True,2,1,0.42105263157894735,16
random,0.005,15,False,15103,True,3100,1.0,True,2,1,0.42105263157894735,16
random,0.005,15,False,15104,True,6000,1.0,True,2,1,0.3157894736842105,16
random,0.005,16,False,16100,True,1800,1.0,True,2,1,0.5789473684210527,17
random,0.005,16,False,16101,True,800,1.0,True,2,1,0.631578947368421,17
random,0.005,16,False,16102,True,2400,1.0,True,1,1,0.47368421052631576,17
random,0.005,16,False,16103,True,3350,1.0,True,2,1,0.6842105263157895,17
random,0.005,16,False,16104,True,1800,1.0,True,2,1,0.5789473684210527,17
random,0.005,17,False,17100,True,1500,1.0,True,2,1,0.5789473684210527,15
random,0.005,17,False,17101,True,1250,1.0,False,,1,0.47368421052631576,15
random,0.005,17,False,17102,True,6050,1.0,False,,1,0.47368421052631576,15
random,0.005,17,False,17103,True,2250,1.0,True,2,1,0.47368421052631576,15
random,0.005,17,False,17104,True,2350,1.0,True,2,1,0.3684210526315789,15
random,0.005,18,False,18100,True,8000,1.0,True,2,1,0.7368421052631579,14
random,0.005,18,False,18101,True,9700,1.0,True,2,1,0.5789473684210527,14
random,0.005,18,False,18102,True,2250,1.0,True,2,1,0.42105263157894735,14
random,0.005,18,False,18103,True,3800,1.0,True,2,1,0.5789473684210527,14
random,0.005,18,False,18104,True,2600,1.0,True,2,1,0.5789473684210527,14
random,0.005,19,False,19100,True,9650,1.0,True,2,1,0.5263157894736842,15
random,0.005,19,False,19101,True,2300,1.0,False,,1,0.5263157894736842,15
random,0.005,19,False,19102,True,4450,1.0,False,,1,0.42105263157894735,15
random,0.005,19,False,19103,True,4500,1.0,True,2,1,0.47368421052631576,15
random,0.005,19,False,19104,True,2300,1.0,False,,1,0.5789473684210527,15
random,0.005,20,False,20100,True,8300,1.0,True,2,1,0.6842105263157895,14
random,0.005,20,False,20101,True,2250,1.0,True,2,1,0.5789473684210527,14
random,0.005,20,False,20102,True,4950,1.0,True,2,1,0.7368421052631579,14
random,0.005,20,False,20103,True,2950,1.0,True,2,1,0.47368421052631576,14
random,0.005,20,False,20104,True,3450,1.0,True,2,1,0.47368421052631576,14
random,0.005,21,False,21100,True,2950,1.0,True,2,1,0.42105263157894735,14
random,0.005,21,False,21101,True,3650,1.0,True,2,1,0.47368421052631576,14
random,0.005,21,False,21102,True,12200,1.0,True,2,1,0.5263157894736842,14
random,0.005,21,False,21103,True,13800,1.0,True,2,1,0.47368421052631576,14
random,0.005,21,False,21104,True,7400,1.0,True,2,1,0.7368421052631579,14
random,0.005,22,False,22100,True,3650,1.0,True,2,1,0.631578947368421,16
random,0.005,22,False,22101,True,1850,1.0,True,2,1,0.631578947368421,16
random,0.005,22,False,22102,True,7000,1.0,True,2,1,0.631578947368421,16
random,0.005,22,False,22103,True,5850,1.0,True,2,1,0.5789473684210527,16
random,0.005,22,False,22104,True,4750,1.0,True,2,1,0.631578947368421,16
random,0.005,23,False,23100,True,3400,1.0,True,2,1,0.3684210526315789,22
random,0.005,23,False,23101,True,1700,1.0,True,2,1,0.3684210526315789,22
random,0.005,23,False,23102,True,1050,1.0,True,2,1,0.5263157894736842,22
random,0.005,23,False,23103,True,2050,1.0,True,2,1,0.47368421052631576,22
random,0.005,23,False,23104,True,2950,1.0,True,2,1,0.5789473684210527,22
random,0.005,24,False,24100,True,2700,1.0,True,2,1,0.6842105263157895,20
random,0.005,24,False,24101,True,6150,1.0,True,2,1,0.47368421052631576,20
random,0.005,24,False,24102,True,5150,1.0,True,2,1,0.631578947368421,20
random,0.005,24,False,24103,True,2900,1.0,True,2,1,0.5789473684210527,20
random,0.005,24,False,24104,True,1650,1.0,True,2,1,0.5263157894736842,20
random,0.005,25,False,25100,True,8700,1.0,True,2,1,0.47368421052631576,14
random,0.005,25,False,25101,True,1400,1.0,True,2,1,0.7368421052631579,14
random,0.005,25,False,25102,True,5700,1.0,True,2,1,0.42105263157894735,14
random,0.005,25,False,25103,True,5400,1.0,True,2,1,0.3684210526315789,14
random,0.005,25,False,25104,True,4700,1.0,True,2,1,0.5263157894736842,14
random,0.005,26,False,26100,True,6700,1.0,True,2,1,0.42105263157894735,15
random,0.005,26,False,26101,True,2100,1.0,True,2,1,0.5263157894736842,15
random,0.005,26,False,26102,True,1650,1.0,True,2,1,0.631578947368421,15
random,0.005,26,False,26103,True,900,1.0,True,2,1,0.631578947368421,15
random,0.005,26,False,26104,True,1500,1.0,True,2,1,0.7368421052631579,15
random,0.005,27,False,27100,True,1950,1.0,False,,1,0.3157894736842105,19
random,0.005,27,False,27101,True,1500,1.0,False,,1,0.631578947368421,19
random,0.005,27,False,27102,True,1900,1.0,False,,1,0.6842105263157895,19
random,0.005,27,False,27103,True,1800,1.0,False,,1,0.7368421052631579,19
random,0.005,27,False,27104,True,1700,1.0,False,,1,0.5263157894736842,19
random,0.005,28,False,28100,True,850,1.0,True,2,1,0.5263157894736842,16
random,0.005,28,False,28101,True,800,1.0,True,2,1,0.5789473684210527,16
random,0.005,28,False,28102,True,4750,1.0,True,2,1,0.42105263157894735,16
random,0.005,28,False,28103,True,1600,1.0,True,2,1,0.631578947368421,16
random,0.005,28,False,28104,True,3450,1.0,True,2,1,0.5789473684210527,16
random,0.005,29,False,29100,True,5850,1.0,True,2,1,0.5263157894736842,16
random,0.005,29,False,29101,True,10250,1.0,True,2,1,0.3684210526315789,16
random,0.005,29,False,29102,True,4950,1.0,True,2,1,0.631578947368421,16
random,0.005,29,False,29103,True,6950,1.0,True,2,1,0.47368421052631576,16
random,0.005,29,False,29104,True,13650,1.0,True,2,1,0.47368421052631576,16
random,0.01,0,False,100,False,39999,1.0,False,,1,0.6842105263157895,19
random,0.01,0,False,101,True,23500,1.0,True,2,1,0.6842105263157895,19
random,0.01,0,False,102,True,9300,1.0,False,,1,0.47368421052631576,19
random,0.01,0,False,103,True,7750,1.0,True,2,1,0.5789473684210527,19
random,0.01,0,False,104,True,800,1.0,True,2,1,0.7368421052631579,19
random,0.01,1,False,1100,False,39999,0.8947368421052632,False,,1,0.47368421052631576,19
random,0.01,1,False,1101,True,9200,1.0,True,2,1,0.3684210526315789,19
random,0.01,1,False,1102,True,18250,1.0,True,2,1,0.631578947368421,19
random,0.01,1,False,1103,True,1500,1.0,True,2,1,0.631578947368421,19
random,0.01,1,False,1104,False,39999,0.6842105263157895,False,,1,0.3684210526315789,19
random,0.01,2,False,2100,True,18350,1.0,True,2,1,0.47368421052631576,15
random,0.01,2,False,2101,True,17100,1.0,True,2,1,0.47368421052631576,15
random,0.01,2,False,2102,False,39999,0.8666666666666667,False,,1,0.631578947368421,15
random,0.01,2,False,2103,True,12300,1.0,True,2,1,0.5789473684210527,15
random,0.01,2,False,2104,True,2600,1.0,True,2,1,0.3684210526315789,15
random,0.01,3,False,3100,False,39999,0.625,False,,1,0.3684210526315789,16
random,0.01,3,False,3101,True,4550,1.0,True,2,1,0.47368421052631576,16
random,0.01,3,False,3102,True,34600,1.0,True,2,1,0.7368421052631579,16
random,0.01,3,False,3103,True,13000,1.0,True,2,1,0.6842105263157895,16
random,0.01,3,False,3104,True,23250,1.0,True,2,1,0.5263157894736842,16
random,0.01,4,False,4100,True,3150,1.0,True,2,1,0.42105263157894735,17
random,0.01,4,False,4101,True,19200,1.0,True,2,1,0.3684210526315789,17
random,0.01,4,False,4102,True,19050,1.0,True,2,1,0.3684210526315789,17
random,0.01,4,False,4103,False,39999,1.0,True,2,1,0.42105263157894735,17
random,0.01,4,False,4104,True,24100,1.0,True,2,1,0.3684210526315789,17
random,0.01,5,False,5100,False,39999,0.5555555555555556,False,,1,0.42105263157894735,18
random,0.01,5,False,5101,False,39999,0.7222222222222222,False,,1,0.631578947368421,18
random,0.01,5,False,5102,False,39999,1.0,True,2,1,0.42105263157894735,18
random,0.01,5,False,5103,True,15150,1.0,True,2,1,0.47368421052631576,18
random,0.01,5,False,5104,True,7100,1.0,True,2,1,0.631578947368421,18
random,0.01,6,False,6100,True,38800,1.0,True,2,1,0.631578947368421,17
random,0.01,6,False,6101,True,3300,1.0,True,2,1,0.5263157894736842,17
random,0.01,6,False,6102,False,39999,1.0,True,2,1,0.42105263157894735,17
random,0.01,6,False,6103,True,13750,1.0,True,2,1,0.47368421052631576,17
random,0.01,6,False,6104,True,29750,1.0,True,2,1,0.3684210526315789,17
random,0.01,7,False,7100,True,26200,1.0,True,2,1,0.5789473684210527,13
random,0.01,7,False,7101,True,12700,1.0,True,2,1,0.42105263157894735,13
random,0.01,7,False,7102,False,39999,1.0,True,2,1,0.631578947368421,13
random,0.01,7,False,7103,False,39999,0.9230769230769231,False,,1,0.5263157894736842,13
random,0.01,7,False,7104,True,25350,1.0,True,2,1,0.5789473684210527,13
random,0.01,8,False,8100,False,39999,1.0,True,2,1,0.47368421052631576,18
random,0.01,8,False,8101,True,2400,1.0,True,2,1,0.5789473684210527,18
random,0.01,8,False,8102,True,2700,1.0,True,2,1,0.3157894736842105,18
random,0.01,8,False,8103,True,20150,1.0,True,2,1,0.631578947368421,18
random,0.01,8,False,8104,False,39999,0.6666666666666666,False,,1,0.3684210526315789,18
random,0.01,9,False,9100,True,10250,1.0,True,2,1,0.5789473684210527,15
random,0.01,9,False,9101,False,39999,0.6,False,,1,0.5789473684210527,15
random,0.01,9,False,9102,True,32050,1.0,True,2,1,0.6842105263157895,15
random,0.01,9,False,9103,True,14350,1.0,True,2,1,0.631578947368421,15
random,0.01,9,False,9104,True,15500,1.0,True,2,1,0.5263157894736842,15
random,0.01,10,False,10100,True,28850,1.0,True,2,1,0.47368421052631576,18
random,0.01,10,False,10101,True,20400,1.0,True,2,1,0.5263157894736842,18
random,0.01,10,False,10102,True,14300,1.0,True,2,1,0.42105263157894735,18
random,0.01,10,False,10103,True,25700,1.0,True,2,1,0.5263157894736842,18
random,0.01,10,False,10104,True,31250,1.0,True,2,1,0.21052631578947367,18
random,0.01,11,False,11100,True,10650,1.0,True,2,1,0.5789473684210527,17
random,0.01,11,False,11101,True,7300,1.0,True,2,1,0.42105263157894735,17
random,0.01,11,False,11102,True,13750,1.0,True,2,1,0.6842105263157895,17
random,0.01,11,False,11103,True,9600,1.0,True,2,1,0.5263157894736842,17
random,0.01,11,False,11104,False,39999,1.0,True,2,1,0.47368421052631576,17
random,0.01,12,False,12100,True,6400,1.0,False,,1,0.7368421052631579,17
random,0.01,12,False,12101,False,39999,1.0,False,,1,0.6842105263157895,17
random,0.01,12,False,12102,True,23600,1.0,False,,1,0.6842105263157895,17
random,0.01,12,False,12103,True,5400,1.0,False,,1,0.5789473684210527,17
random,0.01,12,False,12104,True,6100,1.0,False,,1,0.3157894736842105,17
random,0.01,13,False,13100,True,33100,1.0,True,2,1,0.47368421052631576,19
random,0.01,13,False,13101,True,14450,1.0,True,2,1,0.631578947368421,19
random,0.01,13,False,13102,True,35150,1.0,True,2,1,0.6842105263157895,19
random,0.01,13,False,13103,True,8500,1.0,True,2,1,0.7368421052631579,19
random,0.01,13,False,13104,True,1350,1.0,True,2,1,0.631578947368421,19
random,0.01,14,False,14100,True,17550,1.0,True,2,1,0.47368421052631576,16
random,0.01,14,False,14101,True,7600,1.0,True,2,1,0.42105263157894735,16
random,0.01,14,False,14102,True,5150,1.0,True,2,1,0.6842105263157895,16
random,0.01,14,False,14103,True,27850,1.0,True,2,1,0.6842105263157895,16
random,0.01,14,False,14104,False,39999,1.0,True,2,1,0.47368421052631576,16
random,0.01,15,False,15100,False,39999,1.0,True,2,1,0.5789473684210527,16
random,0.01,15,False,15101,False,39999,0.8125,False,,1,0.47368421052631576,16
random,0.01,15,False,15102,False,39999,0.8125,False,,1,0.3157894736842105,16
random,0.01,15,False,15103,True,8500,1.0,True,2,1,0.21052631578947367,16
random,0.01,15,False,15104,True,36900,1.0,True,2,1,0.5789473684210527,16
random,0.01,16,False,16100,True,18350,1.0,True,2,1,0.5263157894736842,17
random,0.01,16,False,16101,True,7400,1.0,True,2,1,0.5789473684210527,17
random,0.01,16,False,16102,True,28550,1.0,True,2,1,0.2631578947368421,17
random,0.01,16,False,16103,True,39450,1.0,True,2,1,0.5789473684210527,17
random,0.01,16,False,16104,True,30900,1.0,True,2,1,0.5789473684210527,17
random,0.01,17,False,17100,True,29550,1.0,False,,1,0.42105263157894735,15
random,0.01,17,False,17101,False,39999,0.8666666666666667,False,,1,0.47368421052631576,15
random,0.01,17,False,17102,True,15250,1.0,True,2,1,0.5789473684210527,15
random,0.01,17,False,17103,True,4950,1.0,True,2,1,0.5263157894736842,15
random,0.01,17,False,17104,False,39999,0.8,False,,1,0.47368421052631576,15
random,0.01,18,False,18100,True,6750,1.0,True,2,1,0.5789473684210527,14
random,0.01,18,False,18101,True,7050,1.0,True,2,1,0.47368421052631576,14
random,0.01,18,False,18102,True,29700,1.0,True,2,1,0.47368421052631576,14
random,0.01,18,False,18103,False,39999,1.0,True,2,1,0.5263157894736842,14
random,0.01,18,False,18104,True,21050,1.0,True,2,1,0.5789473684210527,14
random,0.01,19,False,19100,True,3150,1.0,True,2,1,0.5263157894736842,15
random,0.01,19,False,19101,True,20650,1.0,False,,1,0.47368421052631576,15
random,0.01,19,False,19102,True,7150,1.0,True,2,1,0.5789473684210527,15
random,0.01,19,False,19103,True,7250,1.0,False,,1,0.631578947368421,15
random,0.01,19,False,19104,True,27000,1.0,False,,1,0.5789473684210527,15
random,0.01,20,False,20100,True,31500,1.0,True,2,1,0.42105263157894735,14
random,0.01,20,False,20101,True,8600,1.0,True,2,1,0.3157894736842105,14
random,0.01,20,False,20102,False,39999,1.0,True,2,1,0.3157894736842105,14
random,0.01,20,False,20103,False,39999,1.0,True,2,1,0.5789473684210527,14
random,0.01,20,False,20104,True,17400,1.0,True,2,1,0.5789473684210527,14
random,0.01,21,False,21100,False,39999,0.9285714285714286,False,,1,0.6842105263157895,14
random,0.01,21,False,21101,False,39999,0.9285714285714286,False,,1,0.5789473684210527,14
random,0.01,21,False,21102,False,39999,1.0,True,2,1,0.631578947368421,14
random,0.01,21,False,21103,True,25350,1.0,True,2,1,0.5789473684210527,14
random,0.01,21,False,21104,True,14100,1.0,True,2,1,0.42105263157894735,14
random,0.01,22,False,22100,True,3550,1.0,True,2,1,0.5263157894736842,16
random,0.01,22,False,22101,True,13750,1.0,True,2,1,0.7894736842105263,16
random,0.01,22,False,22102,True,37100,1.0,True,2,1,0.5263157894736842,16
random,0.01,22,False,22103,True,33800,1.0,True,2,1,0.5263157894736842,16
random,0.01,22,False,22104,False,39999,0.6875,False,,1,0.5263157894736842,16
random,0.01,23,False,23100,False,39999,0.5,False,,1,0.5263157894736842,22
random,0.01,23,False,23101,True,13550,1.0,True,2,1,0.3157894736842105,22
random,0.01,23,False,23102,True,17500,1.0,True,2,1,0.47368421052631576,22
random,0.01,23,False,23103,False,39999,0.6363636363636364,False,,1,0.6842105263157895,22
random,0.01,23,False,23104,False,39999,0.6363636363636364,False,,1,0.42105263157894735,22
random,0.01,24,False,24100,True,37050,1.0,True,2,1,0.3684210526315789,20
random,0.01,24,False,24101,False,39999,1.0,True,2,1,0.47368421052631576,20
random,0.01,24,False,24102,True,16200,1.0,True,2,1,0.5263157894736842,20
random,0.01,24,False,24103,True,5200,1.0,True,2,1,0.47368421052631576,20
random,0.01,24,False,24104,True,1550,1.0,True,2,1,0.631578947368421,20
random,0.01,25,False,25100,True,20850,1.0,True,2,1,0.47368421052631576,14
random,0.01,25,False,25101,True,14300,1.0,True,2,1,0.42105263157894735,14
random,0.01,25,False,25102,True,32000,1.0,True,2,1,0.5789473684210527,14
random,0.01,25,False,25103,True,7400,1.0,True,2,1,0.42105263157894735,14
random,0.01,25,False,25104,True,4500,1.0,True,2,1,0.5263157894736842,14
random,0.01,26,False,26100,True,950,1.0,True,2,1,0.3684210526315789,15
random,0.01,26,False,26101,True,39050,1.0,True,2,1,0.42105263157894735,15
random,0.01,26,False,26102,True,5150,1.0,True,2,1,0.42105263157894735,15
random,0.01,26,False,26103,True,12450,1.0,True,2,1,0.6842105263157895,15
random,0.01,26,False,26104,False,39999,0.8666666666666667,False,,1,0.47368421052631576,15
random,0.01,27,False,27100,True,19100,1.0,False,,1,0.631578947368421,19
random,0.01,27,False,27101,True,26650,1.0,True,2,1,0.7368421052631579,19
random,0.01,27,False,27102,True,33300,1.0,True,2,1,0.5789473684210527,19
random,0.01,27,False,27103,True,19850,1.0,True,2,1,0.3684210526315789,19
random,0.01,27,False,27104,False,39999,1.0,True,2,1,0.631578947368421,19
random,0.01,28,False,28100,True,21850,1.0,True,2,1,0.5263157894736842,16
random,0.01,28,False,28101,False,39999,1.0,True,2,1,0.21052631578947367,16
random,0.01,28,False,28102,True,23100,1.0,True,2,1,0.3684210526315789,16
random,0.01,28,False,28103,True,24750,1.0,True,2,1,0.3684210526315789,16
random,0.01,28,False,28104,False,39999,1.0,True,2,1,0.21052631578947367,16
random,0.01,29,False,29100,True,24900,1.0,True,2,1,0.631578947368421,16
random,0.01,29,False,29101,True,28400,1.0,True,2,1,0.47368421052631576,16
random,0.01,29,False,29102,True,20500,1.0,True,2,1,0.8421052631578947,16
random,0.01,29,False,29103,True,11900,1.0,True,2,1,0.5263157894736842,16
random,0.01,29,False,29104,False,39999,1.0,True,2,1,0.47368421052631576,16
random,0.015,0,False,100,False,39999,0.7894736842105263,False,,1,0.6842105263157895,19
random,0.015,0,False,101,False,39999,1.0,False,,1,0.47368421052631576,19
random,0.015,0,False,102,False,39999,0.7368421052631579,False,,1,0.42105263157894735,19
random,0.015,0,False,103,False,39999,0.8421052631578947,False,,1,0.6842105263157895,19
random,0.015,0,False,104,True,800,1.0,True,2,1,0.7368421052631579,19
random,0.015,1,False,1100,False,39999,1.0,True,2,1,0.6842105263157895,19
random,0.015,1,False,1101,True,39100,1.0,True,2,1,0.5789473684210527,19
random,0.015,1,False,1102,False,39999,0.5263157894736842,False,,1,0.42105263157894735,19
random,0.015,1,False,1103,True,25750,1.0,True,2,1,0.3684210526315789,19
random,0.015,1,False,1104,False,39999,1.0,True,2,1,0.47368421052631576,19
random,0.015,2,False,2100,False,39999,0.8666666666666667,False,,1,0.42105263157894735,15
random,0.015,2,False,2101,False,39999,1.0,True,2,1,0.3684210526315789,15
random,0.015,2,False,2102,False,39999,0.5333333333333333,False,,1,0.631578947368421,15
random,0.015,2,False,2103,True,35600,1.0,True,2,1,0.47368421052631576,15
random,0.015,2,False,2104,False,39999,0.8666666666666667,False,,1,0.7368421052631579,15
random,0.015,3,False,3100,False,39999,0.625,False,,1,0.631578947368421,16
random,0.015,3,False,3101,False,39999,1.0,True,2,1,0.631578947368421,16
random,0.015,3,False,3102,False,39999,1.0,True,2,1,0.47368421052631576,16
random,0.015,3,False,3103,False,39999,1.0,True,1,1,0.5263157894736842,16
random,0.015,3,False,3104,False,39999,1.0,True,2,1,0.42105263157894735,16
random,0.015,4,False,4100,True,3100,1.0,True,2,1,0.3684210526315789,17
random,0.015,4,False,4101,False,39999,0.5882352941176471,False,,1,0.3684210526315789,17
random,0.015,4,False,4102,False,39999,0.8823529411764706,False,,1,0.42105263157894735,17
random,0.015,4,False,4103,False,39999,0.8235294117647058,False,,1,0.47368421052631576,17
random,0.015,4,False,4104,True,39200,1.0,True,2,1,0.42105263157894735,17
random,0.015,5,False,5100,False,39999,0.7222222222222222,False,,1,0.6842105263157895,18
random,0.015,5,False,5101,False,39999,1.0,True,2,1,0.6842105263157895,18
random,0.015,5,False,5102,False,39999,1.0,True,2,1,0.47368421052631576,18
random,0.015,5,False,5103,False,39999,1.0,True,2,1,0.47368421052631576,18
random,0.015,5,False,5104,False,39999,1.0,True,2,1,0.3157894736842105,18
random,0.015,6,False,6100,False,39999,1.0,True,2,1,0.6842105263157895,17
random,0.015,6,False,6101,False,39999,0.8823529411764706,False,,1,0.3684210526315789,17
random,0.015,6,False,6102,False,39999,1.0,True,2,1,0.5263157894736842,17
random,0.015,6,False,6103,False,39999,0.8235294117647058,False,,1,0.5263157894736842,17
random,0.015,6,False,6104,False,39999,0.8823529411764706,False,,1,0.6842105263157895,17
random,0.015,7,False,7100,True,24800,1.0,True,2,1,0.5263157894736842,13
random,0.015,7,False,7101,False,39999,0.8461538461538461,False,,1,0.47368421052631576,13
random,0.015,7,False,7102,False,39999,0.5384615384615384,False,,1,0.42105263157894735,13
random,0.015,7,False,7103,False,39999,0.9230769230769231,False,,1,0.5789473684210527,13
random,0.015,7,False,7104,False,39999,1.0,True,2,1,0.6842105263157895,13
random,0.015,8,False,8100,False,39999,0.7222222222222222,False,,1,0.7368421052631579,18
random,0.015,8,False,8101,False,39999,0.9444444444444444,False,,1,0.3157894736842105,18
random,0.015,8,False,8102,False,39999,0.8888888888888888,False,,1,0.5263157894736842,18
random,0.015,8,False,8103,True,19000,1.0,True,2,1,0.47368421052631576,18
random,0.015,8,False,8104,False,39999,0.4444444444444444,False,,1,0.6842105263157895,18
random,0.015,9,False,9100,False,39999,1.0,True,2,1,0.3684210526315789,15
random,0.015,9,False,9101,False,39999,1.0,True,2,1,0.47368421052631576,15
random,0.015,9,False,9102,False,39999,1.0,True,2,1,0.5789473684210527,15
random,0.015,9,False,9103,True,5200,1.0,True,2,1,0.3684210526315789,15
random,0.015,9,False,9104,False,39999,1.0,True,2,1,0.42105263157894735,15
random,0.015,10,False,10100,False,39999,1.0,True,2,1,0.6842105263157895,18
random,0.015,10,False,10101,False,39999,1.0,True,2,1,0.5789473684210527,18
random,0.015,10,False,10102,False,39999,0.8888888888888888,False,,1,0.42105263157894735,18
random,0.015,10,False,10103,False,39999,1.0,True,2,1,0.5789473684210527,18
random,0.015,10,False,10104,False,39999,1.0,True,2,1,0.47368421052631576,18
random,0.015,11,False,11100,True,26300,1.0,True,2,1,0.3157894736842105,17
random,0.015,11,False,11101,False,39999,1.0,True,2,1,0.5789473684210527,17
random,0.015,11,False,11102,False,39999,0.7058823529411765,False,,1,0.47368421052631576,17
random,0.015,11,False,11103,False,39999,0.8823529411764706,False,,1,0.42105263157894735,17
random,0.015,11,False,11104,False,39999,0.7647058823529411,False,,1,0.42105263157894735,17
random,0.015,12,False,12100,False,39999,1.0,True,2,1,0.42105263157894735,17
random,0.015,12,False,12101,True,11950,1.0,False,,1,0.42105263157894735,17
random,0.015,12,False,12102,False,39999,1.0,True,2,1,0.5789473684210527,17
random,0.015,12,False,12103,False,39999,0.7058823529411765,False,,1,0.42105263157894735,17
random,0.015,12,False,12104,False,39999,0.8823529411764706,False,,1,0.5789473684210527,17
random,0.015,13,False,13100,True,24200,1.0,True,2,1,0.47368421052631576,19
random,0.015,13,False,13101,False,39999,1.0,True,2,1,0.5263157894736842,19
random,0.015,13,False,13102,False,39999,1.0,True,2,1,0.5789473684210527,19
random,0.015,13,False,13103,False,39999,0.7368421052631579,False,,1,0.5263157894736842,19
random,0.015,13,False,13104,False,39999,0.7894736842105263,False,,1,0.47368421052631576,19
random,0.015,14,False,14100,False,39999,0.875,False,,1,0.3684210526315789,16
random,0.015,14,False,14101,False,39999,0.625,False,,1,0.5263157894736842,16
random,0.015,14,False,14102,False,39999,0.6875,False,,1,0.5789473684210527,16
random,0.015,14,False,14103,False,39999,1.0,True,2,1,0.5789473684210527,16
random,0.015,14,False,14104,False,39999,0.875,False,,1,0.631578947368421,16
random,0.015,15,False,15100,False,39999,0.875,False,,1,0.5263157894736842,16
random,0.015,15,False,15101,False,39999,0.8125,False,,1,0.5789473684210527,16
random,0.015,15,False,15102,False,39999,1.0,True,2,1,0.47368421052631576,16
random,0.015,15,False,15103,True,11100,1.0,True,2,1,0.42105263157894735,16
random,0.015,15,False,15104,False,39999,0.6875,False,,1,0.47368421052631576,16
random,0.015,16,False,16100,False,39999,0.8235294117647058,False,,1,0.3684210526315789,17
random,0.015,16,False,16101,False,39999,0.8235294117647058,False,,1,0.47368421052631576,17
random,0.015,16,False,16102,False,39999,1.0,True,2,1,0.631578947368421,17
random,0.015,16,False,16103,False,39999,0.7647058823529411,False,,1,0.5789473684210527,17
random,0.015,16,False,16104,True,6000,1.0,True,2,1,0.5789473684210527,17
random,0.015,17,False,17100,False,39999,0.5333333333333333,False,,1,0.5263157894736842,15
random,0.015,17,False,17101,False,39999,1.0,True,2,1,0.631578947368421,15
random,0.015,17,False,17102,False,39999,0.6,False,,1,0.631578947368421,15
random,0.015,17,False,17103,False,39999,1.0,True,2,1,0.5263157894736842,15
random,0.015,17,False,17104,False,39999,0.9333333333333333,False,,1,0.5263157894736842,15
random,0.015,18,False,18100,False,39999,0.7857142857142857,False,,1,0.47368421052631576,14
random,0.015,18,False,18101,False,39999,0.9285714285714286,False,,1,0.5789473684210527,14
random,0.015,18,False,18102,True,37050,1.0,True,2,1,0.631578947368421,14
random,0.015,18,False,18103,False,39999,0.8571428571428571,False,,1,0.3157894736842105,14
random,0.015,18,False,18104,False,39999,0.7142857142857143,False,,1,0.5263157894736842,14
random,0.015,19,False,19100,False,39999,0.8666666666666667,False,,1,0.5789473684210527,15
random,0.015,19,False,19101,False,39999,1.0,False,,1,0.42105263157894735,15
random,0.015,19,False,19102,False,39999,0.8,False,,1,0.5263157894736842,15
random,0.015,19,False,19103,False,39999,1.0,False,,1,0.5789473684210527,15
random,0.015,19,False,19104,False,39999,0.8,False,,1,0.42105263157894735,15
random,0.015,20,False,20100,False,39999,1.0,True,2,1,0.5789473684210527,14
random,0.015,20,False,20101,False,39999,1.0,True,2,1,0.47368421052631576,14
random,0.015,20,False,20102,False,39999,0.9285714285714286,False,,1,0.3684210526315789,14
random,0.015,20,False,20103,False,39999,0.9285714285714286,False,,1,0.47368421052631576,14
random,0.015,20,False,20104,False,39999,0.7857142857142857,False,,1,0.42105263157894735,14
random,0.015,21,False,21100,True,39100,1.0,True,2,1,0.5263157894736842,14
random,0.015,21,False,21101,True,3900,1.0,True,2,1,0.5789473684210527,14
random,0.015,21,False,21102,False,39999,1.0,True,2,1,0.42105263157894735,14
random,0.015,21,False,21103,False,39999,1.0,True,2,1,0.5789473684210527,14
random,0.015,21,False,21104,False,39999,0.8571428571428571,False,,1,0.47368421052631576,14
random,0.015,22,False,22100,False,39999,1.0,True,2,1,0.42105263157894735,16
random,0.015,22,False,22101,False,39999,1.0,True,2,1,0.6842105263157895,16
random,0.015,22,False,22102,False,39999,0.5625,False,,1,0.42105263157894735,16
random,0.015,22,False,22103,False,39999,1.0,True,2,1,0.42105263157894735,16
random,0.015,22,False,22104,False,39999,0.875,False,,1,0.42105263157894735,16
random,0.015,23,False,23100,False,39999,1.0,True,2,1,0.47368421052631576,22
random,0.015,23,False,23101,False,39999,0.7272727272727273,False,,1,0.5789473684210527,22
random,0.015,23,False,23102,False,39999,0.6818181818181818,False,,1,0.5263157894736842,22
random,0.015,23,False,23103,False,39999,0.5454545454545454,False,,1,0.47368421052631576,22
random,0.015,23,False,23104,False,39999,1.0,True,2,1,0.5263157894736842,22
random,0.015,24,False,24100,False,39999,0.65,False,,1,0.5263157894736842,20
random,0.015,24,False,24101,False,39999,0.5,False,,1,0.5789473684210527,20
random,0.015,24,False,24102,False,39999,0.75,False,,1,0.47368421052631576,20
random,0.015,24,False,24103,False,39999,0.55,False,,1,0.47368421052631576,20
random,0.015,24,False,24104,False,39999,1.0,True,2,1,0.5263157894736842,20
random,0.015,25,False,25100,False,39999,1.0,True,2,1,0.42105263157894735,14
random,0.015,25,False,25101,False,39999,0.7142857142857143,False,,1,0.42105263157894735,14
random,0.015,25,False,25102,False,39999,0.7857142857142857,False,,1,0.47368421052631576,14
random,0.015,25,False,25103,False,39999,1.0,True,2,1,0.3684210526315789,14
random,0.015,25,False,25104,False,39999,1.0,True,2,1,0.3684210526315789,14
random,0.015,26,False,26100,False,39999,0.8666666666666667,False,,1,0.5789473684210527,15
random,0.015,26,False,26101,False,39999,1.0,True,2,1,0.3157894736842105,15
random,0.015,26,False,26102,True,18950,1.0,True,2,1,0.5789473684210527,15
random,0.015,26,False,26103,False,39999,0.5333333333333333,False,,1,0.42105263157894735,15
random,0.015,26,False,26104,False,39999,1.0,True,2,1,0.5789473684210527,15
random,0.015,27,False,27100,False,39999,1.0,False,,1,0.5263157894736842,19
random,0.015,27,False,27101,False,39999,0.6842105263157895,False,,1,0.5263157894736842,19
random,0.015,27,False,27102,False,39999,0.8421052631578947,False,,1,0.631578947368421,19
random,0.015,27,False,27103,False,39999,0.7368421052631579,False,,1,0.3684210526315789,19
random,0.015,27,False,27104,False,39999,0.6842105263157895,False,,1,0.5263157894736842,19
random,0.015,28,False,28100,False,39999,1.0,True,2,1,0.47368421052631576,16
random,0.015,28,False,28101,False,39999,1.0,True,2,1,0.631578947368421,16
random,0.015,28,False,28102,True,3700,1.0,True,2,1,0.47368421052631576,16
random,0.015,28,False,28103,False,39999,1.0,True,2,1,0.5263157894736842,16
random,0.015,28,False,28104,False,39999,0.5625,False,,1,0.5263157894736842,16
random,0.015,29,False,29100,False,39999,0.625,False,,1,0.5789473684210527,16
random,0.015,29,False,29101,False,39999,1.0,True,2,1,0.5789473684210527,16
random,0.015,29,False,29102,False,39999,0.5625,False,,1,0.3684210526315789,16
random,0.015,29,False,29103,False,39999,0.5625,False,,1,0.3684210526315789,16
random,0.015,29,False,29104,False,39999,1.0,True,2,1,0.5789473684210527,16
random,0.02,0,False,100,False,39999,0.7368421052631579,False,,1,0.6842105263157895,19
random,0.02,0,False,101,False,39999,1.0,True,2,1,0.6842105263157895,19
random,0.02,0,False,102,False,39999,0.7894736842105263,False,,1,0.631578947368421,19
random,0.02,0,False,103,False,39999,1.0,False,,1,0.47368421052631576,19
random,0.02,0,False,104,True,23450,1.0,True,2,1,0.42105263157894735,19
random,0.02,1,False,1100,False,39999,1.0,True,2,1,0.631578947368421,19
random,0.02,1,False,1101,False,39999,0.7368421052631579,False,,1,0.3157894736842105,19
random,0.02,1,False,1102,False,39999,1.0,True,2,1,0.5789473684210527,19
random,0.02,1,False,1103,False,39999,0.6842105263157895,False,,1,0.47368421052631576,19
random,0.02,1,False,1104,False,39999,0.7368421052631579,False,,1,0.631578947368421,19
random,0.02,2,False,2100,False,39999,1.0,True,2,1,0.5789473684210527,15
random,0.02,2,False,2101,False,39999,0.6,False,,1,0.5263157894736842,15
random,0.02,2,False,2102,False,39999,1.0,True,2,1,0.3684210526315789,15
random,0.02,2,False,2103,False,39999,0.6666666666666666,False,,1,0.42105263157894735,15
random,0.02,2,False,2104,False,39999,0.5333333333333333,False,,1,0.47368421052631576,15
random,0.02,3,False,3100,False,39999,1.0,True,2,1,0.47368421052631576,16
random,0.02,3,False,3101,False,39999,1.0,True,2,1,0.5263157894736842,16
random,0.02,3,False,3102,False,39999,0.6875,False,,1,0.42105263157894735,16
random,0.02,3,False,3103,False,39999,1.0,True,2,1,0.631578947368421,16
random,0.02,3,False,3104,False,39999,1.0,True,2,1,0.3684210526315789,16
random,0.02,4,False,4100,False,39999,0.8823529411764706,False,,1,0.42105263157894735,17
random,0.02,4,False,4101,False,39999,0.6470588235294118,False,,1,0.3684210526315789,17
random,0.02,4,False,4102,False,39999,0.7647058823529411,False,,1,0.5789473684210527,17
random,0.02,4,False,4103,False,39999,1.0,True,2,1,0.5263157894736842,17
random,0.02,4,False,4104,False,39999,0.7647058823529411,False,,1,0.5789473684210527,17
random,0.02,5,False,5100,False,39999,0.8333333333333334,False,,1,0.3157894736842105,18
random,0.02,5,False,5101,False,39999,1.0,True,2,1,0.42105263157894735,18
random,0.02,5,False,5102,False,39999,1.0,True,2,1,0.3157894736842105,18
random,0.02,5,False,5103,False,39999,0.5555555555555556,False,,1,0.5263157894736842,18
random,0.02,5,False,5104,False,39999,1.0,True,2,1,0.631578947368421,18
random,0.02,6,False,6100,False,39999,0.5294117647058824,False,,1,0.5789473684210527,17
random,0.02,6,False,6101,False,39999,1.0,True,2,1,0.47368421052631576,17
random,0.02,6,False,6102,False,39999,0.5882352941176471,False,,1,0.5789473684210527,17
random,0.02,6,False,6103,False,39999,0.8823529411764706,False,,1,0.3684210526315789,17
random,0.02,6,False,6104,False,39999,0.7058823529411765,False,,1,0.2631578947368421,17
random,0.02,7,False,7100,False,39999,0.8461538461538461,False,,1,0.5789473684210527,13
random,0.02,7,False,7101,False,39999,0.9230769230769231,False,,1,0.3684210526315789,13
random,0.02,7,False,7102,False,39999,0.7692307692307693,False,,1,0.3157894736842105,13
random,0.02,7,False,7103,False,39999,0.9230769230769231,False,,1,0.5789473684210527,13
random,0.02,7,False,7104,False,39999,1.0,True,2,1,0.5263157894736842,13
random,0.02,8,False,8100,False,39999,0.7222222222222222,False,,1,0.7368421052631579,18
random,0.02,8,False,8101,False,39999,0.7777777777777778,False,,1,0.42105263157894735,18
random,0.02,8,False,8102,False,39999,0.8888888888888888,False,,1,0.631578947368421,18
random,0.02,8,False,8103,False,39999,0.8888888888888888,False,,1,0.42105263157894735,18
random,0.02,8,False,8104,False,39999,0.7222222222222222,False,,1,0.47368421052631576,18
random,0.02,9,False,9100,False,39999,0.9333333333333333,False,,1,0.42105263157894735,15
random,0.02,9,False,9101,False,39999,0.8,False,,1,0.5789473684210527,15
random,0.02,9,False,9102,False,39999,0.8,False,,1,0.631578947368421,15
random,0.02,9,False,9103,False,39999,1.0,True,2,1,0.6842105263157895,15
random,0.02,9,False,9104,False,39999,1.0,True,2,1,0.631578947368421,15
random,0.02,10,False,10100,False,39999,1.0,True,1,1,0.47368421052631576,18
random,0.02,10,False,10101,False,39999,1.0,True,2,1,0.6842105263157895,18
random,0.02,10,False,10102,False,39999,1.0,True,2,1,0.5789473684210527,18
random,0.02,10,False,10103,False,39999,1.0,True,2,1,0.3157894736842105,18
random,0.02,10,False,10104,False,39999,0.8333333333333334,False,,1,0.5263157894736842,18
random,0.02,11,False,11100,False,39999,1.0,True,2,1,0.5263157894736842,17
random,0.02,11,False,11101,False,39999,1.0,True,2,1,0.42105263157894735,17
random,0.02,11,False,11102,False,39999,0.8235294117647058,False,,1,0.3684210526315789,17
random,0.02,11,False,11103,False,39999,0.9411764705882353,False,,1,0.3157894736842105,17
random,0.02,11,False,11104,False,39999,0.7647058823529411,False,,1,0.3157894736842105,17
random,0.02,12,False,12100,False,39999,0.7058823529411765,False,,1,0.7894736842105263,17
random,0.02,12,False,12101,False,39999,1.0,True,2,1,0.5263157894736842,17
random,0.02,12,False,12102,False,39999,0.8823529411764706,False,,1,0.47368421052631576,17
random,0.02,12,False,12103,False,39999,0.6470588235294118,False,,1,0.5789473684210527,17
random,0.02,12,False,12104,False,39999,0.5294117647058824,False,,1,0.7368421052631579,17
random,0.02,13,False,13100,False,39999,1.0,True,2,1,0.5263157894736842,19
random,0.02,13,False,13101,False,39999,1.0,True,2,1,0.3684210526315789,19
random,0.02,13,False,13102,False,39999,0.631578947368421,False,,1,0.5263157894736842,19
random,0.02,13,False,13103,False,39999,1.0,True,2,1,0.42105263157894735,19
random,0.02,13,False,13104,False,39999,0.8421052631578947,False,,1,0.7894736842105263,19
random,0.02,14,False,14100,False,39999,0.9375,False,,1,0.2631578947368421,16
random,0.02,14,False,14101,False,39999,1.0,True,2,1,0.5263157894736842,16
random,0.02,14,False,14102,False,39999,0.6875,False,,1,0.631578947368421,16
random,0.02,14,False,14103,False,39999,0.8125,False,,1,0.6842105263157895,16
random,0.02,14,False,14104,False,39999,0.9375,False,,1,0.47368421052631576,16
random,0.02,15,False,15100,False,39999,0.9375,False,,1,0.6842105263157895,16
random,0.02,15,False,15101,False,39999,0.8125,False,,1,0.5789473684210527,16
random,0.02,15,False,15102,False,39999,0.625,False,,1,0.631578947368421,16
random,0.02,15,False,15103,False,39999,1.0,True,2,1,0.47368421052631576,16
random,0.02,15,False,15104,False,39999,0.9375,False,,1,0.42105263157894735,16
random,0.02,16,False,16100,False,39999,0.8823529411764706,False,,1,0.47368421052631576,17
random,0.02,16,False,16101,False,39999,0.7058823529411765,False,,1,0.5263157894736842,17
random,0.02,16,False,16102,False,39999,1.0,True,2,1,0.42105263157894735,17
random,0.02,16,False,16103,False,39999,0.6470588235294118,False,,1,0.631578947368421,17
random,0.02,16,False,16104,False,39999,1.0,True,2,1,0.631578947368421,17
random,0.02,17,False,17100,False,39999,0.8,False,,1,0.21052631578947367,15
random,0.02,17,False,17101,False,39999,0.7333333333333333,False,,1,0.631578947368421,15
random,0.02,17,False,17102,False,39999,0.6666666666666666,False,,1,0.2631578947368421,15
random,0.02,17,False,17103,False,39999,0.8,False,,1,0.5789473684210527,15
random,0.02,17,False,17104,False,39999,0.7333333333333333,False,,1,0.47368421052631576,15
random,0.02,18,False,18100,False,39999,0.5714285714285714,False,,1,0.5789473684210527,14
random,0.02,18,False,18101,False,39999,1.0,True,2,1,0.5263157894736842,14
random,0.02,18,False,18102,False,39999,0.9285714285714286,False,,1,0.47368421052631576,14
random,0.02,18,False,18103,False,39999,0.6428571428571429,False,,1,0.3684210526315789,14
random,0.02,18,False,18104,False,39999,0.7142857142857143,False,,1,0.3684210526315789,14
random,0.02,19,False,19100,False,39999,0.7333333333333333,False,,1,0.6842105263157895,15
random,0.02,19,False,19101,False,39999,0.6,False,,1,0.5789473684210527,15
random,0.02,19,False,19102,False,39999,0.6,False,,1,0.47368421052631576,15
random,0.02,19,False,19103,False,39999,1.0,True,2,1,0.42105263157894735,15
random,0.02,19,False,19104,False,39999,0.6666666666666666,False,,1,0.42105263157894735,15
random,0.02,20,False,20100,False,39999,1.0,True,2,1,0.47368421052631576,14
random,0.02,20,False,20101,False,39999,0.8571428571428571,False,,1,0.2631578947368421,14
random,0.02,20,False,20102,False,39999,0.9285714285714286,False,,1,0.47368421052631576,14
random,0.02,20,False,20103,False,39999,0.7142857142857143,False,,1,0.47368421052631576,14
random,0.02,20,False,20104,False,39999,0.9285714285714286,False,,1,0.3157894736842105,14
random,0.02,21,False,21100,False,39999,0.8571428571428571,False,,1,0.3157894736842105,14
random,0.02,21,False,21101,False,39999,0.7857142857142857,False,,1,0.5263157894736842,14
random,0.02,21,False,21102,False,39999,0.5714285714285714,False,,1,0.5789473684210527,14
random,0.02,21,False,21103,False,39999,1.0,True,2,1,0.631578947368421,14
random,0.02,21,False,21104,False,39999,0.8571428571428571,False,,1,0.5263157894736842,14
random,0.02,22,False,22100,False,39999,0.75,False,,1,0.42105263157894735,16
random,0.02,22,False,22101,False,39999,1.0,True,2,1,0.631578947368421,16
random,0.02,22,False,22102,False,39999,0.8125,False,,1,0.42105263157894735,16
random,0.02,22,False,22103,False,39999,0.6875,False,,1,0.5263157894736842,16
random,0.02,22,False,22104,False,39999,1.0,True,2,1,0.3157894736842105,16
random,0.02,23,False,23100,False,39999,0.7727272727272727,False,,1,0.5789473684210527,22
random,0.02,23,False,23101,False,39999,1.0,True,2,1,0.5789473684210527,22
random,0.02,23,False,23102,False,39999,0.7272727272727273,False,,1,0.3684210526315789,22
random,0.02,23,False,23103,False,39999,0.6818181818181818,False,,1,0.3684210526315789,22
random,0.02,23,False,23104,False,39999,1.0,True,2,1,0.631578947368421,22
random,0.02,24,False,24100,False,39999,0.75,False,,1,0.3684210526315789,20
random,0.02,24,False,24101,False,39999,0.4,False,,1,0.42105263157894735,20
random,0.02,24,False,24102,False,39999,0.55,False,,1,0.631578947368421,20
random,0.02,24,False,24103,False,39999,0.65,False,,1,0.5263157894736842,20
random,0.02,24,False,24104,False,39999,0.55,False,,1,0.47368421052631576,20
random,0.02,25,False,25100,False,39999,0.7857142857142857,False,,1,0.3157894736842105,14
random,0.02,25,False,25101,False,39999,0.5,False,,1,0.6842105263157895,14
random,0.02,25,False,25102,False,39999,0.7857142857142857,False,,1,0.3684210526315789,14
random,0.02,25,False,25103,False,39999,1.0,True,2,1,0.3684210526315789,14
random,0.02,25,False,25104,False,39999,0.8571428571428571,False,,1,0.631578947368421,14
random,0.02,26,False,26100,False,39999,0.8666666666666667,False,,1,0.47368421052631576,15
random,0.02,26,False,26101,False,39999,1.0,True,2,1,0.42105263157894735,15
random,0.02,26,False,26102,False,39999,1.0,True,2,1,0.47368421052631576,15
random,0.02,26,False,26103,False,39999,0.8,False,,1,0.47368421052631576,15
random,0.02,26,False,26104,False,39999,0.8,False,,1,0.42105263157894735,15
random,0.02,27,False,27100,False,39999,1.0,True,2,1,0.5263157894736842,19
random,0.02,27,False,27101,False,39999,1.0,True,2,1,0.5789473684210527,19
random,0.02,27,False,27102,False,39999,0.5789473684210527,False,,1,0.47368421052631576,19
random,0.02,27,False,27103,False,39999,0.5263157894736842,False,,1,0.5263157894736842,19
random,0.02,27,False,27104,False,39999,0.5789473684210527,False,,1,0.6842105263157895,19
random,0.02,28,False,28100,False,39999,0.5625,False,,1,0.5789473684210527,16
random,0.02,28,False,28101,False,39999,0.75,False,,1,0.631578947368421,16
random,0.02,28,False,28102,False,39999,1.0,True,2,1,0.3684210526315789,16
random,0.02,28,False,28103,False,39999,1.0,True,2,1,0.631578947368421,16
random,0.02,28,False,28104,False,39999,0.6875,False,,1,0.5789473684210527,16
random,0.02,29,False,29100,False,39999,1.0,True,2,1,0.47368421052631576,16
random,0.02,29,False,29101,False,39999,0.9375,False,,1,0.631578947368421,16
random,0.02,29,False,29102,False,39999,0.625,False,,1,0.5263157894736842,16
random,0.02,29,False,29103,False,39999,0.8125,False,,1,0.47368421052631576,16
random,0.02,29,False,29104,False,39999,0.9375,False,,1,0.3684210526315789,16
random,0.03,0,False,100,False,39999,1.0,True,2,1,0.5789473684210527,19
random,0.03,0,False,101,False,39999,0.6842105263157895,False,,1,0.5263157894736842,19
random,0.03,0,False,102,False,39999,1.0,False,,1,0.5789473684210527,19
random,0.03,0,False,103,False,39999,1.0,False,,1,0.5263157894736842,19
random,0.03,0,False,104,False,39999,0.5789473684210527,False,,1,0.5263157894736842,19
random,0.03,1,False,1100,False,39999,1.0,True,2,1,0.47368421052631576,19
random,0.03,1,False,1101,False,39999,0.5789473684210527,False,,1,0.3684210526315789,19
random,0.03,1,False,1102,False,39999,1.0,True,2,1,0.3157894736842105,19
random,0.03,1,False,1103,False,39999,1.0,True,2,1,0.6842105263157895,19
random,0.03,1,False,1104,False,39999,0.6842105263157895,False,,1,0.5789473684210527,19
random,0.03,2,False,2100,False,39999,1.0,True,2,1,0.47368421052631576,15
random,0.03,2,False,2101,False,39999,0.6666666666666666,False,,1,0.47368421052631576,15
random,0.03,2,False,2102,False,39999,0.8666666666666667,False,,1,0.5789473684210527,15
random,0.03,2,False,2103,False,39999,0.6666666666666666,False,,1,0.3684210526315789,15
random,0.03,2,False,2104,False,39999,1.0,True,2,1,0.3684210526315789,15
random,0.03,3,False,3100,False,39999,0.75,False,,1,0.42105263157894735,16
random,0.03,3,False,3101,False,39999,0.75,False,,1,0.3157894736842105,16
random,0.03,3,False,3102,False,39999,1.0,True,2,1,0.5789473684210527,16
random,0.03,3,False,3103,False,39999,1.0,True,2,1,0.3684210526315789,16
random,0.03,3,False,3104,False,39999,0.8125,False,,1,0.631578947368421,16
random,0.03,4,False,4100,False,39999,0.6470588235294118,False,,1,0.42105263157894735,17
random,0.03,4,False,4101,False,39999,0.7058823529411765,False,,1,0.3157894736842105,17
random,0.03,4,False,4102,False,39999,0.8823529411764706,False,,1,0.2631578947368421,17
random,0.03,4,False,4103,False,39999,0.7647058823529411,False,,1,0.6842105263157895,17
random,0.03,4,False,4104,False,39999,0.8235294117647058,False,,1,0.5263157894736842,17
random,0.03,5,False,5100,False,39999,0.5555555555555556,False,,1,0.6842105263157895,18
random,0.03,5,False,5101,False,39999,1.0,True,2,1,0.631578947368421,18
random,0.03,5,False,5102,False,39999,0.7222222222222222,False,,1,0.3684210526315789,18
random,0.03,5,False,5103,False,39999,0.6666666666666666,False,,1,0.5789473684210527,18
random,0.03,5,False,5104,False,39999,0.6666666666666666,False,,1,0.5789473684210527,18
random,0.03,6,False,6100,False,39999,0.8235294117647058,False,,1,0.5263157894736842,17
random,0.03,6,False,6101,False,39999,0.8823529411764706,False,,1,0.631578947368421,17
random,0.03,6,False,6102,False,39999,0.7058823529411765,False,,1,0.42105263157894735,17
random,0.03,6,False,6103,False,39999,0.8235294117647058,False,,1,0.5263157894736842,17
random,0.03,6,False,6104,False,39999,1.0,True,2,1,0.631578947368421,17
random,0.03,7,False,7100,False,39999,0.9230769230769231,False,,1,0.5263157894736842,13
random,0.03,7,False,7101,False,39999,0.6923076923076923,False,,1,0.5789473684210527,13
random,0.03,7,False,7102,False,39999,1.0,True,2,1,0.5263157894736842,13
random,0.03,7,False,7103,False,39999,0.7692307692307693,False,,1,0.3684210526315789,13
random,0.03,7,False,7104,False,39999,0.6923076923076923,False,,1,0.3157894736842105,13
random,0.03,8,False,8100,False,39999,0.5,False,,1,0.47368421052631576,18
random,0.03,8,False,8101,False,39999,0.6666666666666666,False,,1,0.47368421052631576,18
random,0.03,8,False,8102,False,39999,0.8333333333333334,False,,1,0.3684210526315789,18
random,0.03,8,False,8103,False,39999,0.9444444444444444,False,,1,0.8421052631578947,18
random,0.03,8,False,8104,False,39999,0.7777777777777778,False,,1,0.5789473684210527,18
random,0.03,9,False,9100,False,39999,0.8666666666666667,False,,1,0.3157894736842105,15
random,0.03,9,False,9101,False,39999,0.6666666666666666,False,,1,0.47368421052631576,15
random,0.03,9,False,9102,False,39999,1.0,True,2,1,0.3157894736842105,15
random,0.03,9,False,9103,False,39999,0.6,False,,1,0.42105263157894735,15
random,0.03,9,False,9104,False,39999,0.7333333333333333,False,,1,0.5263157894736842,15
random,0.03,10,False,10100,False,39999,0.6666666666666666,False,,1,0.47368421052631576,18
random,0.03,10,False,10101,False,39999,0.8333333333333334,False,,1,0.631578947368421,18
random,0.03,10,False,10102,False,39999,0.8333333333333334,False,,1,0.42105263157894735,18
random,0.03,10,False,10103,False,39999,0.7222222222222222,False,,1,0.47368421052631576,18
random,0.03,10,False,10104,False,39999,0.7222222222222222,False,,1,0.47368421052631576,18
random,0.03,11,False,11100,False,39999,0.7647058823529411,False,,1,0.47368421052631576,17
random,0.03,11,False,11101,False,39999,0.8235294117647058,False,,1,0.5789473684210527,17
random,0.03,11,False,11102,False,39999,1.0,True,2,1,0.47368421052631576,17
random,0.03,11,False,11103,False,39999,0.7647058823529411,False,,1,0.42105263157894735,17
random,0.03,11,False,11104,False,39999,1.0,True,2,1,0.5263157894736842,17
random,0.03,12,False,12100,False,39999,1.0,True,2,1,0.3684210526315789,17
random,0.03,12,False,12101,False,39999,0.5294117647058824,False,,1,0.631578947368421,17
random,0.03,12,False,12102,False,39999,0.8823529411764706,False,,1,0.631578947368421,17
random,0.03,12,False,12103,False,39999,0.7058823529411765,False,,1,0.631578947368421,17
random,0.03,12,False,12104,False,39999,0.7647058823529411,False,,1,0.42105263157894735,17
random,0.03,13,False,13100,False,39999,1.0,True,2,1,0.5263157894736842,19
random,0.03,13,False,13101,False,39999,0.6842105263157895,False,,1,0.5263157894736842,19
random,0.03,13,False,13102,False,39999,0.7368421052631579,False,,1,0.6842105263157895,19
random,0.03,13,False,13103,False,39999,0.5789473684210527,False,,1,0.5789473684210527,19
random,0.03,13,False,13104,False,39999,0.9473684210526315,False,,1,0.42105263157894735,19
random,0.03,14,False,14100,False,39999,0.9375,False,,1,0.5789473684210527,16
random,0.03,14,False,14101,False,39999,0.9375,False,,1,0.5789473684210527,16
random,0.03,14,False,14102,False,39999,0.8125,False,,1,0.5263157894736842,16
random,0.03,14,False,14103,False,39999,0.6875,False,,1,0.3684210526315789,16
random,0.03,14,False,14104,False,39999,0.8125,False,,1,0.5263157894736842,16
random,0.03,15,False,15100,False,39999,0.8125,False,,1,0.3684210526315789,16
random,0.03,15,False,15101,False,39999,1.0,True,2,1,0.5263157894736842,16
random,0.03,15,False,15102,False,39999,0.875,False,,1,0.47368421052631576,16
random,0.03,15,False,15103,False,39999,0.5,False,,1,0.5263157894736842,16
random,0.03,15,False,15104,False,39999,0.6875,False,,1,0.5263157894736842,16
random,0.03,16,False,16100,False,39999,0.8823529411764706,False,,1,0.5789473684210527,17
random,0.03,16,False,16101,False,39999,1.0,True,2,1,0.3684210526315789,17
random,0.03,16,False,16102,False,39999,0.5294117647058824,False,,1,0.5789473684210527,17
random,0.03,16,False,16103,False,39999,0.7058823529411765,False,,1,0.3684210526315789,17
random,0.03,16,False,16104,False,39999,0.8235294117647058,False,,1,0.5789473684210527,17
random,0.03,17,False,17100,False,39999,0.7333333333333333,False,,1,0.631578947368421,15
random,0.03,17,False,17101,False,39999,0.6666666666666666,False,,1,0.5789473684210527,15
random,0.03,17,False,17102,False,39999,0.6666666666666666,False,,1,0.47368421052631576,15
random,0.03,17,False,17103,False,39999,0.6,False,,1,0.5263157894736842,15
random,0.03,17,False,17104,False,39999,1.0,False,,1,0.5789473684210527,15
random,0.03,18,False,18100,False,39999,0.8571428571428571,False,,1,0.42105263157894735,14
random,0.03,18,False,18101,False,39999,1.0,True,2,1,0.6842105263157895,14
random,0.03,18,False,18102,False,39999,0.5714285714285714,False,,1,0.5263157894736842,14
random,0.03,18,False,18103,False,39999,0.7142857142857143,False,,1,0.42105263157894735,14
random,0.03,18,False,18104,False,39999,0.5714285714285714,False,,1,0.5263157894736842,14
random,0.03,19,False,19100,False,39999,0.6666666666666666,False,,1,0.47368421052631576,15
random,0.03,19,False,19101,False,39999,0.5333333333333333,False,,1,0.5789473684210527,15
random,0.03,19,False,19102,False,39999,1.0,False,,1,0.5789473684210527,15
random,0.03,19,False,19103,False,39999,0.8666666666666667,False,,1,0.47368421052631576,15
random,0.03,19,False,19104,False,39999,0.6666666666666666,False,,1,0.7368421052631579,15
random,0.03,20,False,20100,False,39999,1.0,True,2,1,0.42105263157894735,14
random,0.03,20,False,20101,False,39999,0.8571428571428571,False,,1,0.47368421052631576,14
random,0.03,20,False,20102,False,39999,0.9285714285714286,False,,1,0.5263157894736842,14
random,0.03,20,False,20103,False,39999,0.8571428571428571,False,,1,0.5263157894736842,14
random,0.03,20,False,20104,False,39999,0.9285714285714286,False,,1,0.5263157894736842,14
random,0.03,21,False,21100,False,39999,1.0,True,2,1,0.3157894736842105,14
random,0.03,21,False,21101,False,39999,1.0,True,2,1,0.47368421052631576,14
random,0.03,21,False,21102,False,39999,1.0,True,2,1,0.47368421052631576,14
random,0.03,21,False,21103,False,39999,0.7142857142857143,False,,1,0.5263157894736842,14
random,0.03,21,False,21104,False,39999,0.5714285714285714,False,,1,0.3157894736842105,14
random,0.03,22,False,22100,False,39999,1.0,True,2,1,0.5789473684210527,16
random,0.03,22,False,22101,False,39999,0.5625,False,,1,0.42105263157894735,16
random,0.03,22,False,22102,False,39999,0.75,False,,1,0.5789473684210527,16
random,0.03,22,False,22103,False,39999,0.875,False,,1,0.5263157894736842,16
random,0.03,22,False,22104,False,39999,0.9375,False,,1,0.42105263157894735,16
random,0.03,23,False,23100,False,39999,1.0,True,2,1,0.3684210526315789,22
random,0.03,23,False,23101,False,39999,0.6818181818181818,False,,1,0.3157894736842105,22
random,0.03,23,False,23102,False,39999,1.0,True,2,1,0.47368421052631576,22
random,0.03,23,False,23103,False,39999,1.0,True,2,1,0.42105263157894735,22
random,0.03,23,False,23104,False,39999,1.0,True,2,1,0.631578947368421,22
random,0.03,24,False,24100,False,39999,0.7,False,,1,0.42105263157894735,20
random,0.03,24,False,24101,False,39999,1.0,True,2,1,0.3157894736842105,20
random,0.03,24,False,24102,False,39999,1.0,True,2,1,0.5789473684210527,20
random,0.03,24,False,24103,False,39999,1.0,True,2,1,0.5263157894736842,20
random,0.03,24,False,24104,False,39999,0.7,False,,1,0.631578947368421,20
random,0.03,25,False,25100,False,39999,1.0,True,2,1,0.42105263157894735,14
random,0.03,25,False,25101,False,39999,1.0,True,2,1,0.5789473684210527,14
random,0.03,25,False,25102,False,39999,1.0,True,2,1,0.3684210526315789,14
random,0.03,25,False,25103,False,39999,0.7142857142857143,False,,1,0.42105263157894735,14
random,0.03,25,False,25104,False,39999,0.9285714285714286,False,,1,0.42105263157894735,14
random,0.03,26,False,26100,False,39999,0.6,False,,1,0.6842105263157895,15
random,0.03,26,False,26101,False,39999,0.8666666666666667,False,,1,0.5789473684210527,15
random,0.03,26,False,26102,False,39999,0.6666666666666666,False,,1,0.5789473684210527,15
random,0.03,26,False,26103,False,39999,0.6666666666666666,False,,1,0.42105263157894735,15
random,0.03,26,False,26104,False,39999,1.0,True,2,1,0.631578947368421,15
random,0.03,27,False,27100,False,39999,0.6842105263157895,False,,1,0.8421052631578947,19
random,0.03,27,False,27101,False,39999,0.5263157894736842,False,,1,0.42105263157894735,19
random,0.03,27,False,27102,False,39999,0.7894736842105263,False,,1,0.47368421052631576,19
random,0.03,27,False,27103,False,39999,1.0,False,,1,0.6842105263157895,19
random,0.03,27,False,27104,False,39999,1.0,False,,1,0.5263157894736842,19
random,0.03,28,False,28100,False,39999,0.6875,False,,1,0.42105263157894735,16
random,0.03,28,False,28101,False,39999,1.0,True,2,1,0.5263157894736842,16
random,0.03,28,False,28102,False,39999,0.5625,False,,1,0.5789473684210527,16
random,0.03,28,False,28103,False,39999,0.9375,False,,1,0.2631578947368421,16
random,0.03,28,False,28104,False,39999,0.6875,False,,1,0.5789473684210527,16
random,0.03,29,False,29100,False,39999,0.625,False,,1,0.5263157894736842,16
random,0.03,29,False,29101,False,39999,0.9375,False,,1,0.3157894736842105,16
random,0.03,29,False,29102,False,39999,0.8125,False,,1,0.631578947368421,16
random,0.03,29,False,29103,False,39999,1.0,True,2,1,0.3684210526315789,16
random,0.03,29,False,29104,False,39999,0.5625,False,,1,0.47368421052631576,16
random,0.05,0,False,100,False,39999,0.6842105263157895,False,,1,0.5789473684210527,19
random,0.05,0,False,101,False,39999,1.0,False,,1,0.42105263157894735,19
random,0.05,0,False,102,False,39999,0.631578947368421,False,,1,0.47368421052631576,19
random,0.05,0,False,103,False,39999,0.7368421052631579,False,,1,0.3157894736842105,19
random,0.05,0,False,104,False,39999,1.0,True,2,1,0.5789473684210527,19
random,0.05,1,False,1100,False,39999,0.631578947368421,False,,1,0.5789473684210527,19
random,0.05,1,False,1101,False,39999,0.8421052631578947,False,,1,0.47368421052631576,19
random,0.05,1,False,1102,False,39999,0.6842105263157895,False,,1,0.47368421052631576,19
random,0.05,1,False,1103,False,39999,0.6842105263157895,False,,1,0.3684210526315789,19
random,0.05,1,False,1104,False,39999,0.6842105263157895,False,,1,0.42105263157894735,19
random,0.05,2,False,2100,False,39999,0.8666666666666667,False,,1,0.47368421052631576,15
random,0.05,2,False,2101,False,39999,0.7333333333333333,False,,1,0.5789473684210527,15
random,0.05,2,False,2102,False,39999,0.6,False,,1,0.47368421052631576,15
random,0.05,2,False,2103,False,39999,0.7333333333333333,False,,1,0.5789473684210527,15
random,0.05,2,False,2104,False,39999,0.8,False,,1,0.5263157894736842,15
random,0.05,3,False,3100,False,39999,0.8125,False,,1,0.47368421052631576,16
random,0.05,3,False,3101,False,39999,0.75,False,,1,0.2631578947368421,16
random,0.05,3,False,3102,False,39999,0.625,False,,1,0.5789473684210527,16
random,0.05,3,False,3103,False,39999,0.6875,False,,1,0.3684210526315789,16
random,0.05,3,False,3104,False,39999,0.625,False,,1,0.47368421052631576,16
random,0.05,4,False,4100,False,39999,1.0,True,2,1,0.3684210526315789,17
random,0.05,4,False,4101,False,39999,0.7058823529411765,False,,1,0.5263157894736842,17
random,0.05,4,False,4102,False,39999,0.7647058823529411,False,,1,0.5789473684210527,17
random,0.05,4,False,4103,False,39999,0.7647058823529411,False,,1,0.47368421052631576,17
random,0.05,4,False,4104,False,39999,0.6470588235294118,False,,1,0.5263157894736842,17
random,0.05,5,False,5100,False,39999,0.8333333333333334,False,,1,0.5263157894736842,18
random,0.05,5,False,5101,False,39999,0.7222222222222222,False,,1,0.5263157894736842,18
random,0.05,5,False,5102,False,39999,0.8333333333333334,False,,1,0.631578947368421,18
random,0.05,5,False,5103,False,39999,0.6111111111111112,False,,1,0.5263157894736842,18
random,0.05,5,False,5104,False,39999,0.5555555555555556,False,,1,0.5263157894736842,18
random,0.05,6,False,6100,False,39999,0.8235294117647058,False,,1,0.5789473684210527,17
random,0.05,6,False,6101,False,39999,0.8235294117647058,False,,1,0.42105263157894735,17
random,0.05,6,False,6102,False,39999,0.7647058823529411,False,,1,0.5789473684210527,17
random,0.05,6,False,6103,False,39999,0.8235294117647058,False,,1,0.5263157894736842,17
random,0.05,6,False,6104,False,39999,1.0,True,2,1,0.5263157894736842,17
random,0.05,7,False,7100,False,39999,0.9230769230769231,False,,1,0.7368421052631579,13
random,0.05,7,False,7101,False,39999,0.7692307692307693,False,,1,0.5789473684210527,13
random,0.05,7,False,7102,False,39999,0.8461538461538461,False,,1,0.5263157894736842,13
random,0.05,7,False,7103,False,39999,0.6923076923076923,False,,1,0.47368421052631576,13
random,0.05,7,False,7104,False,39999,0.6923076923076923,False,,1,0.47368421052631576,13
random,0.05,8,False,8100,False,39999,0.5555555555555556,False,,1,0.5789473684210527,18
random,0.05,8,False,8101,False,39999,0.5,False,,1,0.47368421052631576,18
random,0.05,8,False,8102,False,39999,0.7777777777777778,False,,1,0.5789473684210527,18
random,0.05,8,False,8103,False,39999,0.6666666666666666,False,,1,0.47368421052631576,18
random,0.05,8,False,8104,False,39999,0.6666666666666666,False,,1,0.2631578947368421,18
random,0.05,9,False,9100,False,39999,1.0,True,2,1,0.47368421052631576,15
random,0.05,9,False,9101,False,39999,0.8666666666666667,False,,1,0.3684210526315789,15
random,0.05,9,False,9102,False,39999,0.7333333333333333,False,,1,0.5789473684210527,15
random,0.05,9,False,9103,False,39999,0.8666666666666667,False,,1,0.5789473684210527,15
random,0.05,9,False,9104,False,39999,0.8,False,,1,0.3157894736842105,15
random,0.05,10,False,10100,False,39999,0.6666666666666666,False,,1,0.42105263157894735,18
random,0.05,10,False,10101,False,39999,0.6111111111111112,False,,1,0.47368421052631576,18
random,0.05,10,False,10102,False,39999,0.6666666666666666,False,,1,0.42105263157894735,18
random,0.05,10,False,10103,False,39999,0.4444444444444444,False,,1,0.3684210526315789,18
random,0.05,10,False,10104,False,39999,0.8888888888888888,False,,1,0.5263157894736842,18
random,0.05,11,False,11100,False,39999,0.6470588235294118,False,,1,0.7894736842105263,17
random,0.05,11,False,11101,False,39999,0.8235294117647058,False,,1,0.5789473684210527,17
random,0.05,11,False,11102,False,39999,0.7058823529411765,False,,1,0.47368421052631576,17
random,0.05,11,False,11103,False,39999,0.5882352941176471,False,,1,0.3684210526315789,17
random,0.05,11,False,11104,False,39999,0.5882352941176471,False,,1,0.3684210526315789,17
random,0.05,12,False,12100,False,39999,0.8823529411764706,False,,1,0.5263157894736842,17
random,0.05,12,False,12101,False,39999,0.5882352941176471,False,,1,0.47368421052631576,17
random,0.05,12,False,12102,False,39999,1.0,False,,1,0.3157894736842105,17
random,0.05,12,False,12103,False,39999,0.7058823529411765,False,,1,0.5263157894736842,17
random,0.05,12,False,12104,False,39999,0.7647058823529411,False,,1,0.42105263157894735,17
random,0.05,13,False,13100,False,39999,1.0,True,2,1,0.5263157894736842,19
random,0.05,13,False,13101,False,39999,0.5263157894736842,False,,1,0.631578947368421,19
random,0.05,13,False,13102,False,39999,0.5263157894736842,False,,1,0.47368421052631576,19
random,0.05,13,False,13103,False,39999,0.5789473684210527,False,,1,0.3684210526315789,19
random,0.05,13,False,13104,False,39999,1.0,True,2,1,0.631578947368421,19
random,0.05,14,False,14100,False,39999,0.625,False,,1,0.631578947368421,16
random,0.05,14,False,14101,False,39999,0.6875,False,,1,0.2631578947368421,16
random,0.05,14,False,14102,False,39999,0.75,False,,1,0.5263157894736842,16
random,0.05,14,False,14103,False,39999,0.6875,False,,1,0.47368421052631576,16
random,0.05,14,False,14104,False,39999,0.8125,False,,1,0.5789473684210527,16
random,0.05,15,False,15100,False,39999,0.8125,False,,1,0.5789473684210527,16
random,0.05,15,False,15101,False,39999,0.5625,False,,1,0.3684210526315789,16
random,0.05,15,False,15102,False,39999,0.9375,False,,1,0.42105263157894735,16
random,0.05,15,False,15103,False,39999,0.8125,False,,1,0.5263157894736842,16
random,0.05,15,False,15104,False,39999,0.875,False,,1,0.631578947368421,16
random,0.05,16,False,16100,False,39999,0.5294117647058824,False,,1,0.5789473684210527,17
random,0.05,16,False,16101,False,39999,1.0,True,2,1,0.3157894736842105,17
random,0.05,16,False,16102,False,39999,0.47058823529411764,False,,1,0.631578947368421,17
random,0.05,16,False,16103,False,39999,1.0,True,2,1,0.47368421052631576,17
random,0.05,16,False,16104,False,39999,0.6470588235294118,False,,1,0.47368421052631576,17
random,0.05,17,False,17100,False,39999,0.7333333333333333,False,,1,0.6842105263157895,15
random,0.05,17,False,17101,False,39999,0.8,False,,1,0.631578947368421,15
random,0.05,17,False,17102,False,39999,1.0,True,2,1,0.47368421052631576,15
random,0.05,17,False,17103,False,39999,0.6666666666666666,False,,1,0.5789473684210527,15
random,0.05,17,False,17104,False,39999,0.6666666666666666,False,,1,0.47368421052631576,15
random,0.05,18,False,18100,False,39999,0.5714285714285714,False,,1,0.5263157894736842,14
random,0.05,18,False,18101,False,39999,0.7857142857142857,False,,1,0.42105263157894735,14
random,0.05,18,False,18102,False,39999,0.7142857142857143,False,,1,0.5263157894736842,14
random,0.05,18,False,18103,False,39999,0.8571428571428571,False,,1,0.42105263157894735,14
random,0.05,18,False,18104,False,39999,0.7142857142857143,False,,1,0.5263157894736842,14
random,0.05,19,False,19100,False,39999,0.8666666666666667,False,,1,0.5263157894736842,15
random,0.05,19,False,19101,False,39999,0.4666666666666667,False,,1,0.5789473684210527,15
random,0.05,19,False,19102,False,39999,0.6666666666666666,False,,1,0.631578947368421,15
random,0.05,19,False,19103,False,39999,0.7333333333333333,False,,1,0.3157894736842105,15
random,0.05,19,False,19104,False,39999,0.6666666666666666,False,,1,0.631578947368421,15
random,0.05,20,False,20100,False,39999,0.9285714285714286,False,,1,0.3157894736842105,14
random,0.05,20,False,20101,False,39999,0.7857142857142857,False,,1,0.5789473684210527,14
random,0.05,20,False,20102,False,39999,0.5714285714285714,False,,1,0.5263157894736842,14
random,0.05,20,False,20103,False,39999,0.7142857142857143,False,,1,0.5789473684210527,14
random,0.05,20,False,20104,False,39999,0.7142857142857143,False,,1,0.631578947368421,14
random,0.05,21,False,21100,False,39999,0.7142857142857143,False,,1,0.5789473684210527,14
random,0.05,21,False,21101,False,39999,0.9285714285714286,False,,1,0.47368421052631576,14
random,0.05,21,False,21102,False,39999,0.8571428571428571,False,,1,0.21052631578947367,14
random,0.05,21,False,21103,False,39999,0.6428571428571429,False,,1,0.3684210526315789,14
random,0.05,21,False,21104,False,39999,0.8571428571428571,False,,1,0.631578947368421,14
random,0.05,22,False,22100,False,39999,0.75,False,,1,0.5263157894736842,16
random,0.05,22,False,22101,False,39999,0.75,False,,1,0.6842105263157895,16
random,0.05,22,False,22102,False,39999,0.625,False,,1,0.3157894736842105,16
random,0.05,22,False,22103,False,39999,0.5625,False,,1,0.3684210526315789,16
random,0.05,22,False,22104,False,39999,0.6875,False,,1,0.47368421052631576,16
random,0.05,23,False,23100,False,39999,0.9545454545454546,False,,1,0.42105263157894735,22
random,0.05,23,False,23101,False,39999,1.0,True,2,1,0.5263157894736842,22
random,0.05,23,False,23102,False,39999,0.5454545454545454,False,,1,0.42105263157894735,22
random,0.05,23,False,23103,False,39999,0.6363636363636364,False,,1,0.631578947368421,22
random,0.05,23,False,23104,False,39999,0.7727272727272727,False,,1,0.7894736842105263,22
random,0.05,24,False,24100,False,39999,0.5,False,,1,0.5263157894736842,20
random,0.05,24,False,24101,False,39999,0.7,False,,1,0.47368421052631576,20
random,0.05,24,False,24102,False,39999,0.9,False,,1,0.631578947368421,20
random,0.05,24,False,24103,False,39999,0.5,False,,1,0.42105263157894735,20
random,0.05,24,False,24104,False,39999,0.6,False,,1,0.631578947368421,20
random,0.05,25,False,25100,False,39999,0.7142857142857143,False,,1,0.47368421052631576,14
random,0.05,25,False,25101,False,39999,0.8571428571428571,False,,1,0.47368421052631576,14
random,0.05,25,False,25102,False,39999,0.6428571428571429,False,,1,0.42105263157894735,14
random,0.05,25,False,25103,False,39999,0.6428571428571429,False,,1,0.5263157894736842,14
random,0.05,25,False,25104,False,39999,1.0,True,2,1,0.5789473684210527,14
random,0.05,26,False,26100,False,39999,1.0,True,2,1,0.42105263157894735,15
random,0.05,26,False,26101,False,39999,1.0,True,2,1,0.47368421052631576,15
random,0.05,26,False,26102,False,39999,0.7333333333333333,False,,1,0.47368421052631576,15
random,0.05,26,False,26103,False,39999,0.6,False,,1,0.5789473684210527,15
random,0.05,26,False,26104,False,39999,0.8666666666666667,False,,1,0.5789473684210527,15
random,0.05,27,False,27100,False,39999,0.5789473684210527,False,,1,0.7894736842105263,19
random,0.05,27,False,27101,False,39999,0.8947368421052632,False,,1,0.42105263157894735,19
random,0.05,27,False,27102,False,39999,0.8421052631578947,False,,1,0.5789473684210527,19
random,0.05,27,False,27103,False,39999,0.7894736842105263,False,,1,0.47368421052631576,19
random,0.05,27,False,27104,False,39999,0.5263157894736842,False,,1,0.631578947368421,19
random,0.05,28,False,28100,False,39999,0.875,False,,1,0.5789473684210527,16
random,0.05,28,False,28101,False,39999,0.625,False,,1,0.3684210526315789,16
random,0.05,28,False,28102,False,39999,0.9375,False,,1,0.5263157894736842,16
random,0.05,28,False,28103,False,39999,0.75,False,,1,0.47368421052631576,16
random,0.05,28,False,28104,False,39999,0.875,False,,1,0.42105263157894735,16
random,0.05,29,False,29100,False,39999,0.75,False,,1,0.42105263157894735,16
random,0.05,29,False,29101,False,39999,0.9375,False,,1,0.42105263157894735,16
random,0.05,29,False,29102,False,39999,0.625,False,,1,0.7368421052631579,16
random,0.05,29,False,29103,False,39999,1.0,True,2,1,0.5263157894736842,16
random,0.05,29,False,29104,False,39999,1.0,True,2,1,0.5263157894736842,16
geo,0.0,0,False,100,True,900,1.0,True,2,1,0.6111111111111112,19
geo,0.0,0,False,101,True,850,1.0,True,2,1,0.5,19
geo,0.0,0,False,102,True,850,1.0,True,2,1,0.6666666666666666,19
geo,0.0,0,False,103,True,800,1.0,True,2,1,0.5555555555555556,19
geo,0.0,0,False,104,True,900,1.0,True,2,1,0.5,19
geo,0.0,1,False,1100,True,1250,1.0,True,2,1,0.7619047619047619,25
geo,0.0,1,False,1101,True,900,1.0,True,2,1,0.5714285714285714,25
geo,0.0,1,False,1102,True,1000,1.0,True,2,1,0.42857142857142855,25
geo,0.0,1,False,1103,True,950,1.0,True,2,1,0.38095238095238093,25
geo,0.0,1,False,1104,True,850,1.0,True,2,1,0.6190476190476191,25
geo,0.0,2,False,2100,True,900,1.0,True,2,1,0.3888888888888889,14
geo,0.0,2,False,2101,True,850,1.0,True,2,1,0.7777777777777778,14
geo,0.0,2,False,2102,True,900,1.0,True,2,1,0.6666666666666666,14
geo,0.0,2,False,2103,True,950,1.0,True,2,1,0.5555555555555556,14
geo,0.0,2,False,2104,True,850,1.0,True,2,1,0.3888888888888889,14
geo,0.0,3,False,3100,True,800,1.0,True,2,1,0.5,12
geo,0.0,3,False,3101,True,800,1.0,True,2,1,0.6875,12
geo,0.0,3,False,3102,True,800,1.0,True,2,1,0.5,12
geo,0.0,3,False,3103,True,800,1.0,True,2,1,0.6875,12
geo,0.0,3,False,3104,True,800,1.0,True,2,1,0.3125,12
geo,0.0,4,False,4100,True,850,1.0,True,2,1,0.5333333333333333,11
geo,0.0,4,False,4101,True,950,1.0,True,2,1,0.6,11
geo,0.0,4,False,4102,True,800,1.0,True,2,1,0.6666666666666666,11
geo,0.0,4,False,4103,True,800,1.0,True,2,1,0.6666666666666666,11
geo,0.0,4,False,4104,True,800,1.0,True,2,1,0.7333333333333333,11
geo,0.0,5,False,5100,True,900,1.0,True,2,1,0.25,22
geo,0.0,5,False,5101,True,850,1.0,True,2,1,0.6,22
geo,0.0,5,False,5102,True,850,1.0,True,2,1,0.6,22
geo,0.0,5,False,5103,True,900,1.0,True,2,1,0.55,22
geo,0.0,5,False,5104,True,850,1.0,True,2,1,0.5,22
geo,0.0,6,False,6100,True,800,1.0,True,2,1,0.7058823529411765,14
geo,0.0,6,False,6101,True,800,1.0,True,2,1,0.7647058823529411,14
geo,0.0,6,False,6102,True,850,1.0,True,2,1,0.47058823529411764,14
geo,0.0,6,False,6103,True,850,1.0,True,2,1,0.7647058823529411,14
geo,0.0,6,False,6104,True,800,1.0,True,2,1,0.7647058823529411,14
geo,0.0,7,False,7100,True,800,1.0,False,,1,0.7058823529411765,12
geo,0.0,7,False,7101,True,800,1.0,True,2,1,0.6470588235294118,12
geo,0.0,7,False,7102,True,800,1.0,False,,1,0.5294117647058824,12
geo,0.0,7,False,7103,True,800,1.0,False,,1,0.7647058823529411,12
geo,0.0,7,False,7104,True,800,1.0,True,2,1,0.6470588235294118,12
geo,0.0,8,False,8100,True,900,1.0,True,2,1,0.5789473684210527,20
geo,0.0,8,False,8101,True,800,1.0,True,2,1,0.6842105263157895,20
geo,0.0,8,False,8102,True,950,1.0,True,2,1,0.7368421052631579,20
geo,0.0,8,False,8103,True,900,1.0,True,1,1,0.42105263157894735,20
geo,0.0,8,False,8104,True,900,1.0,True,2,1,0.3684210526315789,20
geo,0.0,9,False,9100,True,800,1.0,True,2,1,0.3333333333333333,25
geo,0.0,9,False,9101,True,1000,1.0,True,2,1,0.6190476190476191,25
geo,0.0,9,False,9102,True,850,1.0,True,2,1,0.6666666666666666,25
geo,0.0,9,False,9103,True,1050,1.0,True,2,1,0.42857142857142855,25
geo,0.0,9,False,9104,True,1100,1.0,True,2,1,0.6190476190476191,25
geo,0.0,10,False,10100,True,1000,1.0,True,2,1,0.4,25
geo,0.0,10,False,10101,True,850,1.0,True,2,1,0.35,25
geo,0.0,10,False,10102,True,850,1.0,True,2,1,0.45,25
geo,0.0,10,False,10103,True,850,1.0,True,2,1,0.65,25
geo,0.0,10,False,10104,True,850,1.0,True,1,1,0.45,25
geo,0.0,11,False,11100,True,850,1.0,True,2,1,0.6666666666666666,14
geo,0.0,11,False,11101,True,1000,1.0,True,2,1,0.5,14
geo,0.0,11,False,11102,True,800,1.0,True,2,1,0.7777777777777778,14
geo,0.0,11,False,11103,True,800,1.0,True,2,1,0.7222222222222222,14
geo,0.0,11,False,11104,True,850,1.0,True,2,1,0.7777777777777778,14
geo,0.0,12,False,12100,True,800,1.0,True,2,1,0.6666666666666666,21
geo,0.0,12,False,12101,True,850,1.0,True,2,1,0.6111111111111112,21
geo,0.0,12,False,12102,True,850,1.0,True,2,1,0.5,21
geo,0.0,12,False,12103,True,800,1.0,True,2,1,0.7222222222222222,21
geo,0.0,12,False,12104,True,800,1.0,True,2,1,0.5,21
geo,0.0,13,False,13100,True,850,1.0,True,2,1,0.65,24
geo,0.0,13,False,13101,True,900,1.0,True,2,1,0.35,24
geo,0.0,13,False,13102,True,900,1.0,True,2,1,0.45,24
geo,0.0,13,False,13103,True,850,1.0,True,2,1,0.65,24
geo,0.0,13,False,13104,True,900,1.0,True,2,1,0.6,24
geo,0.0,14,False,14100,True,850,1.0,False,,1,0.65,22
geo,0.0,14,False,14101,True,1100,1.0,False,,1,0.65,22
geo,0.0,14,False,14102,True,900,1.0,True,2,1,0.65,22
geo,0.0,14,False,14103,True,850,1.0,False,,1,0.7,22
geo,0.0,14,False,14104,True,900,1.0,True,2,1,0.55,22
geo,0.0,15,False,15100,True,800,1.0,True,2,1,0.6,11
geo,0.0,15,False,15101,True,800,1.0,True,2,1,0.5333333333333333,11
geo,0.0,15,False,15102,True,850,1.0,True,2,1,0.6666666666666666,11
geo,0.0,15,False,15103,True,850,1.0,True,2,1,0.7333333333333333,11
geo,0.0,15,False,15104,True,800,1.0,True,2,1,0.6666666666666666,11
geo,0.0,16,False,16100,True,900,1.0,True,2,1,0.631578947368421,19
geo,0.0,16,False,16101,True,800,1.0,True,2,1,0.7894736842105263,19
geo,0.0,16,False,16102,True,1000,1.0,True,2,1,0.5789473684210527,19
geo,0.0,16,False,16103,True,1000,1.0,True,2,1,0.47368421052631576,19
geo,0.0,16,False,16104,True,800,1.0,True,2,1,0.6842105263157895,19
geo,0.0,17,False,17100,True,950,1.0,True,2,1,0.2727272727272727,31
geo,0.0,17,False,17101,True,1200,1.0,True,2,1,0.5,31
geo,0.0,17,False,17102,True,800,1.0,True,2,1,0.6363636363636364,31
geo,0.0,17,False,17103,True,900,1.0,True,2,1,0.6363636363636364,31
geo,0.0,17,False,17104,True,1450,1.0,True,2,1,0.45454545454545453,31
geo,0.0,18,False,18100,True,800,1.0,True,2,1,0.5652173913043478,31
geo,0.0,18,False,18101,True,1300,1.0,True,2,1,0.5652173913043478,31
geo,0.0,18,False,18102,True,850,1.0,True,2,1,0.6956521739130435,31
geo,0.0,18,False,18103,True,1150,1.0,True,2,1,0.4782608695652174,31
geo,0.0,18,False,18104,True,1000,1.0,True,2,1,0.5217391304347826,31
geo,0.0,19,False,19100,True,800,1.0,True,2,1,0.7777777777777778,16
geo,0.0,19,False,19101,True,900,1.0,True,2,1,0.4444444444444444,16
geo,0.0,19,False,19102,True,900,1.0,True,2,1,0.5555555555555556,16
geo,0.0,19,False,19103,True,900,1.0,True,2,1,0.6111111111111112,16
geo,0.0,19,False,19104,True,950,1.0,True,2,1,0.5,16
geo,0.0,20,False,20100,True,800,1.0,True,2,1,0.6470588235294118,14
geo,0.0,20,False,20101,True,800,1.0,True,2,1,0.6470588235294118,14
geo,0.0,20,False,20102,True,800,1.0,True,2,1,0.6470588235294118,14
geo,0.0,20,False,20103,True,800,1.0,True,2,1,0.5882352941176471,14
geo,0.0,20,False,20104,True,800,1.0,True,2,1,0.7058823529411765,14
geo,0.0,21,False,21100,True,950,1.0,True,2,1,0.65,20
geo,0.0,21,False,21101,True,1000,1.0,True,2,1,0.75,20
geo,0.0,21,False,21102,True,850,1.0,True,2,1,0.65,20
geo,0.0,21,False,21103,True,800,1.0,True,2,1,0.75,20
geo,0.0,21,False,21104,True,850,1.0,True,2,1,0.75,20
geo,0.0,22,False,22100,True,800,1.0,True,2,1,0.7,25
geo,0.0,22,False,22101,True,800,1.0,True,2,1,0.7,25
geo,0.0,22,False,22102,True,850,1.0,True,2,1,0.65,25
geo,0.0,22,False,22103,True,800,1.0,True,2,1,0.55,25
geo,0.0,22,False,22104,True,850,1.0,True,2,1,0.6,25
geo,0.0,23,False,23100,True,850,1.0,True,2,1,0.5,28
geo,0.0,23,False,23101,True,1050,1.0,True,2,1,0.45454545454545453,28
geo,0.0,23,False,23102,True,1150,1.0,True,2,1,0.3181818181818182,28
geo,0.0,23,False,23103,True,1000,1.0,True,2,1,0.7272727272727273,28
geo,0.0,23,False,23104,True,800,1.0,True,2,1,0.7272727272727273,28
geo,0.0,24,False,24100,True,850,1.0,True,2,1,0.5625,12
geo,0.0,24,False,24101,True,800,1.0,True,2,1,0.75,12
geo,0.0,24,False,24102,True,800,1.0,True,2,1,0.625,12
geo,0.0,24,False,24103,True,850,1.0,True,2,1,0.5625,12
geo,0.0,24,False,24104,True,800,1.0,True,2,1,0.625,12
geo,0.0,25,False,25100,True,850,1.0,True,2,1,0.5,22
geo,0.0,25,False,25101,True,1000,1.0,True,2,1,0.65,22
geo,0.0,25,False,25102,True,950,1.0,True,2,1,0.5,22
geo,0.0,25,False,25103,True,900,1.0,False,,1,0.7,22
geo,0.0,25,False,25104,True,850,1.0,True,2,1,0.4,22
geo,0.0,26,False,26100,True,900,1.0,True,2,1,0.6,18
geo,0.0,26,False,26101,True,950,1.0,True,2,1,0.75,18
geo,0.0,26,False,26102,True,950,1.0,True,2,1,0.6,18
geo,0.0,26,False,26103,True,1000,1.0,True,2,1,0.4,18
geo,0.0,26,False,26104,True,800,1.0,True,2,1,0.75,18
geo,0.0,27,False,27100,True,900,1.0,True,2,1,0.6111111111111112,16
geo,0.0,27,False,27101,True,1200,1.0,True,2,1,0.6666666666666666,16
geo,0.0,27,False,27102,True,800,1.0,True,2,1,0.7222222222222222,16
geo,0.0,27,False,27103,True,850,1.0,True,2,1,0.5555555555555556,16
geo,0.0,27,False,27104,True,900,1.0,True,2,1,0.6111111111111112,16
geo,0.0,28,False,28100,True,900,1.0,True,2,1,0.6875,10
geo,0.0,28,False,28101,True,900,1.0,True,2,1,0.6875,10
geo,0.0,28,False,28102,True,900,1.0,True,2,1,0.5,10
geo,0.0,28,False,28103,True,850,1.0,True,2,1,0.75,10
geo,0.0,28,False,28104,True,800,1.0,True,2,1,0.6875,10
geo,0.0,29,False,29100,True,1050,1.0,True,2,1,0.5789473684210527,19
geo,0.0,29,False,29101,True,950,1.0,True,2,1,0.7368421052631579,19
geo,0.0,29,False,29102,True,850,1.0,True,2,1,0.47368421052631576,19
geo,0.0,29,False,29103,True,850,1.0,True,2,1,0.7368421052631579,19
geo,0.0,29,False,29104,True,800,1.0,True,2,1,0.7894736842105263,19
geo,0.002,0,False,100,True,1250,1.0,True,2,1,0.6111111111111112,19
geo,0.002,0,False,101,True,850,1.0,True,2,1,0.5,19
geo,0.002,0,False,102,True,850,1.0,True,2,1,0.6666666666666666,19
geo,0.002,0,False,103,True,1900,1.0,True,2,1,0.4444444444444444,19
geo,0.002,0,False,104,True,1050,1.0,True,2,1,0.4444444444444444,19
geo,0.002,1,False,1100,True,1600,1.0,True,2,1,0.3333333333333333,25
geo,0.002,1,False,1101,True,3400,1.0,True,2,1,0.42857142857142855,25
geo,0.002,1,False,1102,True,1000,1.0,True,2,1,0.42857142857142855,25
geo,0.002,1,False,1103,True,950,1.0,True,2,1,0.38095238095238093,25
geo,0.002,1,False,1104,True,4700,1.0,True,2,1,0.6190476190476191,25
geo,0.002,2,False,2100,True,1350,1.0,True,2,1,0.6111111111111112,14
geo,0.002,2,False,2101,True,850,1.0,True,2,1,0.7777777777777778,14
geo,0.002,2,False,2102,True,3400,1.0,True,2,1,0.2777777777777778,14
geo,0.002,2,False,2103,True,950,1.0,True,2,1,0.5555555555555556,14
geo,0.002,2,False,2104,True,850,1.0,True,2,1,0.3888888888888889,14
geo,0.002,3,False,3100,True,2500,1.0,True,2,1,0.5,12
geo,0.002,3,False,3101,True,1200,1.0,True,2,1,0.5,12
geo,0.002,3,False,3102,True,3050,1.0,True,2,1,0.625,12
geo,0.002,3,False,3103,True,800,1.0,True,2,1,0.6875,12
geo,0.002,3,False,3104,True,1900,1.0,True,2,1,0.625,12
geo,0.002,4,False,4100,True,850,1.0,True,2,1,0.6,11
geo,0.002,4,False,4101,True,950,1.0,True,2,1,0.6,11
geo,0.002,4,False,4102,True,800,1.0,True,2,1,0.6666666666666666,11
geo,0.002,4,False,4103,True,1100,1.0,True,2,1,0.5333333333333333,11
geo,0.002,4,False,4104,True,800,1.0,True,2,1,0.7333333333333333,11
geo,0.002,5,False,5100,True,900,1.0,True,2,1,0.25,22
geo,0.002,5,False,5101,True,850,1.0,True,2,1,0.6,22
geo,0.002,5,False,5102,True,1750,1.0,True,2,1,0.65,22
geo,0.002,5,False,5103,True,900,1.0,True,2,1,0.55,22
geo,0.002,5,False,5104,True,1450,1.0,True,2,1,0.25,22
geo,0.002,6,False,6100,True,950,1.0,True,2,1,0.6470588235294118,14
geo,0.002,6,False,6101,True,1300,1.0,True,2,1,0.23529411764705882,14
geo,0.002,6,False,6102,True,1450,1.0,True,2,1,0.6470588235294118,14
geo,0.002,6,False,6103,True,1300,1.0,True,2,1,0.6470588235294118,14
geo,0.002,6,False,6104,True,1800,1.0,True,2,1,0.47058823529411764,14
geo,0.002,7,False,7100,True,2100,1.0,False,,1,0.5882352941176471,12
geo,0.002,7,False,7101,True,1500,1.0,True,2,1,0.5294117647058824,12
geo,0.002,7,False,7102,True,2200,1.0,False,,1,0.6470588235294118,12
geo,0.002,7,False,7103,True,800,1.0,False,,1,0.7647058823529411,12
geo,0.002,7,False,7104,True,2150,1.0,True,2,1,0.47058823529411764,12
geo,0.002,8,False,8100,True,2050,1.0,True,2,1,0.3157894736842105,20
geo,0.002,8,False,8101,True,800,1.0,True,2,1,0.6842105263157895,20
geo,0.002,8,False,8102,True,1250,1.0,True,2,1,0.5789473684210527,20
geo,0.002,8,False,8103,True,2450,1.0,True,2,1,0.47368421052631576,20
geo,0.002,8,False,8104,True,1650,1.0,True,2,1,0.42105263157894735,20
geo,0.002,9,False,9100,True,1550,1.0,True,2,1,0.3333333333333333,25
geo,0.002,9,False,9101,True,1000,1.0,True,2,1,0.47619047619047616,25
geo,0.002,9,False,9102,True,1250,1.0,True,2,1,0.3333333333333333,25
geo,0.002,9,False,9103,True,2950,1.0,True,2,1,0.6666666666666666,25
geo,0.002,9,False,9104,True,1250,1.0,True,2,1,0.6190476190476191,25
geo,0.002,10,False,10100,True,4300,1.0,True,2,1,0.4,25
geo,0.002,10,False,10101,True,4450,1.0,True,2,1,0.65,25
geo,0.002,10,False,10102,True,2900,1.0,True,2,1,0.55,25
geo,0.002,10,False,10103,True,950,1.0,True,2,1,0.55,25
geo,0.002,10,False,10104,True,850,1.0,True,1,1,0.45,25
geo,0.002,11,False,11100,True,850,1.0,True,2,1,0.5555555555555556,14
geo,0.002,11,False,11101,True,1350,1.0,True,2,1,0.5,14
geo,0.002,11,False,11102,True,1250,1.0,True,2,1,0.7777777777777778,14
geo,0.002,11,False,11103,True,2300,1.0,True,2,1,0.3888888888888889,14
geo,0.002,11,False,11104,True,850,1.0,True,2,1,0.7777777777777778,14
geo,0.002,12,False,12100,True,800,1.0,True,2,1,0.6666666666666666,21
geo,0.002,12,False,12101,True,1050,1.0,True,2,1,0.6111111111111112,21
geo,0.002,12,False,12102,True,850,1.0,True,2,1,0.5,21
geo,0.002,12,False,12103,True,800,1.0,True,2,1,0.7222222222222222,21
geo,0.002,12,False,12104,True,800,1.0,True,2,1,0.5,21
geo,0.002,13,False,13100,True,1450,1.0,True,2,1,0.6,24
geo,0.002,13,False,13101,True,3250,1.0,True,2,1,0.55,24
geo,0.002,13,False,13102,True,1650,1.0,True,2,1,0.45,24
geo,0.002,13,False,13103,True,850,1.0,True,2,1,0.65,24
geo,0.002,13,False,13104,True,1950,1.0,True,2,1,0.55,24
geo,0.002,14,False,14100,True,850,1.0,False,,1,0.65,22
geo,0.002,14,False,14101,True,2050,1.0,True,2,1,0.4,22
geo,0.002,14,False,14102,True,1100,1.0,False,,1,0.5,22
geo,0.002,14,False,14103,True,850,1.0,False,,1,0.7,22
geo,0.002,14,False,14104,True,1250,1.0,True,2,1,0.55,22
geo,0.002,15,False,15100,True,1250,1.0,True,2,1,0.4666666666666667,11
geo,0.002,15,False,15101,True,1950,1.0,True,2,1,0.4,11
geo,0.002,15,False,15102,True,1550,1.0,True,2,1,0.4,11
geo,0.002,15,False,15103,True,850,1.0,True,2,1,0.6666666666666666,11
geo,0.002,15,False,15104,True,2500,1.0,True,2,1,0.4666666666666667,11
geo,0.002,16,False,16100,True,900,1.0,True,2,1,0.631578947368421,19
geo,0.002,16,False,16101,True,800,1.0,True,2,1,0.7894736842105263,19
geo,0.002,16,False,16102,True,6900,1.0,True,2,1,0.3157894736842105,19
geo,0.002,16,False,16103,True,2000,1.0,True,2,1,0.5789473684210527,19
geo,0.002,16,False,16104,True,1750,1.0,True,2,1,0.2631578947368421,19
geo,0.002,17,False,17100,True,950,1.0,True,2,1,0.2727272727272727,31
geo,0.002,17,False,17101,True,1200,1.0,True,2,1,0.5,31
geo,0.002,17,False,17102,True,7900,1.0,True,2,1,0.5454545454545454,31
geo,0.002,17,False,17103,True,900,1.0,True,2,1,0.6363636363636364,31
geo,0.002,17,False,17104,True,2050,1.0,True,2,1,0.5454545454545454,31
geo,0.002,18,False,18100,True,5050,1.0,True,2,1,0.4782608695652174,31
geo,0.002,18,False,18101,True,2200,1.0,True,2,1,0.5652173913043478,31
geo,0.002,18,False,18102,True,1050,1.0,True,2,1,0.30434782608695654,31
geo,0.002,18,False,18103,True,1150,1.0,True,2,1,0.4782608695652174,31
geo,0.002,18,False,18104,True,2000,1.0,True,2,1,0.43478260869565216,31
geo,0.002,19,False,19100,True,800,1.0,True,2,1,0.7777777777777778,16
geo,0.002,19,False,19101,True,5200,1.0,True,2,1,0.6666666666666666,16
geo,0.002,19,False,19102,True,1650,1.0,True,2,1,0.5555555555555556,16
geo,0.002,19,False,19103,True,900,1.0,True,2,1,0.6111111111111112,16
geo,0.002,19,False,19104,True,3150,1.0,True,2,1,0.4444444444444444,16
geo,0.002,20,False,20100,True,800,1.0,True,2,1,0.6470588235294118,14
geo,0.002,20,False,20101,True,800,1.0,True,2,1,0.6470588235294118,14
geo,0.002,20,False,20102,True,800,1.0,True,2,1,0.6470588235294118,14
geo,0.002,20,False,20103,True,1850,1.0,True,2,1,0.5294117647058824,14
geo,0.002,20,False,20104,True,800,1.0,True,2,1,0.7058823529411765,14
geo,0.002,21,False,21100,True,950,1.0,True,2,1,0.65,20
geo,0.002,21,False,21101,True,3300,1.0,True,2,1,0.5,20
geo,0.002,21,False,21102,True,850,1.0,True,2,1,0.65,20
geo,0.002,21,False,21103,True,1750,1.0,True,2,1,0.7,20
geo,0.002,21,False,21104,True,850,1.0,True,2,1,0.75,20
geo,0.002,22,False,22100,True,800,1.0,True,2,1,0.7,25
geo,0.002,22,False,22101,True,1800,1.0,True,2,1,0.5,25
geo,0.002,22,False,22102,True,850,1.0,True,2,1,0.65,25
geo,0.002,22,False,22103,True,800,1.0,True,2,1,0.55,25
geo,0.002,22,False,22104,True,3050,1.0,True,2,1,0.25,25
geo,0.002,23,False,23100,True,1850,1.0,True,2,1,0.4090909090909091,28
geo,0.002,23,False,23101,True,1200,1.0,True,2,1,0.45454545454545453,28
geo,0.002,23,False,23102,True,1150,1.0,True,2,1,0.36363636363636365,28
geo,0.002,23,False,23103,True,3150,1.0,True,2,1,0.36363636363636365,28
geo,0.002,23,False,23104,True,1750,1.0,True,2,1,0.45454545454545453,28
geo,0.002,24,False,24100,True,850,1.0,True,2,1,0.5625,12
geo,0.002,24,False,24101,True,800,1.0,True,2,1,0.75,12
geo,0.002,24,False,24102,True,800,1.0,True,2,1,0.625,12
geo,0.002,24,False,24103,True,2750,1.0,True,2,1,0.25,12
geo,0.002,24,False,24104,True,1350,1.0,True,2,1,0.625,12
geo,0.002,25,False,25100,True,850,1.0,True,2,1,0.5,22
geo,0.002,25,False,25101,True,2550,1.0,False,,1,0.55,22
geo,0.002,25,False,25102,True,1150,1.0,False,,1,0.7,22
geo,0.002,25,False,25103,True,1150,1.0,False,,1,0.7,22
geo,0.002,25,False,25104,True,850,1.0,True,2,1,0.4,22
geo,0.002,26,False,26100,True,900,1.0,True,2,1,0.6,18
geo,0.002,26,False,26101,True,2250,1.0,True,2,1,0.6,18
geo,0.002,26,False,26102,True,950,1.0,True,2,1,0.6,18
geo,0.002,26,False,26103,True,1700,1.0,True,2,1,0.65,18
geo,0.002,26,False,26104,True,2550,1.0,True,2,1,0.65,18
geo,0.002,27,False,27100,True,1800,1.0,True,2,1,0.3888888888888889,16
geo,0.002,27,False,27101,True,1200,1.0,True,2,1,0.5555555555555556,16
geo,0.002,27,False,27102,True,2700,1.0,True,2,1,0.6666666666666666,16
geo,0.002,27,False,27103,True,850,1.0,True,2,1,0.5555555555555556,16
geo,0.002,27,False,27104,True,1250,1.0,True,2,1,0.5555555555555556,16
geo,0.002,28,False,28100,True,900,1.0,True,2,1,0.6875,10
geo,0.002,28,False,28101,True,1000,1.0,True,2,1,0.625,10
geo,0.002,28,False,28102,True,2150,1.0,True,2,1,0.4375,10
geo,0.002,28,False,28103,True,850,1.0,True,2,1,0.625,10
geo,0.002,28,False,28104,True,800,1.0,True,2,1,0.6875,10
geo,0.002,29,False,29100,True,1400,1.0,True,2,1,0.2631578947368421,19
geo,0.002,29,False,29101,True,950,1.0,True,2,1,0.7368421052631579,19
geo,0.002,29,False,29102,True,4500,1.0,True,2,1,0.47368421052631576,19
geo,0.002,29,False,29103,True,850,1.0,True,2,1,0.7368421052631579,19
geo,0.002,29,False,29104,True,2250,1.0,True,2,1,0.631578947368421,19
geo,0.005,0,False,100,True,1250,1.0,True,2,1,0.4444444444444444,19
geo,0.005,0,False,101,True,4200,1.0,True,2,1,0.5,19
geo,0.005,0,False,102,True,850,1.0,True,2,1,0.6666666666666666,19
geo,0.005,0,False,103,True,2050,1.0,True,2,1,0.6111111111111112,19
geo,0.005,0,False,104,True,1050,1.0,True,2,1,0.4444444444444444,19
geo,0.005,1,False,1100,True,1900,1.0,True,2,1,0.38095238095238093,25
geo,0.005,1,False,1101,True,14150,1.0,True,2,1,0.6666666666666666,25
geo,0.005,1,False,1102,True,900,1.0,True,2,1,0.47619047619047616,25
geo,0.005,1,False,1103,True,4000,1.0,True,2,1,0.6190476190476191,25
geo,0.005,1,False,1104,True,6200,1.0,True,2,1,0.5714285714285714,25
geo,0.005,2,False,2100,True,1300,1.0,True,2,1,0.5555555555555556,14
geo,0.005,2,False,2101,True,850,1.0,True,2,1,0.7777777777777778,14
geo,0.005,2,False,2102,True,17900,1.0,True,2,1,0.5555555555555556,14
geo,0.005,2,False,2103,True,1550,1.0,True,2,1,0.4444444444444444,14
geo,0.005,2,False,2104,True,1800,1.0,True,2,1,0.5,14
geo,0.005,3,False,3100,True,2500,1.0,True,2,1,0.6875,12
geo,0.005,3,False,3101,True,1400,1.0,True,2,1,0.5625,12
geo,0.005,3,False,3102,True,6300,1.0,True,2,1,0.5625,12
geo,0.005,3,False,3103,True,800,1.0,True,2,1,0.5625,12
geo,0.005,3,False,3104,True,4750,1.0,True,2,1,0.375,12
geo,0.005,4,False,4100,True,1750,1.0,True,2,1,0.6666666666666666,11
geo,0.005,4,False,4101,True,850,1.0,True,2,1,0.4,11
geo,0.005,4,False,4102,True,1400,1.0,True,2,1,0.6,11
geo,0.005,4,False,4103,True,800,1.0,True,2,1,0.5333333333333333,11
geo,0.005,4,False,4104,True,800,1.0,True,2,1,0.7333333333333333,11
geo,0.005,5,False,5100,True,900,1.0,True,2,1,0.25,22
geo,0.005,5,False,5101,True,11200,1.0,True,2,1,0.3,22
geo,0.005,5,False,5102,True,1700,1.0,True,2,1,0.65,22
geo,0.005,5,False,5103,True,10000,1.0,True,2,1,0.6,22
geo,0.005,5,False,5104,True,1450,1.0,True,2,1,0.25,22
geo,0.005,6,False,6100,True,800,1.0,True,2,1,0.35294117647058826,14
geo,0.005,6,False,6101,True,2800,1.0,True,2,1,0.5882352941176471,14
geo,0.005,6,False,6102,True,2500,1.0,True,2,1,0.5294117647058824,14
geo,0.005,6,False,6103,True,3950,1.0,True,2,1,0.5882352941176471,14
geo,0.005,6,False,6104,True,2600,1.0,True,2,1,0.4117647058823529,14
geo,0.005,7,False,7100,True,10650,1.0,True,2,1,0.7058823529411765,12
geo,0.005,7,False,7101,True,1300,1.0,False,,1,0.5882352941176471,12
geo,0.005,7,False,7102,True,2200,1.0,False,,1,0.5882352941176471,12
geo,0.005,7,False,7103,True,3800,1.0,False,,1,0.5882352941176471,12
geo,0.005,7,False,7104,True,2750,1.0,False,,1,0.5294117647058824,12
geo,0.005,8,False,8100,True,15450,1.0,True,2,1,0.3684210526315789,20
geo,0.005,8,False,8101,True,2450,1.0,True,2,1,0.42105263157894735,20
geo,0.005,8,False,8102,True,5800,1.0,True,2,1,0.3684210526315789,20
geo,0.005,8,False,8103,True,2400,1.0,True,2,1,0.5263157894736842,20
geo,0.005,8,False,8104,True,1750,1.0,True,2,1,0.5789473684210527,20
geo,0.005,9,False,9100,True,2100,1.0,True,2,1,0.47619047619047616,25
geo,0.005,9,False,9101,True,1500,1.0,True,2,1,0.3333333333333333,25
geo,0.005,9,False,9102,True,1000,1.0,True,2,1,0.6666666666666666,25
geo,0.005,9,False,9103,True,12950,1.0,True,2,1,0.5238095238095238,25
geo,0.005,9,False,9104,True,1250,1.0,True,2,1,0.5238095238095238,25
geo,0.005,10,False,10100,True,3500,1.0,True,2,1,0.6,25
geo,0.005,10,False,10101,True,6850,1.0,True,1,1,0.45,25
geo,0.005,10,False,10102,True,2100,1.0,True,2,1,0.55,25
geo,0.005,10,False,10103,True,11100,1.0,True,2,1,0.7,25
geo,0.005,10,False,10104,True,3450,1.0,True,2,1,0.7,25
geo,0.005,11,False,11100,True,5800,1.0,True,2,1,0.5555555555555556,14
geo,0.005,11,False,11101,True,800,1.0,True,2,1,0.4444444444444444,14
geo,0.005,11,False,11102,True,2100,1.0,True,2,1,0.3888888888888889,14
geo,0.005,11,False,11103,True,1250,1.0,True,2,1,0.7777777777777778,14
geo,0.005,11,False,11104,True,2050,1.0,True,2,1,0.5555555555555556,14
geo,0.005,12,False,12100,True,1400,1.0,True,2,1,0.6111111111111112,21
geo,0.005,12,False,12101,True,12600,1.0,True,2,1,0.5,21
geo,0.005,12,False,12102,True,3800,1.0,True,2,1,0.4444444444444444,21
geo,0.005,12,False,12103,True,1050,1.0,True,2,1,0.3888888888888889,21
geo,0.005,12,False,12104,True,800,1.0,True,2,1,0.5,21
geo,0.005,13,False,13100,True,6150,1.0,True,2,1,0.35,24
geo,0.005,13,False,13101,True,7800,1.0,True,2,1,0.4,24
geo,0.005,13,False,13102,True,1650,1.0,True,2,1,0.5,24
geo,0.005,13,False,13103,True,1500,1.0,True,2,1,0.65,24
geo,0.005,13,False,13104,True,1950,1.0,True,2,1,0.6,24
geo,0.005,14,False,14100,True,2300,1.0,True,2,1,0.5,22
geo,0.005,14,False,14101,True,1900,1.0,True,2,1,0.4,22
geo,0.005,14,False,14102,True,1100,1.0,False,,1,0.5,22
geo,0.005,14,False,14103,True,2250,1.0,True,2,1,0.65,22
geo,0.005,14,False,14104,True,1250,1.0,False,,1,0.5,22
geo,0.005,15,False,15100,True,3500,1.0,True,2,1,0.2,11
geo,0.005,15,False,15101,True,3450,1.0,True,2,1,0.6666666666666666,11
geo,0.005,15,False,15102,True,1550,1.0,True,2,1,0.4,11
geo,0.005,15,False,15103,True,1750,1.0,True,2,1,0.5333333333333333,11
geo,0.005,15,False,15104,True,1750,1.0,True,2,1,0.6666666666666666,11
geo,0.005,16,False,16100,True,1850,1.0,True,2,1,0.47368421052631576,19
geo,0.005,16,False,16101,True,850,1.0,True,2,1,0.7894736842105263,19
geo,0.005,16,False,16102,True,11000,1.0,True,2,1,0.6842105263157895,19
geo,0.005,16,False,16103,True,3650,1.0,True,2,1,0.3157894736842105,19
geo,0.005,16,False,16104,True,3600,1.0,True,2,1,0.631578947368421,19
geo,0.005,17,False,17100,True,2300,1.0,True,2,1,0.36363636363636365,31
geo,0.005,17,False,17101,True,9050,1.0,True,2,1,0.5909090909090909,31
geo,0.005,17,False,17102,True,6150,1.0,True,2,1,0.5454545454545454,31
geo,0.005,17,False,17103,True,1200,1.0,True,2,1,0.7272727272727273,31
geo,0.005,17,False,17104,True,2400,1.0,True,2,1,0.3181818181818182,31
geo,0.005,18,False,18100,True,1500,1.0,True,2,1,0.6956521739130435,31
geo,0.005,18,False,18101,True,6050,1.0,True,2,1,0.5652173913043478,31
geo,0.005,18,False,18102,True,1850,1.0,True,2,1,0.5217391304347826,31
geo,0.005,18,False,18103,True,11300,1.0,True,2,1,0.5652173913043478,31
geo,0.005,18,False,18104,True,5800,1.0,True,2,1,0.5652173913043478,31
geo,0.005,19,False,19100,True,9250,1.0,True,2,1,0.5,16
geo,0.005,19,False,19101,True,16350,1.0,True,2,1,0.6111111111111112,16
geo,0.005,19,False,19102,True,5800,1.0,True,2,1,0.5555555555555556,16
geo,0.005,19,False,19103,True,1900,1.0,True,2,1,0.6111111111111112,16
geo,0.005,19,False,19104,True,3100,1.0,True,2,1,0.4444444444444444,16
geo,0.005,20,False,20100,True,3800,1.0,True,2,1,0.29411764705882354,14
geo,0.005,20,False,20101,True,2100,1.0,True,2,1,0.4117647058823529,14
geo,0.005,20,False,20102,True,4450,1.0,True,2,1,0.4117647058823529,14
geo,0.005,20,False,20103,True,9300,1.0,True,2,1,0.5294117647058824,14
geo,0.005,20,False,20104,True,800,1.0,True,2,1,0.7058823529411765,14
geo,0.005,21,False,21100,True,950,1.0,True,2,1,0.65,20
geo,0.005,21,False,21101,True,2950,1.0,True,2,1,0.7,20
geo,0.005,21,False,21102,True,10550,1.0,True,2,1,0.6,20
geo,0.005,21,False,21103,True,1750,1.0,True,2,1,0.45,20
geo,0.005,21,False,21104,True,13200,1.0,True,2,1,0.4,20
geo,0.005,22,False,22100,True,4250,1.0,True,2,1,0.55,25
geo,0.005,22,False,22101,True,4250,1.0,True,2,1,0.55,25
geo,0.005,22,False,22102,True,2250,1.0,True,2,1,0.6,25
geo,0.005,22,False,22103,True,5300,1.0,True,2,1,0.55,25
geo,0.005,22,False,22104,True,2300,1.0,True,2,1,0.65,25
geo,0.005,23,False,23100,True,7450,1.0,True,2,1,0.5909090909090909,28
geo,0.005,23,False,23101,True,1200,1.0,True,2,1,0.45454545454545453,28
geo,0.005,23,False,23102,True,1300,1.0,True,2,1,0.6363636363636364,28
geo,0.005,23,False,23103,True,10950,1.0,True,2,1,0.7272727272727273,28
geo,0.005,23,False,23104,True,9700,1.0,True,2,1,0.6363636363636364,28
geo,0.005,24,False,24100,True,850,1.0,True,2,1,0.625,12
geo,0.005,24,False,24101,True,1200,1.0,True,2,1,0.4375,12
geo,0.005,24,False,24102,True,800,1.0,True,2,1,0.625,12
geo,0.005,24,False,24103,True,2750,1.0,True,2,1,0.625,12
geo,0.005,24,False,24104,True,2850,1.0,True,2,1,0.5,12
geo,0.005,25,False,25100,True,7300,1.0,True,2,1,0.5,22
geo,0.005,25,False,25101,True,4400,1.0,True,2,1,0.55,22
geo,0.005,25,False,25102,True,2400,1.0,False,,1,0.5,22
geo,0.005,25,False,25103,True,1150,1.0,False,,1,0.7,22
geo,0.005,25,False,25104,True,2400,1.0,True,2,1,0.6,22
geo,0.005,26,False,26100,True,11800,1.0,True,2,1,0.3,18
geo,0.005,26,False,26101,True,9850,1.0,True,2,1,0.5,18
geo,0.005,26,False,26102,True,6450,1.0,True,2,1,0.35,18
geo,0.005,26,False,26103,True,3750,1.0,True,2,1,0.3,18
geo,0.005,26,False,26104,True,2550,1.0,True,2,1,0.45,18
geo,0.005,27,False,27100,True,3200,1.0,True,2,1,0.3333333333333333,16
geo,0.005,27,False,27101,True,3950,1.0,True,2,1,0.5,16
geo,0.005,27,False,27102,True,3200,1.0,True,2,1,0.7222222222222222,16
geo,0.005,27,False,27103,True,4000,1.0,True,2,1,0.5,16
geo,0.005,27,False,27104,True,3550,1.0,True,2,1,0.4444444444444444,16
geo,0.005,28,False,28100,True,900,1.0,True,2,1,0.6875,10
geo,0.005,28,False,28101,True,2250,1.0,True,2,1,0.4375,10
geo,0.005,28,False,28102,True,4900,1.0,True,2,1,0.5,10
geo,0.005,28,False,28103,True,1050,1.0,True,2,1,0.4375,10
geo,0.005,28,False,28104,True,1550,1.0,True,2,1,0.375,10
geo,0.005,29,False,29100,True,2850,1.0,True,2,1,0.47368421052631576,19
geo,0.005,29,False,29101,True,1000,1.0,True,2,1,0.6842105263157895,19
geo,0.005,29,False,29102,True,4450,1.0,True,2,1,0.42105263157894735,19
geo,0.005,29,False,29103,True,1450,1.0,True,2,1,0.21052631578947367,19
geo,0.005,29,False,29104,True,14750,1.0,True,2,1,0.3684210526315789,19
geo,0.01,0,False,100,False,39999,1.0,True,2,1,0.5555555555555556,19
geo,0.01,0,False,101,True,17200,1.0,True,2,1,0.6111111111111112,19
geo,0.01,0,False,102,True,9350,1.0,True,2,1,0.6111111111111112,19
geo,0.01,0,False,103,True,2750,1.0,True,2,1,0.4444444444444444,19
geo,0.01,0,False,104,True,11300,1.0,True,2,1,0.5555555555555556,19
geo,0.01,1,False,1100,True,22100,1.0,True,2,1,0.38095238095238093,25
geo,0.01,1,False,1101,False,39999,0.92,False,,1,0.6190476190476191,25
geo,0.01,1,False,1102,True,3950,1.0,True,2,1,0.38095238095238093,25
geo,0.01,1,False,1103,False,39999,0.72,False,,1,0.42857142857142855,25
geo,0.01,1,False,1104,False,39999,1.0,True,2,1,0.38095238095238093,25
geo,0.01,2,False,2100,True,1300,1.0,True,2,1,0.6666666666666666,14
geo,0.01,2,False,2101,True,17750,1.0,True,2,1,0.6111111111111112,14
geo,0.01,2,False,2102,True,20350,1.0,True,2,1,0.4444444444444444,14
geo,0.01,2,False,2103,True,34650,1.0,True,2,1,0.5,14
geo,0.01,2,False,2104,True,38500,1.0,True,2,1,0.5555555555555556,14
geo,0.01,3,False,3100,True,2450,1.0,True,2,1,0.5,12
geo,0.01,3,False,3101,True,8350,1.0,True,2,1,0.5,12
geo,0.01,3,False,3102,True,22550,1.0,True,2,1,0.5625,12
geo,0.01,3,False,3103,True,4350,1.0,True,2,1,0.5625,12
geo,0.01,3,False,3104,True,4700,1.0,True,2,1,0.4375,12
geo,0.01,4,False,4100,True,3700,1.0,True,2,1,0.6,11
geo,0.01,4,False,4101,True,7400,1.0,True,2,1,0.4666666666666667,11
geo,0.01,4,False,4102,True,8050,1.0,True,2,1,0.5333333333333333,11
geo,0.01,4,False,4103,True,800,1.0,True,2,1,0.5333333333333333,11
geo,0.01,4,False,4104,True,4150,1.0,True,2,1,0.5333333333333333,11
geo,0.01,5,False,5100,True,4550,1.0,True,2,1,0.55,22
geo,0.01,5,False,5101,True,28550,1.0,True,2,1,0.45,22
geo,0.01,5,False,5102,True,4550,1.0,True,2,1,0.5,22
geo,0.01,5,False,5103,True,34300,1.0,True,2,1,0.5,22
geo,0.01,5,False,5104,False,39999,0.8181818181818182,False,,1,0.45,22
geo,0.01,6,False,6100,True,6650,1.0,True,2,1,0.47058823529411764,14
geo,0.01,6,False,6101,True,7050,1.0,True,2,1,0.47058823529411764,14
geo,0.01,6,False,6102,True,21250,1.0,True,2,1,0.4117647058823529,14
geo,0.01,6,False,6103,True,3750,1.0,True,2,1,0.5882352941176471,14
geo,0.01,6,False,6104,True,20650,1.0,True,2,1,0.29411764705882354,14
geo,0.01,7,False,7100,True,24150,1.0,False,,1,0.5294117647058824,12
geo,0.01,7,False,7101,True,11100,1.0,False,,1,0.5882352941176471,12
geo,0.01,7,False,7102,True,20250,1.0,True,2,1,0.5882352941176471,12
geo,0.01,7,False,7103,True,13400,1.0,False,,1,0.5882352941176471,12
geo,0.01,7,False,7104,False,39999,0.6666666666666666,False,,1,0.5882352941176471,12
geo,0.01,8,False,8100,True,14250,1.0,True,2,1,0.3684210526315789,20
geo,0.01,8,False,8101,True,26150,1.0,True,2,1,0.6842105263157895,20
geo,0.01,8,False,8102,True,5650,1.0,True,2,1,0.5789473684210527,20
geo,0.01,8,False,8103,True,15950,1.0,True,2,1,0.5263157894736842,20
geo,0.01,8,False,8104,True,23850,1.0,True,2,1,0.42105263157894735,20
geo,0.01,9,False,9100,True,29400,1.0,True,2,1,0.5714285714285714,25
geo,0.01,9,False,9101,False,39999,0.56,False,,1,0.42857142857142855,25
geo,0.01,9,False,9102,True,1000,1.0,True,2,1,0.6666666666666666,25
geo,0.01,9,False,9103,False,39999,1.0,True,2,1,0.6190476190476191,25
geo,0.01,9,False,9104,True,6900,1.0,True,2,1,0.47619047619047616,25
geo,0.01,10,False,10100,False,39999,0.6,False,,1,0.6,25
geo,0.01,10,False,10101,True,10100,1.0,True,2,1,0.35,25
geo,0.01,10,False,10102,True,2100,1.0,True,2,1,0.7,25
geo,0.01,10,False,10103,True,18550,1.0,True,2,1,0.45,25
geo,0.01,10,False,10104,True,3750,1.0,True,2,1,0.65,25
geo,0.01,11,False,11100,False,39999,0.7857142857142857,False,,1,0.4444444444444444,14
geo,0.01,11,False,11101,False,39999,0.8571428571428571,False,,1,0.4444444444444444,14
geo,0.01,11,False,11102,True,2400,1.0,True,2,1,0.3888888888888889,14
geo,0.01,11,False,11103,True,5350,1.0,True,2,1,0.3888888888888889,14
geo,0.01,11,False,11104,True,17700,1.0,True,2,1,0.5555555555555556,14
geo,0.01,12,False,12100,True,9300,1.0,True,2,1,0.3333333333333333,21
geo,0.01,12,False,12101,True,26700,1.0,True,2,1,0.5555555555555556,21
geo,0.01,12,False,12102,True,25700,1.0,True,2,1,0.4444444444444444,21
geo,0.01,12,False,12103,True,6200,1.0,True,2,1,0.5,21
geo,0.01,12,False,12104,True,4400,1.0,True,2,1,0.6666666666666666,21
geo,0.01,13,False,13100,False,39999,1.0,True,2,1,0.5,24
geo,0.01,13,False,13101,True,20150,1.0,True,2,1,0.4,24
geo,0.01,13,False,13102,False,39999,1.0,True,2,1,0.5,24
geo,0.01,13,False,13103,True,9200,1.0,True,2,1,0.4,24
geo,0.01,13,False,13104,False,39999,0.75,False,,1,0.55,24
geo,0.01,14,False,14100,True,14350,1.0,True,2,1,0.4,22
geo,0.01,14,False,14101,False,39999,1.0,True,2,1,0.65,22
geo,0.01,14,False,14102,True,2300,1.0,True,2,1,0.65,22
geo,0.01,14,False,14103,False,39999,1.0,False,,1,0.7,22
geo,0.01,14,False,14104,True,10000,1.0,True,2,1,0.6,22
geo,0.01,15,False,15100,True,8650,1.0,True,2,1,0.5333333333333333,11
geo,0.01,15,False,15101,True,8300,1.0,True,2,1,0.6,11
geo,0.01,15,False,15102,True,14600,1.0,True,2,1,0.6,11
geo,0.01,15,False,15103,True,3850,1.0,True,2,1,0.6666666666666666,11
geo,0.01,15,False,15104,True,2300,1.0,True,2,1,0.6,11
geo,0.01,16,False,16100,True,33600,1.0,True,1,1,0.47368421052631576,19
geo,0.01,16,False,16101,True,4100,1.0,True,2,1,0.42105263157894735,19
geo,0.01,16,False,16102,True,30150,1.0,True,2,1,0.5789473684210527,19
geo,0.01,16,False,16103,False,39999,1.0,True,2,1,0.3684210526315789,19
geo,0.01,16,False,16104,True,34500,1.0,True,2,1,0.42105263157894735,19
geo,0.01,17,False,17100,True,27800,1.0,True,2,1,0.5454545454545454,31
geo,0.01,17,False,17101,False,39999,0.8387096774193549,False,,1,0.7272727272727273,31
geo,0.01,17,False,17102,True,22750,1.0,True,2,1,0.5454545454545454,31
geo,0.01,17,False,17103,True,1100,1.0,True,2,1,0.3181818181818182,31
geo,0.01,17,False,17104,True,6500,1.0,True,2,1,0.45454545454545453,31
geo,0.01,18,False,18100,False,39999,1.0,True,2,1,0.6521739130434783,31
geo,0.01,18,False,18101,False,39999,1.0,True,2,1,0.30434782608695654,31
geo,0.01,18,False,18102,False,39999,0.5806451612903226,False,,1,0.4782608695652174,31
geo,0.01,18,False,18103,True,17450,1.0,True,2,1,0.4782608695652174,31
geo,0.01,18,False,18104,False,39999,0.5806451612903226,False,,1,0.6086956521739131,31
geo,0.01,19,False,19100,True,23900,1.0,True,2,1,0.6666666666666666,16
geo,0.01,19,False,19101,False,39999,1.0,True,2,1,0.4444444444444444,16
geo,0.01,19,False,19102,False,39999,1.0,True,2,1,0.4444444444444444,16
geo,0.01,19,False,19103,True,9950,1.0,True,2,1,0.3888888888888889,16
geo,0.01,19,False,19104,False,39999,1.0,True,2,1,0.4444444444444444,16
geo,0.01,20,False,20100,True,23350,1.0,True,2,1,0.47058823529411764,14
geo,0.01,20,False,20101,True,8450,1.0,True,2,1,0.5294117647058824,14
geo,0.01,20,False,20102,True,22000,1.0,True,2,1,0.29411764705882354,14
geo,0.01,20,False,20103,True,8450,1.0,True,2,1,0.7058823529411765,14
geo,0.01,20,False,20104,True,24300,1.0,True,2,1,0.5882352941176471,14
geo,0.01,21,False,21100,False,39999,0.7,False,,1,0.45,20
geo,0.01,21,False,21101,True,17550,1.0,True,2,1,0.5,20
geo,0.01,21,False,21102,True,18250,1.0,True,2,1,0.4,20
geo,0.01,21,False,21103,True,17150,1.0,True,2,1,0.6,20
geo,0.01,21,False,21104,True,7750,1.0,True,2,1,0.45,20
geo,0.01,22,False,22100,True,13250,1.0,True,2,1,0.5,25
geo,0.01,22,False,22101,True,16200,1.0,True,2,1,0.45,25
geo,0.01,22,False,22102,False,39999,0.72,False,,1,0.35,25
geo,0.01,22,False,22103,False,39999,0.72,False,,1,0.45,25
geo,0.01,22,False,22104,True,22400,1.0,True,2,1,0.4,25
geo,0.01,23,False,23100,False,39999,1.0,True,2,1,0.6818181818181818,28
geo,0.01,23,False,23101,False,39999,1.0,True,2,1,0.5,28
geo,0.01,23,False,23102,True,23250,1.0,True,2,1,0.6363636363636364,28
geo,0.01,23,False,23103,False,39999,0.8928571428571429,False,,1,0.6363636363636364,28
geo,0.01,23,False,23104,True,31950,1.0,True,2,1,0.6818181818181818,28
geo,0.01,24,False,24100,True,850,1.0,True,2,1,0.625,12
geo,0.01,24,False,24101,True,2200,1.0,True,2,1,0.5625,12
geo,0.01,24,False,24102,True,9600,1.0,True,2,1,0.625,12
geo,0.01,24,False,24103,True,5600,1.0,True,2,1,0.5,12
geo,0.01,24,False,24104,True,3100,1.0,True,2,1,0.5625,12
geo,0.01,25,False,25100,True,29150,1.0,True,2,1,0.65,22
geo,0.01,25,False,25101,True,12850,1.0,False,,1,0.3,22
geo,0.01,25,False,25102,True,7600,1.0,True,2,1,0.4,22
geo,0.01,25,False,25103,False,39999,1.0,False,,1,0.55,22
geo,0.01,25,False,25104,True,9400,1.0,False,,1,0.3,22
geo,0.01,26,False,26100,False,39999,1.0,True,2,1,0.45,18
geo,0.01,26,False,26101,True,36050,1.0,True,2,1,0.5,18
geo,0.01,26,False,26102,False,39999,1.0,True,2,1,0.45,18
geo,0.01,26,False,26103,False,39999,1.0,True,2,1,0.65,18
geo,0.01,26,False,26104,True,25300,1.0,True,2,1,0.35,18
geo,0.01,27,False,27100,True,31350,1.0,True,2,1,0.5555555555555556,16
geo,0.01,27,False,27101,True,11600,1.0,True,2,1,0.6666666666666666,16
geo,0.01,27,False,27102,True,25350,1.0,True,2,1,0.5555555555555556,16
geo,0.01,27,False,27103,True,24750,1.0,True,2,1,0.6111111111111112,16
geo,0.01,27,False,27104,True,3500,1.0,True,2,1,0.3888888888888889,16
geo,0.01,28,False,28100,True,3800,1.0,True,2,1,0.5,10
geo,0.01,28,False,28101,True,33850,1.0,True,2,1,0.5,10
geo,0.01,28,False,28102,True,6250,1.0,True,2,1,0.5,10
geo,0.01,28,False,28103,True,17900,1.0,True,2,1,0.5,10
geo,0.01,28,False,28104,True,11400,1.0,True,2,1,0.5,10
geo,0.01,29,False,29100,True,26850,1.0,True,2,1,0.47368421052631576,19
geo,0.01,29,False,29101,False,39999,1.0,True,2,1,0.5789473684210527,19
geo,0.01,29,False,29102,False,39999,1.0,True,2,1,0.5789473684210527,19
geo,0.01,29,False,29103,True,13150,1.0,True,2,1,0.5789473684210527,19
geo,0.01,29,False,29104,False,39999,1.0,True,2,1,0.47368421052631576,19
geo,0.015,0,False,100,False,39999,1.0,True,2,1,0.4444444444444444,19
geo,0.015,0,False,101,True,22600,1.0,True,2,1,0.3333333333333333,19
geo,0.015,0,False,102,True,22000,1.0,True,2,1,0.3888888888888889,19
geo,0.015,0,False,103,False,39999,1.0,True,2,1,0.5,19
geo,0.015,0,False,104,True,11200,1.0,True,2,1,0.6111111111111112,19
geo,0.015,1,False,1100,False,39999,1.0,True,2,1,0.5714285714285714,25
geo,0.015,1,False,1101,False,39999,0.64,False,,1,0.42857142857142855,25
geo,0.015,1,False,1102,False,39999,0.92,False,,1,0.42857142857142855,25
geo,0.015,1,False,1103,True,8950,1.0,True,2,1,0.3333333333333333,25
geo,0.015,1,False,1104,False,39999,0.68,False,,1,0.47619047619047616,25
geo,0.015,2,False,2100,False,39999,0.9285714285714286,False,,1,0.3888888888888889,14
geo,0.015,2,False,2101,False,39999,0.8571428571428571,False,,1,0.3888888888888889,14
geo,0.015,2,False,2102,False,39999,0.8571428571428571,False,,1,0.7222222222222222,14
geo,0.015,2,False,2103,False,39999,1.0,True,2,1,0.2777777777777778,14
geo,0.015,2,False,2104,False,39999,1.0,True,2,1,0.6111111111111112,14
geo,0.015,3,False,3100,True,12600,1.0,True,2,1,0.625,12
geo,0.015,3,False,3101,True,5200,1.0,True,2,1,0.5,12
geo,0.015,3,False,3102,True,22350,1.0,True,2,1,0.5,12
geo,0.015,3,False,3103,True,15450,1.0,True,2,1,0.5,12
geo,0.015,3,False,3104,True,24200,1.0,True,2,1,0.6875,12
geo,0.015,4,False,4100,True,6700,1.0,True,2,1,0.6666666666666666,11
geo,0.015,4,False,4101,True,7300,1.0,True,2,1,0.5333333333333333,11
geo,0.015,4,False,4102,True,4150,1.0,True,2,1,0.5333333333333333,11
geo,0.015,4,False,4103,True,38350,1.0,True,2,1,0.6,11
geo,0.015,4,False,4104,True,6900,1.0,True,2,1,0.5333333333333333,11
geo,0.015,5,False,5100,True,26700,1.0,True,2,1,0.55,22
geo,0.015,5,False,5101,False,39999,0.8181818181818182,False,,1,0.55,22
geo,0.015,5,False,5102,False,39999,1.0,True,2,1,0.5,22
geo,0.015,5,False,5103,False,39999,1.0,True,2,1,0.55,22
geo,0.015,5,False,5104,False,39999,0.7727272727272727,False,,1,0.45,22
geo,0.015,6,False,6100,True,21550,1.0,True,2,1,0.47058823529411764,14
geo,0.015,6,False,6101,False,39999,1.0,True,2,1,0.5882352941176471,14
geo,0.015,6,False,6102,False,39999,1.0,True,2,1,0.23529411764705882,14
geo,0.015,6,False,6103,False,39999,0.8571428571428571,False,,1,0.5294117647058824,14
geo,0.015,6,False,6104,False,39999,1.0,True,2,1,0.4117647058823529,14
geo,0.015,7,False,7100,True,30750,1.0,False,,1,0.5294117647058824,12
geo,0.015,7,False,7101,False,39999,0.6666666666666666,False,,1,0.5882352941176471,12
geo,0.015,7,False,7102,False,39999,1.0,True,2,1,0.5882352941176471,12
geo,0.015,7,False,7103,False,39999,0.75,False,,1,0.23529411764705882,12
geo,0.015,7,False,7104,True,2200,1.0,False,,1,0.7058823529411765,12
geo,0.015,8,False,8100,False,39999,1.0,True,2,1,0.5263157894736842,20
geo,0.015,8,False,8101,False,39999,0.7,False,,1,0.5263157894736842,20
geo,0.015,8,False,8102,False,39999,0.55,False,,1,0.42105263157894735,20
geo,0.015,8,False,8103,True,15700,1.0,True,2,1,0.5263157894736842,20
geo,0.015,8,False,8104,False,39999,1.0,True,2,1,0.5263157894736842,20
geo,0.015,9,False,9100,False,39999,0.72,False,,1,0.6666666666666666,25
geo,0.015,9,False,9101,False,39999,1.0,True,2,1,0.7142857142857143,25
geo,0.015,9,False,9102,False,39999,0.8,False,,1,0.42857142857142855,25
geo,0.015,9,False,9103,True,13650,1.0,True,2,1,0.3333333333333333,25
geo,0.015,9,False,9104,False,39999,0.76,False,,1,0.7142857142857143,25
geo,0.015,10,False,10100,False,39999,0.84,False,,1,0.55,25
geo,0.015,10,False,10101,False,39999,0.6,False,,1,0.6,25
geo,0.015,10,False,10102,False,39999,0.84,False,,1,0.4,25
geo,0.015,10,False,10103,False,39999,0.88,False,,1,0.45,25
geo,0.015,10,False,10104,False,39999,0.68,False,,1,0.7,25
geo,0.015,11,False,11100,False,39999,1.0,True,2,1,0.6111111111111112,14
geo,0.015,11,False,11101,False,39999,0.9285714285714286,False,,1,0.4444444444444444,14
geo,0.015,11,False,11102,False,39999,0.5714285714285714,False,,1,0.6666666666666666,14
geo,0.015,11,False,11103,False,39999,0.8571428571428571,False,,1,0.2777777777777778,14
geo,0.015,11,False,11104,False,39999,0.9285714285714286,False,,1,0.4444444444444444,14
geo,0.015,12,False,12100,True,16900,1.0,True,2,1,0.3888888888888889,21
geo,0.015,12,False,12101,True,35350,1.0,True,2,1,0.6111111111111112,21
geo,0.015,12,False,12102,False,39999,0.6190476190476191,False,,1,0.5,21
geo,0.015,12,False,12103,False,39999,0.7142857142857143,False,,1,0.4444444444444444,21
geo,0.015,12,False,12104,False,39999,1.0,True,2,1,0.4444444444444444,21
geo,0.015,13,False,13100,False,39999,1.0,True,2,1,0.55,24
geo,0.015,13,False,13101,False,39999,1.0,True,2,1,0.45,24
geo,0.015,13,False,13102,False,39999,1.0,True,2,1,0.7,24
geo,0.015,13,False,13103,False,39999,0.6666666666666666,False,,1,0.6,24
geo,0.015,13,False,13104,False,39999,0.8333333333333334,False,,1,0.7,24
geo,0.015,14,False,14100,False,39999,1.0,False,,1,0.45,22
geo,0.015,14,False,14101,True,28600,1.0,True,2,1,0.65,22
geo,0.015,14,False,14102,False,39999,0.5,False,,1,0.75,22
geo,0.015,14,False,14103,False,39999,0.8636363636363636,False,,1,0.6,22
geo,0.015,14,False,14104,True,17800,1.0,False,,1,0.3,22
geo,0.015,15,False,15100,True,13350,1.0,True,2,1,0.6,11
geo,0.015,15,False,15101,False,39999,1.0,True,2,1,0.4,11
geo,0.015,15,False,15102,False,39999,1.0,True,2,1,0.7333333333333333,11
geo,0.015,15,False,15103,False,39999,0.6363636363636364,False,,1,0.4666666666666667,11
geo,0.015,15,False,15104,True,7900,1.0,True,2,1,0.6666666666666666,11
geo,0.015,16,False,16100,False,39999,1.0,True,2,1,0.6842105263157895,19
geo,0.015,16,False,16101,False,39999,0.631578947368421,False,,1,0.5263157894736842,19
geo,0.015,16,False,16102,True,34200,1.0,True,2,1,0.631578947368421,19
geo,0.015,16,False,16103,False,39999,0.7368421052631579,False,,1,0.42105263157894735,19
geo,0.015,16,False,16104,False,39999,0.7894736842105263,False,,1,0.631578947368421,19
geo,0.015,17,False,17100,False,39999,0.5161290322580645,False,,1,0.36363636363636365,31
geo,0.015,17,False,17101,False,39999,0.6451612903225806,False,,1,0.5,31
geo,0.015,17,False,17102,True,11450,1.0,True,2,1,0.5454545454545454,31
geo,0.015,17,False,17103,False,39999,1.0,True,2,1,0.5454545454545454,31
geo,0.015,17,False,17104,False,39999,1.0,True,2,1,0.5454545454545454,31
geo,0.015,18,False,18100,False,39999,1.0,True,2,1,0.30434782608695654,31
geo,0.015,18,False,18101,False,39999,0.8064516129032258,False,,1,0.5217391304347826,31
geo,0.015,18,False,18102,False,39999,0.6774193548387096,False,,1,0.4782608695652174,31
geo,0.015,18,False,18103,False,39999,0.6774193548387096,False,,1,0.6521739130434783,31
geo,0.015,18,False,18104,False,39999,0.7741935483870968,False,,1,0.5217391304347826,31
geo,0.015,19,False,19100,False,39999,0.5,False,,1,0.5555555555555556,16
geo,0.015,19,False,19101,False,39999,0.75,False,,1,0.5,16
geo,0.015,19,False,19102,False,39999,1.0,True,2,1,0.3888888888888889,16
geo,0.015,19,False,19103,False,39999,0.9375,False,,1,0.5555555555555556,16
geo,0.015,19,False,19104,False,39999,0.75,False,,1,0.3888888888888889,16
geo,0.015,20,False,20100,False,39999,1.0,True,2,1,0.47058823529411764,14
geo,0.015,20,False,20101,False,39999,1.0,True,2,1,0.5882352941176471,14
geo,0.015,20,False,20102,False,39999,0.7142857142857143,False,,1,0.35294117647058826,14
geo,0.015,20,False,20103,True,27700,1.0,True,2,1,0.47058823529411764,14
geo,0.015,20,False,20104,False,39999,1.0,True,2,1,0.5882352941176471,14
geo,0.015,21,False,21100,False,39999,1.0,True,2,1,0.55,20
geo,0.015,21,False,21101,False,39999,0.5,False,,1,0.65,20
geo,0.015,21,False,21102,False,39999,0.45,False,,1,0.6,20
geo,0.015,21,False,21103,True,11850,1.0,True,2,1,0.65,20
geo,0.015,21,False,21104,False,39999,1.0,True,2,1,0.6,20
geo,0.015,22,False,22100,False,39999,0.6,False,,1,0.7,25
geo,0.015,22,False,22101,False,39999,1.0,True,2,1,0.55,25
geo,0.015,22,False,22102,False,39999,1.0,True,2,1,0.7,25
geo,0.015,22,False,22103,False,39999,0.72,False,,1,0.45,25
geo,0.015,22,False,22104,False,39999,0.72,False,,1,0.45,25
geo,0.015,23,False,23100,False,39999,1.0,True,2,1,0.45454545454545453,28
geo,0.015,23,False,23101,False,39999,1.0,True,2,1,0.6363636363636364,28
geo,0.015,23,False,23102,False,39999,0.8214285714285714,False,,1,0.5909090909090909,28
geo,0.015,23,False,23103,False,39999,0.8571428571428571,False,,1,0.5,28
geo,0.015,23,False,23104,False,39999,0.7857142857142857,False,,1,0.45454545454545453,28
geo,0.015,24,False,24100,False,39999,1.0,True,2,1,0.5625,12
geo,0.015,24,False,24101,True,31800,1.0,True,2,1,0.5,12
geo,0.015,24,False,24102,False,39999,1.0,True,2,1,0.625,12
geo,0.015,24,False,24103,False,39999,0.75,False,,1,0.375,12
geo,0.015,24,False,24104,True,30900,1.0,True,2,1,0.4375,12
geo,0.015,25,False,25100,False,39999,1.0,True,2,1,0.6,22
geo,0.015,25,False,25101,False,39999,1.0,True,2,1,0.55,22
geo,0.015,25,False,25102,False,39999,1.0,False,,1,0.3,22
geo,0.015,25,False,25103,False,39999,1.0,True,2,1,0.55,22
geo,0.015,25,False,25104,True,28500,1.0,True,2,1,0.45,22
geo,0.015,26,False,26100,False,39999,0.8333333333333334,False,,1,0.45,18
geo,0.015,26,False,26101,False,39999,0.6111111111111112,False,,1,0.5,18
geo,0.015,26,False,26102,False,39999,1.0,True,2,1,0.35,18
geo,0.015,26,False,26103,False,39999,1.0,True,2,1,0.4,18
geo,0.015,26,False,26104,False,39999,0.6666666666666666,False,,1,0.4,18
geo,0.015,27,False,27100,False,39999,1.0,True,2,1,0.5,16
geo,0.015,27,False,27101,False,39999,1.0,True,2,1,0.6111111111111112,16
geo,0.015,27,False,27102,False,39999,0.9375,False,,1,0.3888888888888889,16
geo,0.015,27,False,27103,False,39999,1.0,True,2,1,0.5,16
geo,0.015,27,False,27104,False,39999,0.625,False,,1,0.2222222222222222,16
geo,0.015,28,False,28100,False,39999,1.0,True,2,1,0.5,10
geo,0.015,28,False,28101,False,39999,0.8,False,,1,0.375,10
geo,0.015,28,False,28102,True,26900,1.0,True,2,1,0.375,10
geo,0.015,28,False,28103,True,3200,1.0,True,2,1,0.75,10
geo,0.015,28,False,28104,False,39999,1.0,True,2,1,0.5625,10
geo,0.015,29,False,29100,False,39999,1.0,True,2,1,0.47368421052631576,19
geo,0.015,29,False,29101,False,39999,1.0,True,2,1,0.5789473684210527,19
geo,0.015,29,False,29102,False,39999,1.0,True,2,1,0.6842105263157895,19
geo,0.015,29,False,29103,False,39999,0.6842105263157895,False,,1,0.47368421052631576,19
geo,0.015,29,False,29104,False,39999,1.0,True,2,1,0.5263157894736842,19
geo,0.02,0,False,100,False,39999,0.42105263157894735,False,,1,0.5555555555555556,19
geo,0.02,0,False,101,False,39999,0.6842105263157895,False,,1,0.7222222222222222,19
geo,0.02,0,False,102,False,39999,1.0,True,2,1,0.4444444444444444,19
geo,0.02,0,False,103,False,39999,1.0,True,2,1,0.6111111111111112,19
geo,0.02,0,False,104,False,39999,0.7368421052631579,False,,1,0.3888888888888889,19
geo,0.02,1,False,1100,False,39999,0.76,False,,1,0.23809523809523808,25
geo,0.02,1,False,1101,False,39999,0.84,False,,1,0.6190476190476191,25
geo,0.02,1,False,1102,False,39999,1.0,True,2,1,0.5238095238095238,25
geo,0.02,1,False,1103,False,39999,0.6,False,,1,0.2857142857142857,25
geo,0.02,1,False,1104,False,39999,0.56,False,,1,0.42857142857142855,25
geo,0.02,2,False,2100,False,39999,1.0,True,2,1,0.6666666666666666,14
geo,0.02,2,False,2101,False,39999,1.0,True,2,1,0.2777777777777778,14
geo,0.02,2,False,2102,False,39999,0.7142857142857143,False,,1,0.5555555555555556,14
geo,0.02,2,False,2103,False,39999,0.7857142857142857,False,,1,0.5,14
geo,0.02,2,False,2104,False,39999,0.9285714285714286,False,,1,0.7777777777777778,14
geo,0.02,3,False,3100,False,39999,0.75,False,,1,0.5625,12
geo,0.02,3,False,3101,False,39999,1.0,True,2,1,0.3125,12
geo,0.02,3,False,3102,True,38850,1.0,True,2,1,0.375,12
geo,0.02,3,False,3103,False,39999,1.0,True,2,1,0.3125,12
geo,0.02,3,False,3104,False,39999,1.0,True,2,1,0.625,12
geo,0.02,4,False,4100,True,3600,1.0,True,2,1,0.4,11
geo,0.02,4,False,4101,True,14950,1.0,True,2,1,0.5333333333333333,11
geo,0.02,4,False,4102,True,16850,1.0,True,2,1,0.6,11
geo,0.02,4,False,4103,False,39999,0.8181818181818182,False,,1,0.5333333333333333,11
geo,0.02,4,False,4104,True,24300,1.0,True,2,1,0.4666666666666667,11
geo,0.02,5,False,5100,False,39999,0.7727272727272727,False,,1,0.25,22
geo,0.02,5,False,5101,False,39999,1.0,True,2,1,0.45,22
geo,0.02,5,False,5102,False,39999,1.0,True,2,1,0.55,22
geo,0.02,5,False,5103,False,39999,1.0,True,2,1,0.4,22
geo,0.02,5,False,5104,False,39999,0.7727272727272727,False,,1,0.55,22
geo,0.02,6,False,6100,False,39999,1.0,True,2,1,0.5882352941176471,14
geo,0.02,6,False,6101,True,9000,1.0,True,2,1,0.7058823529411765,14
geo,0.02,6,False,6102,False,39999,1.0,True,2,1,0.5882352941176471,14
geo,0.02,6,False,6103,False,39999,1.0,True,2,1,0.6470588235294118,14
geo,0.02,6,False,6104,False,39999,1.0,True,2,1,0.4117647058823529,14
geo,0.02,7,False,7100,False,39999,0.5833333333333334,False,,1,0.5294117647058824,12
geo,0.02,7,False,7101,False,39999,0.8333333333333334,False,,1,0.47058823529411764,12
geo,0.02,7,False,7102,False,39999,1.0,False,,1,0.4117647058823529,12
geo,0.02,7,False,7103,False,39999,0.8333333333333334,False,,1,0.35294117647058826,12
geo,0.02,7,False,7104,False,39999,0.75,False,,1,0.29411764705882354,12
geo,0.02,8,False,8100,False,39999,1.0,True,2,1,0.42105263157894735,20
geo,0.02,8,False,8101,False,39999,0.65,False,,1,0.5263157894736842,20
geo,0.02,8,False,8102,False,39999,0.8,False,,1,0.5789473684210527,20
geo,0.02,8,False,8103,False,39999,0.5,False,,1,0.631578947368421,20
geo,0.02,8,False,8104,False,39999,0.7,False,,1,0.631578947368421,20
geo,0.02,9,False,9100,False,39999,0.72,False,,1,0.5238095238095238,25
geo,0.02,9,False,9101,False,39999,0.64,False,,1,0.23809523809523808,25
geo,0.02,9,False,9102,False,39999,1.0,True,2,1,0.47619047619047616,25
geo,0.02,9,False,9103,False,39999,0.76,False,,1,0.2857142857142857,25
geo,0.02,9,False,9104,False,39999,0.72,False,,1,0.5714285714285714,25
geo,0.02,10,False,10100,False,39999,0.68,False,,1,0.45,25
geo,0.02,10,False,10101,False,39999,0.84,False,,1,0.65,25
geo,0.02,10,False,10102,False,39999,0.72,False,,1,0.6,25
geo,0.02,10,False,10103,False,39999,0.6,False,,1,0.7,25
geo,0.02,10,False,10104,False,39999,1.0,True,2,1,0.45,25
geo,0.02,11,False,11100,False,39999,1.0,True,2,1,0.5555555555555556,14
geo,0.02,11,False,11101,False,39999,0.7857142857142857,False,,1,0.6111111111111112,14
geo,0.02,11,False,11102,True,4250,1.0,True,2,1,0.3888888888888889,14
geo,0.02,11,False,11103,False,39999,0.9285714285714286,False,,1,0.3888888888888889,14
geo,0.02,11,False,11104,True,30000,1.0,True,2,1,0.3888888888888889,14
geo,0.02,12,False,12100,False,39999,0.6190476190476191,False,,1,0.4444444444444444,21
geo,0.02,12,False,12101,False,39999,0.5238095238095238,False,,1,0.7222222222222222,21
geo,0.02,12,False,12102,False,39999,0.7142857142857143,False,,1,0.6111111111111112,21
geo,0.02,12,False,12103,False,39999,0.9523809523809523,False,,1,0.6111111111111112,21
geo,0.02,12,False,12104,False,39999,1.0,True,2,1,0.4444444444444444,21
geo,0.02,13,False,13100,False,39999,1.0,True,2,1,0.6,24
geo,0.02,13,False,13101,False,39999,0.8333333333333334,False,,1,0.4,24
geo,0.02,13,False,13102,False,39999,0.8333333333333334,False,,1,0.75,24
geo,0.02,13,False,13103,False,39999,0.75,False,,1,0.65,24
geo,0.02,13,False,13104,False,39999,0.75,False,,1,0.4,24
geo,0.02,14,False,14100,False,39999,1.0,False,,1,0.55,22
geo,0.02,14,False,14101,False,39999,0.8636363636363636,False,,1,0.6,22
geo,0.02,14,False,14102,False,39999,0.7272727272727273,False,,1,0.5,22
geo,0.02,14,False,14103,False,39999,0.7272727272727273,False,,1,0.5,22
geo,0.02,14,False,14104,False,39999,0.6818181818181818,False,,1,0.45,22
geo,0.02,15,False,15100,True,13350,1.0,True,2,1,0.6,11
geo,0.02,15,False,15101,False,39999,1.0,True,2,1,0.6666666666666666,11
geo,0.02,15,False,15102,False,39999,1.0,True,2,1,0.6666666666666666,11
geo,0.02,15,False,15103,False,39999,1.0,True,2,1,0.6666666666666666,11
geo,0.02,15,False,15104,False,39999,1.0,True,2,1,0.4666666666666667,11
geo,0.02,16,False,16100,False,39999,1.0,True,2,1,0.5789473684210527,19
geo,0.02,16,False,16101,False,39999,1.0,True,2,1,0.3684210526315789,19
geo,0.02,16,False,16102,False,39999,0.631578947368421,False,,1,0.5789473684210527,19
geo,0.02,16,False,16103,False,39999,0.8947368421052632,False,,1,0.42105263157894735,19
geo,0.02,16,False,16104,False,39999,0.7894736842105263,False,,1,0.47368421052631576,19
geo,0.02,17,False,17100,False,39999,0.6774193548387096,False,,1,0.5454545454545454,31
geo,0.02,17,False,17101,False,39999,1.0,True,2,1,0.5454545454545454,31
geo,0.02,17,False,17102,False,39999,0.7096774193548387,False,,1,0.5454545454545454,31
geo,0.02,17,False,17103,False,39999,0.45161290322580644,False,,1,0.45454545454545453,31
geo,0.02,17,False,17104,False,39999,0.6129032258064516,False,,1,0.5454545454545454,31
geo,0.02,18,False,18100,False,39999,0.6451612903225806,False,,1,0.4782608695652174,31
geo,0.02,18,False,18101,False,39999,0.9354838709677419,False,,1,0.5652173913043478,31
geo,0.02,18,False,18102,False,39999,0.7096774193548387,False,,1,0.5217391304347826,31
geo,0.02,18,False,18103,False,39999,0.9354838709677419,False,,1,0.5217391304347826,31
geo,0.02,18,False,18104,False,39999,0.7096774193548387,False,,1,0.34782608695652173,31
geo,0.02,19,False,19100,False,39999,1.0,True,2,1,0.6111111111111112,16
geo,0.02,19,False,19101,False,39999,0.625,False,,1,0.5,16
geo,0.02,19,False,19102,False,39999,0.8125,False,,1,0.2777777777777778,16
geo,0.02,19,False,19103,False,39999,0.875,False,,1,0.6666666666666666,16
geo,0.02,19,False,19104,False,39999,0.5,False,,1,0.4444444444444444,16
geo,0.02,20,False,20100,False,39999,0.8571428571428571,False,,1,0.7058823529411765,14
geo,0.02,20,False,20101,False,39999,1.0,True,2,1,0.5294117647058824,14
geo,0.02,20,False,20102,False,39999,0.7857142857142857,False,,1,0.47058823529411764,14
geo,0.02,20,False,20103,True,27650,1.0,True,2,1,0.5882352941176471,14
geo,0.02,20,False,20104,False,39999,1.0,True,2,1,0.35294117647058826,14
geo,0.02,21,False,21100,False,39999,1.0,True,2,1,0.65,20
geo,0.02,21,False,21101,False,39999,0.9,False,,1,0.65,20
geo,0.02,21,False,21102,False,39999,1.0,True,2,1,0.55,20
geo,0.02,21,False,21103,False,39999,0.9,False,,1,0.6,20
geo,0.02,21,False,21104,False,39999,0.55,False,,1,0.4,20
geo,0.02,22,False,22100,False,39999,0.6,False,,1,0.45,25
geo,0.02,22,False,22101,False,39999,1.0,True,2,1,0.45,25
geo,0.02,22,False,22102,False,39999,0.6,False,,1,0.55,25
geo,0.02,22,False,22103,False,39999,0.6,False,,1,0.45,25
geo,0.02,22,False,22104,False,39999,0.8,False,,1,0.6,25
geo,0.02,23,False,23100,False,39999,0.75,False,,1,0.45454545454545453,28
geo,0.02,23,False,23101,False,39999,1.0,True,2,1,0.5454545454545454,28
geo,0.02,23,False,23102,False,39999,1.0,True,2,1,0.6363636363636364,28
geo,0.02,23,False,23103,False,39999,1.0,True,2,1,0.5454545454545454,28
geo,0.02,23,False,23104,False,39999,0.6428571428571429,False,,1,0.6363636363636364,28
geo,0.02,24,False,24100,True,24900,1.0,True,2,1,0.5625,12
geo,0.02,24,False,24101,False,39999,0.5,False,,1,0.4375,12
geo,0.02,24,False,24102,True,1400,1.0,True,2,1,0.625,12
geo,0.02,24,False,24103,False,39999,1.0,True,2,1,0.4375,12
geo,0.02,24,False,24104,False,39999,0.6666666666666666,False,,1,0.25,12
geo,0.02,25,False,25100,False,39999,0.6818181818181818,False,,1,0.4,22
geo,0.02,25,False,25101,True,35250,1.0,False,,1,0.6,22
geo,0.02,25,False,25102,False,39999,0.6818181818181818,False,,1,0.55,22
geo,0.02,25,False,25103,False,39999,0.8181818181818182,False,,1,0.55,22
geo,0.02,25,False,25104,False,39999,0.6818181818181818,False,,1,0.7,22
geo,0.02,26,False,26100,False,39999,0.8888888888888888,False,,1,0.4,18
geo,0.02,26,False,26101,False,39999,1.0,True,2,1,0.6,18
geo,0.02,26,False,26102,False,39999,0.6666666666666666,False,,1,0.6,18
geo,0.02,26,False,26103,False,39999,1.0,True,2,1,0.65,18
geo,0.02,26,False,26104,False,39999,1.0,True,2,1,0.35,18
geo,0.02,27,False,27100,False,39999,0.8125,False,,1,0.6111111111111112,16
geo,0.02,27,False,27101,False,39999,0.875,False,,1,0.5,16
geo,0.02,27,False,27102,False,39999,0.5625,False,,1,0.7777777777777778,16
geo,0.02,27,False,27103,False,39999,0.8125,False,,1,0.3888888888888889,16
geo,0.02,27,False,27104,False,39999,0.75,False,,1,0.3888888888888889,16
geo,0.02,28,False,28100,False,39999,1.0,True,2,1,0.625,10
geo,0.02,28,False,28101,False,39999,0.9,False,,1,0.375,10
geo,0.02,28,False,28102,True,23600,1.0,True,2,1,0.25,10
geo,0.02,28,False,28103,False,39999,0.9,False,,1,0.5625,10
geo,0.02,28,False,28104,False,39999,0.8,False,,1,0.1875,10
geo,0.02,29,False,29100,False,39999,1.0,True,2,1,0.5789473684210527,19
geo,0.02,29,False,29101,False,39999,0.7368421052631579,False,,1,0.631578947368421,19
geo,0.02,29,False,29102,False,39999,0.7894736842105263,False,,1,0.47368421052631576,19
geo,0.02,29,False,29103,False,39999,1.0,True,2,1,0.5263157894736842,19
geo,0.02,29,False,29104,False,39999,1.0,True,2,1,0.7368421052631579,19
geo,0.03,0,False,100,False,39999,0.7894736842105263,False,,1,0.5,19
geo,0.03,0,False,101,False,39999,1.0,True,2,1,0.6111111111111112,19
geo,0.03,0,False,102,False,39999,0.7368421052631579,False,,1,0.4444444444444444,19
geo,0.03,0,False,103,False,39999,0.8421052631578947,False,,1,0.6666666666666666,19
geo,0.03,0,False,104,False,39999,0.5789473684210527,False,,1,0.6111111111111112,19
geo,0.03,1,False,1100,False,39999,0.8,False,,1,0.42857142857142855,25
geo,0.03,1,False,1101,False,39999,0.72,False,,1,0.42857142857142855,25
geo,0.03,1,False,1102,False,39999,0.92,False,,1,0.2857142857142857,25
geo,0.03,1,False,1103,False,39999,0.64,False,,1,0.6666666666666666,25
geo,0.03,1,False,1104,False,39999,1.0,True,2,1,0.3333333333333333,25
geo,0.03,2,False,2100,False,39999,0.9285714285714286,False,,1,0.6111111111111112,14
geo,0.03,2,False,2101,False,39999,0.9285714285714286,False,,1,0.5555555555555556,14
geo,0.03,2,False,2102,False,39999,1.0,True,2,1,0.6111111111111112,14
geo,0.03,2,False,2103,False,39999,0.7857142857142857,False,,1,0.3888888888888889,14
geo,0.03,2,False,2104,False,39999,1.0,True,2,1,0.6111111111111112,14
geo,0.03,3,False,3100,False,39999,0.75,False,,1,0.4375,12
geo,0.03,3,False,3101,False,39999,1.0,True,2,1,0.4375,12
geo,0.03,3,False,3102,False,39999,0.9166666666666666,False,,1,0.6875,12
geo,0.03,3,False,3103,False,39999,1.0,True,2,1,0.25,12
geo,0.03,3,False,3104,False,39999,1.0,True,2,1,0.25,12
geo,0.03,4,False,4100,False,39999,0.8181818181818182,False,,1,0.4666666666666667,11
geo,0.03,4,False,4101,False,39999,1.0,True,2,1,0.5333333333333333,11
geo,0.03,4,False,4102,False,39999,0.6363636363636364,False,,1,0.3333333333333333,11
geo,0.03,4,False,4103,False,39999,0.8181818181818182,False,,1,0.5333333333333333,11
geo,0.03,4,False,4104,False,39999,0.7272727272727273,False,,1,0.5333333333333333,11
geo,0.03,5,False,5100,False,39999,0.5454545454545454,False,,1,0.55,22
geo,0.03,5,False,5101,False,39999,0.5,False,,1,0.55,22
geo,0.03,5,False,5102,False,39999,1.0,True,2,1,0.4,22
geo,0.03,5,False,5103,False,39999,1.0,True,2,1,0.55,22
geo,0.03,5,False,5104,False,39999,0.5,False,,1,0.45,22
geo,0.03,6,False,6100,False,39999,0.8571428571428571,False,,1,0.6470588235294118,14
geo,0.03,6,False,6101,False,39999,1.0,True,2,1,0.5294117647058824,14
geo,0.03,6,False,6102,False,39999,0.6428571428571429,False,,1,0.47058823529411764,14
geo,0.03,6,False,6103,False,39999,1.0,True,2,1,0.35294117647058826,14
geo,0.03,6,False,6104,False,39999,1.0,True,2,1,0.35294117647058826,14
geo,0.03,7,False,7100,False,39999,1.0,False,,1,0.5882352941176471,12
geo,0.03,7,False,7101,False,39999,1.0,False,,1,0.5294117647058824,12
geo,0.03,7,False,7102,False,39999,1.0,False,,1,0.7058823529411765,12
geo,0.03,7,False,7103,False,39999,0.6666666666666666,False,,1,0.7058823529411765,12
geo,0.03,7,False,7104,False,39999,1.0,True,2,1,0.6470588235294118,12
geo,0.03,8,False,8100,False,39999,0.6,False,,1,0.631578947368421,20
geo,0.03,8,False,8101,False,39999,0.65,False,,1,0.6842105263157895,20
geo,0.03,8,False,8102,False,39999,0.75,False,,1,0.3684210526315789,20
geo,0.03,8,False,8103,False,39999,0.8,False,,1,0.42105263157894735,20
geo,0.03,8,False,8104,False,39999,1.0,True,2,1,0.21052631578947367,20
geo,0.03,9,False,9100,False,39999,0.52,False,,1,0.6666666666666666,25
geo,0.03,9,False,9101,False,39999,0.68,False,,1,0.5714285714285714,25
geo,0.03,9,False,9102,False,39999,0.68,False,,1,0.42857142857142855,25
geo,0.03,9,False,9103,False,39999,0.76,False,,1,0.42857142857142855,25
geo,0.03,9,False,9104,False,39999,0.64,False,,1,0.6666666666666666,25
geo,0.03,10,False,10100,False,39999,1.0,True,2,1,0.55,25
geo,0.03,10,False,10101,False,39999,0.6,False,,1,0.75,25
geo,0.03,10,False,10102,False,39999,0.72,False,,1,0.45,25
geo,0.03,10,False,10103,False,39999,0.72,False,,1,0.6,25
geo,0.03,10,False,10104,False,39999,0.84,False,,1,0.25,25
geo,0.03,11,False,11100,False,39999,1.0,True,2,1,0.4444444444444444,14
geo,0.03,11,False,11101,False,39999,1.0,True,2,1,0.5,14
geo,0.03,11,False,11102,False,39999,1.0,True,2,1,0.5555555555555556,14
geo,0.03,11,False,11103,False,39999,0.7857142857142857,False,,1,0.4444444444444444,14
geo,0.03,11,False,11104,False,39999,0.8571428571428571,False,,1,0.4444444444444444,14
geo,0.03,12,False,12100,False,39999,1.0,True,2,1,0.2777777777777778,21
geo,0.03,12,False,12101,False,39999,0.7142857142857143,False,,1,0.6111111111111112,21
geo,0.03,12,False,12102,False,39999,0.6190476190476191,False,,1,0.6111111111111112,21
geo,0.03,12,False,12103,False,39999,1.0,True,2,1,0.5,21
geo,0.03,12,False,12104,False,39999,0.6190476190476191,False,,1,0.5555555555555556,21
geo,0.03,13,False,13100,False,39999,0.75,False,,1,0.65,24
geo,0.03,13,False,13101,False,39999,0.6666666666666666,False,,1,0.6,24
geo,0.03,13,False,13102,False,39999,0.5833333333333334,False,,1,0.45,24
geo,0.03,13,False,13103,False,39999,0.6666666666666666,False,,1,0.55,24
geo,0.03,13,False,13104,False,39999,0.6666666666666666,False,,1,0.5,24
geo,0.03,14,False,14100,False,39999,0.8181818181818182,False,,1,0.6,22
geo,0.03,14,False,14101,False,39999,0.6818181818181818,False,,1,0.45,22
geo,0.03,14,False,14102,False,39999,0.5909090909090909,False,,1,0.45,22
geo,0.03,14,False,14103,False,39999,0.6818181818181818,False,,1,0.4,22
geo,0.03,14,False,14104,False,39999,0.8181818181818182,False,,1,0.7,22
geo,0.03,15,False,15100,False,39999,0.8181818181818182,False,,1,0.5333333333333333,11
geo,0.03,15,False,15101,False,39999,0.8181818181818182,False,,1,0.8,11
geo,0.03,15,False,15102,False,39999,0.6363636363636364,False,,1,0.5333333333333333,11
geo,0.03,15,False,15103,False,39999,1.0,True,2,1,0.7333333333333333,11
geo,0.03,15,False,15104,False,39999,1.0,True,2,1,0.4666666666666667,11
geo,0.03,16,False,16100,False,39999,1.0,True,2,1,0.3684210526315789,19
geo,0.03,16,False,16101,False,39999,0.8947368421052632,False,,1,0.5263157894736842,19
geo,0.03,16,False,16102,False,39999,1.0,True,2,1,0.5263157894736842,19
geo,0.03,16,False,16103,False,39999,0.7368421052631579,False,,1,0.42105263157894735,19
geo,0.03,16,False,16104,False,39999,1.0,True,2,1,0.3684210526315789,19
geo,0.03,17,False,17100,False,39999,0.5483870967741935,False,,1,0.5,31
geo,0.03,17,False,17101,False,39999,0.7419354838709677,False,,1,0.7272727272727273,31
geo,0.03,17,False,17102,False,39999,1.0,True,2,1,0.5909090909090909,31
geo,0.03,17,False,17103,False,39999,1.0,True,2,1,0.5454545454545454,31
geo,0.03,17,False,17104,False,39999,0.7419354838709677,False,,1,0.6363636363636364,31
geo,0.03,18,False,18100,False,39999,0.9354838709677419,False,,1,0.5652173913043478,31
geo,0.03,18,False,18101,False,39999,1.0,True,2,1,0.4782608695652174,31
geo,0.03,18,False,18102,False,39999,0.7096774193548387,False,,1,0.6086956521739131,31
geo,0.03,18,False,18103,False,39999,0.7096774193548387,False,,1,0.5652173913043478,31
geo,0.03,18,False,18104,False,39999,0.9032258064516129,False,,1,0.5217391304347826,31
geo,0.03,19,False,19100,False,39999,0.8125,False,,1,0.3888888888888889,16
geo,0.03,19,False,19101,False,39999,0.875,False,,1,0.6666666666666666,16
geo,0.03,19,False,19102,False,39999,0.75,False,,1,0.3888888888888889,16
geo,0.03,19,False,19103,False,39999,0.625,False,,1,0.4444444444444444,16
geo,0.03,19,False,19104,False,39999,0.75,False,,1,0.2777777777777778,16
geo,0.03,20,False,20100,False,39999,1.0,True,2,1,0.47058823529411764,14
geo,0.03,20,False,20101,False,39999,1.0,True,2,1,0.6470588235294118,14
geo,0.03,20,False,20102,False,39999,1.0,True,2,1,0.35294117647058826,14
geo,0.03,20,False,20103,False,39999,1.0,True,2,1,0.4117647058823529,14
geo,0.03,20,False,20104,False,39999,1.0,True,2,1,0.47058823529411764,14
geo,0.03,21,False,21100,False,39999,0.7,False,,1,0.6,20
geo,0.03,21,False,21101,False,39999,0.7,False,,1,0.5,20
geo,0.03,21,False,21102,False,39999,0.5,False,,1,0.6,20
geo,0.03,21,False,21103,False,39999,1.0,True,2,1,0.4,20
geo,0.03,21,False,21104,False,39999,0.85,False,,1,0.35,20
geo,0.03,22,False,22100,False,39999,1.0,True,2,1,0.5,25
geo,0.03,22,False,22101,False,39999,0.56,False,,1,0.7,25
geo,0.03,22,False,22102,False,39999,0.68,False,,1,0.5,25
geo,0.03,22,False,22103,False,39999,0.68,False,,1,0.45,25
geo,0.03,22,False,22104,False,39999,1.0,True,2,1,0.5,25
geo,0.03,23,False,23100,False,39999,0.6071428571428571,False,,1,0.5454545454545454,28
geo,0.03,23,False,23101,False,39999,0.6428571428571429,False,,1,0.5,28
geo,0.03,23,False,23102,False,39999,0.8928571428571429,False,,1,0.5,28
geo,0.03,23,False,23103,False,39999,0.5357142857142857,False,,1,0.5,28
geo,0.03,23,False,23104,False,39999,0.6428571428571429,False,,1,0.36363636363636365,28
geo,0.03,24,False,24100,False,39999,1.0,True,2,1,0.125,12
geo,0.03,24,False,24101,False,39999,1.0,True,2,1,0.3125,12
geo,0.03,24,False,24102,False,39999,0.5,False,,1,0.625,12
geo,0.03,24,False,24103,False,39999,1.0,True,2,1,0.4375,12
geo,0.03,24,False,24104,False,39999,1.0,True,2,1,0.5,12
geo,0.03,25,False,25100,False,39999,0.7272727272727273,False,,1,0.65,22
geo,0.03,25,False,25101,False,39999,0.8636363636363636,False,,1,0.65,22
geo,0.03,25,False,25102,False,39999,0.7272727272727273,False,,1,0.65,22
geo,0.03,25,False,25103,False,39999,0.7272727272727273,False,,1,0.75,22
geo,0.03,25,False,25104,False,39999,0.7727272727272727,False,,1,0.6,22
geo,0.03,26,False,26100,False,39999,1.0,True,2,1,0.4,18
geo,0.03,26,False,26101,False,39999,0.7222222222222222,False,,1,0.6,18
geo,0.03,26,False,26102,False,39999,0.8888888888888888,False,,1,0.45,18
geo,0.03,26,False,26103,False,39999,0.8888888888888888,False,,1,0.55,18
geo,0.03,26,False,26104,False,39999,1.0,True,2,1,0.4,18
geo,0.03,27,False,27100,False,39999,0.875,False,,1,0.3888888888888889,16
geo,0.03,27,False,27101,False,39999,1.0,True,2,1,0.6111111111111112,16
geo,0.03,27,False,27102,False,39999,0.9375,False,,1,0.5555555555555556,16
geo,0.03,27,False,27103,False,39999,0.5625,False,,1,0.6111111111111112,16
geo,0.03,27,False,27104,False,39999,0.6875,False,,1,0.5,16
geo,0.03,28,False,28100,False,39999,0.7,False,,1,0.4375,10
geo,0.03,28,False,28101,False,39999,0.5,False,,1,0.5,10
geo,0.03,28,False,28102,False,39999,1.0,True,2,1,0.6875,10
geo,0.03,28,False,28103,False,39999,0.8,False,,1,0.625,10
geo,0.03,28,False,28104,False,39999,1.0,True,2,1,0.625,10
geo,0.03,29,False,29100,False,39999,0.7368421052631579,False,,1,0.631578947368421,19
geo,0.03,29,False,29101,False,39999,1.0,True,2,1,0.6842105263157895,19
geo,0.03,29,False,29102,False,39999,1.0,True,2,1,0.5789473684210527,19
geo,0.03,29,False,29103,False,39999,0.6842105263157895,False,,1,0.631578947368421,19
geo,0.03,29,False,29104,False,39999,0.7368421052631579,False,,1,0.47368421052631576,19
geo,0.05,0,False,100,False,39999,0.631578947368421,False,,1,0.7222222222222222,19
geo,0.05,0,False,101,False,39999,0.631578947368421,False,,1,0.6111111111111112,19
geo,0.05,0,False,102,False,39999,0.5789473684210527,False,,1,0.3888888888888889,19
geo,0.05,0,False,103,False,39999,0.7368421052631579,False,,1,0.4444444444444444,19
geo,0.05,0,False,104,False,39999,0.7368421052631579,False,,1,0.4444444444444444,19
geo,0.05,1,False,1100,False,39999,0.68,False,,1,0.6190476190476191,25
geo,0.05,1,False,1101,False,39999,0.64,False,,1,0.42857142857142855,25
geo,0.05,1,False,1102,False,39999,0.68,False,,1,0.47619047619047616,25
geo,0.05,1,False,1103,False,39999,0.48,False,,1,0.7142857142857143,25
geo,0.05,1,False,1104,False,39999,0.6,False,,1,0.7142857142857143,25
geo,0.05,2,False,2100,False,39999,1.0,True,2,1,0.4444444444444444,14
geo,0.05,2,False,2101,False,39999,0.7142857142857143,False,,1,0.4444444444444444,14
geo,0.05,2,False,2102,False,39999,1.0,True,2,1,0.5555555555555556,14
geo,0.05,2,False,2103,False,39999,1.0,True,2,1,0.3888888888888889,14
geo,0.05,2,False,2104,False,39999,0.7142857142857143,False,,1,0.4444444444444444,14
geo,0.05,3,False,3100,False,39999,1.0,True,2,1,0.25,12
geo,0.05,3,False,3101,False,39999,0.75,False,,1,0.375,12
geo,0.05,3,False,3102,False,39999,0.75,False,,1,0.4375,12
geo,0.05,3,False,3103,False,39999,0.5833333333333334,False,,1,0.4375,12
geo,0.05,3,False,3104,False,39999,0.8333333333333334,False,,1,0.6875,12
geo,0.05,4,False,4100,False,39999,0.8181818181818182,False,,1,0.6,11
geo,0.05,4,False,4101,False,39999,1.0,True,2,1,0.6,11
geo,0.05,4,False,4102,False,39999,0.7272727272727273,False,,1,0.7333333333333333,11
geo,0.05,4,False,4103,False,39999,1.0,True,2,1,0.7333333333333333,11
geo,0.05,4,False,4104,False,39999,1.0,True,2,1,0.3333333333333333,11
geo,0.05,5,False,5100,False,39999,0.6818181818181818,False,,1,0.65,22
geo,0.05,5,False,5101,False,39999,0.5909090909090909,False,,1,0.55,22
geo,0.05,5,False,5102,False,39999,0.8181818181818182,False,,1,0.55,22
geo,0.05,5,False,5103,False,39999,1.0,True,2,1,0.5,22
geo,0.05,5,False,5104,False,39999,0.6363636363636364,False,,1,0.55,22
geo,0.05,6,False,6100,False,39999,0.7142857142857143,False,,1,0.47058823529411764,14
geo,0.05,6,False,6101,False,39999,1.0,True,2,1,0.4117647058823529,14
geo,0.05,6,False,6102,False,39999,1.0,True,2,1,0.6470588235294118,14
geo,0.05,6,False,6103,False,39999,0.7857142857142857,False,,1,0.7058823529411765,14
geo,0.05,6,False,6104,False,39999,0.7142857142857143,False,,1,0.47058823529411764,14
geo,0.05,7,False,7100,False,39999,0.8333333333333334,False,,1,0.7058823529411765,12
geo,0.05,7,False,7101,False,39999,0.75,False,,1,0.6470588235294118,12
geo,0.05,7,False,7102,False,39999,0.6666666666666666,False,,1,0.47058823529411764,12
geo,0.05,7,False,7103,False,39999,0.75,False,,1,0.35294117647058826,12
geo,0.05,7,False,7104,False,39999,1.0,True,2,1,0.4117647058823529,12
geo,0.05,8,False,8100,False,39999,0.6,False,,1,0.5263157894736842,20
geo,0.05,8,False,8101,False,39999,0.8,False,,1,0.6842105263157895,20
geo,0.05,8,False,8102,False,39999,0.65,False,,1,0.2631578947368421,20
geo,0.05,8,False,8103,False,39999,1.0,True,2,1,0.5263157894736842,20
geo,0.05,8,False,8104,False,39999,0.5,False,,1,0.5263157894736842,20
geo,0.05,9,False,9100,False,39999,1.0,True,2,1,0.5714285714285714,25
geo,0.05,9,False,9101,False,39999,0.6,False,,1,0.6190476190476191,25
geo,0.05,9,False,9102,False,39999,0.6,False,,1,0.5714285714285714,25
geo,0.05,9,False,9103,False,39999,1.0,True,2,1,0.38095238095238093,25
geo,0.05,9,False,9104,False,39999,0.48,False,,1,0.5238095238095238,25
geo,0.05,10,False,10100,False,39999,0.48,False,,1,0.4,25
geo,0.05,10,False,10101,False,39999,0.52,False,,1,0.6,25
geo,0.05,10,False,10102,False,39999,0.84,False,,1,0.35,25
geo,0.05,10,False,10103,False,39999,0.56,False,,1,0.6,25
geo,0.05,10,False,10104,False,39999,0.52,False,,1,0.6,25
geo,0.05,11,False,11100,False,39999,0.5,False,,1,0.5555555555555556,14
geo,0.05,11,False,11101,False,39999,0.5714285714285714,False,,1,0.6111111111111112,14
geo,0.05,11,False,11102,False,39999,1.0,True,2,1,0.5555555555555556,14
geo,0.05,11,False,11103,False,39999,0.9285714285714286,False,,1,0.3333333333333333,14
geo,0.05,11,False,11104,False,39999,0.5714285714285714,False,,1,0.3888888888888889,14
geo,0.05,12,False,12100,False,39999,0.6190476190476191,False,,1,0.7777777777777778,21
geo,0.05,12,False,12101,False,39999,0.6190476190476191,False,,1,0.4444444444444444,21
geo,0.05,12,False,12102,False,39999,0.7142857142857143,False,,1,0.7222222222222222,21
geo,0.05,12,False,12103,False,39999,1.0,True,2,1,0.7222222222222222,21
geo,0.05,12,False,12104,False,39999,0.5238095238095238,False,,1,0.5,21
geo,0.05,13,False,13100,False,39999,0.6666666666666666,False,,1,0.35,24
geo,0.05,13,False,13101,False,39999,0.6666666666666666,False,,1,0.55,24
geo,0.05,13,False,13102,False,39999,0.75,False,,1,0.5,24
geo,0.05,13,False,13103,False,39999,0.9166666666666666,False,,1,0.45,24
geo,0.05,13,False,13104,False,39999,0.9166666666666666,False,,1,0.65,24
geo,0.05,14,False,14100,False,39999,0.8181818181818182,False,,1,0.35,22
geo,0.05,14,False,14101,False,39999,0.8181818181818182,False,,1,0.7,22
geo,0.05,14,False,14102,False,39999,0.5454545454545454,False,,1,0.6,22
geo,0.05,14,False,14103,False,39999,0.6363636363636364,False,,1,0.6,22
geo,0.05,14,False,14104,False,39999,0.5909090909090909,False,,1,0.65,22
geo,0.05,15,False,15100,False,39999,1.0,True,2,1,0.3333333333333333,11
geo,0.05,15,False,15101,False,39999,0.7272727272727273,False,,1,0.5333333333333333,11
geo,0.05,15,False,15102,False,39999,0.5454545454545454,False,,1,0.4666666666666667,11
geo,0.05,15,False,15103,False,39999,1.0,True,2,1,0.4,11
geo,0.05,15,False,15104,False,39999,1.0,True,2,1,0.4,11
geo,0.05,16,False,16100,False,39999,0.7368421052631579,False,,1,0.5263157894736842,19
geo,0.05,16,False,16101,False,39999,0.8947368421052632,False,,1,0.5789473684210527,19
geo,0.05,16,False,16102,False,39999,0.7368421052631579,False,,1,0.5263157894736842,19
geo,0.05,16,False,16103,False,39999,0.631578947368421,False,,1,0.47368421052631576,19
geo,0.05,16,False,16104,False,39999,0.8947368421052632,False,,1,0.47368421052631576,19
geo,0.05,17,False,17100,False,39999,0.5483870967741935,False,,1,0.4090909090909091,31
geo,0.05,17,False,17101,False,39999,0.5483870967741935,False,,1,0.5,31
geo,0.05,17,False,17102,False,39999,0.8064516129032258,False,,1,0.5909090909090909,31
geo,0.05,17,False,17103,False,39999,1.0,True,2,1,0.6818181818181818,31
geo,0.05,17,False,17104,False,39999,0.7096774193548387,False,,1,0.5454545454545454,31
geo,0.05,18,False,18100,False,39999,0.45161290322580644,False,,1,0.5652173913043478,31
geo,0.05,18,False,18101,False,39999,0.7741935483870968,False,,1,0.43478260869565216,31
geo,0.05,18,False,18102,False,39999,0.6129032258064516,False,,1,0.6086956521739131,31
geo,0.05,18,False,18103,False,39999,0.4838709677419355,False,,1,0.6956521739130435,31
geo,0.05,18,False,18104,False,39999,0.6774193548387096,False,,1,0.43478260869565216,31
geo,0.05,19,False,19100,False,39999,0.8125,False,,1,0.6666666666666666,16
geo,0.05,19,False,19101,False,39999,1.0,True,2,1,0.5555555555555556,16
geo,0.05,19,False,19102,False,39999,1.0,True,2,1,0.5,16
geo,0.05,19,False,19103,False,39999,0.9375,False,,1,0.6111111111111112,16
geo,0.05,19,False,19104,False,39999,0.9375,False,,1,0.3333333333333333,16
geo,0.05,20,False,20100,False,39999,0.8571428571428571,False,,1,0.23529411764705882,14
geo,0.05,20,False,20101,False,39999,0.6428571428571429,False,,1,0.23529411764705882,14
geo,0.05,20,False,20102,False,39999,0.8571428571428571,False,,1,0.7647058823529411,14
geo,0.05,20,False,20103,False,39999,1.0,True,2,1,0.4117647058823529,14
geo,0.05,20,False,20104,False,39999,0.7857142857142857,False,,1,0.6470588235294118,14
geo,0.05,21,False,21100,False,39999,0.55,False,,1,0.45,20
geo,0.05,21,False,21101,False,39999,1.0,True,2,1,0.45,20
geo,0.05,21,False,21102,False,39999,0.95,False,,1,0.6,20
geo,0.05,21,False,21103,False,39999,0.7,False,,1,0.35,20
geo,0.05,21,False,21104,False,39999,0.8,False,,1,0.55,20
geo,0.05,22,False,22100,False,39999,0.48,False,,1,0.5,25
geo,0.05,22,False,22101,False,39999,0.72,False,,1,0.5,25
geo,0.05,22,False,22102,False,39999,0.64,False,,1,0.35,25
geo,0.05,22,False,22103,False,39999,0.88,False,,1,0.6,25
geo,0.05,22,False,22104,False,39999,0.64,False,,1,0.55,25
geo,0.05,23,False,23100,False,39999,0.7857142857142857,False,,1,0.45454545454545453,28
geo,0.05,23,False,23101,False,39999,0.75,False,,1,0.36363636363636365,28
geo,0.05,23,False,23102,False,39999,0.7857142857142857,False,,1,0.5454545454545454,28
geo,0.05,23,False,23103,False,39999,0.7857142857142857,False,,1,0.5454545454545454,28
geo,0.05,23,False,23104,False,39999,1.0,True,2,1,0.45454545454545453,28
geo,0.05,24,False,24100,False,39999,0.6666666666666666,False,,1,0.5,12
geo,0.05,24,False,24101,False,39999,1.0,True,2,1,0.1875,12
geo,0.05,24,False,24102,False,39999,0.5833333333333334,False,,1,0.3125,12
geo,0.05,24,False,24103,False,39999,0.6666666666666666,False,,1,0.5,12
geo,0.05,24,False,24104,False,39999,1.0,True,2,1,0.5625,12
geo,0.05,25,False,25100,False,39999,0.8636363636363636,False,,1,0.45,22
geo,0.05,25,False,25101,False,39999,1.0,False,,1,0.4,22
geo,0.05,25,False,25102,False,39999,0.5909090909090909,False,,1,0.6,22
geo,0.05,25,False,25103,False,39999,0.5909090909090909,False,,1,0.5,22
geo,0.05,25,False,25104,False,39999,1.0,True,2,1,0.65,22
geo,0.05,26,False,26100,False,39999,0.7777777777777778,False,,1,0.45,18
geo,0.05,26,False,26101,False,39999,0.8888888888888888,False,,1,0.5,18
geo,0.05,26,False,26102,False,39999,0.6666666666666666,False,,1,0.35,18
geo,0.05,26,False,26103,False,39999,0.7222222222222222,False,,1,0.8,18
geo,0.05,26,False,26104,False,39999,0.7222222222222222,False,,1,0.45,18
geo,0.05,27,False,27100,False,39999,0.6875,False,,1,0.5,16
geo,0.05,27,False,27101,False,39999,1.0,True,2,1,0.5555555555555556,16
geo,0.05,27,False,27102,False,39999,1.0,True,2,1,0.5,16
geo,0.05,27,False,27103,False,39999,0.4375,False,,1,0.5555555555555556,16
geo,0.05,27,False,27104,False,39999,0.625,False,,1,0.7222222222222222,16
geo,0.05,28,False,28100,False,39999,0.8,False,,1,0.3125,10
geo,0.05,28,False,28101,False,39999,1.0,True,2,1,0.6875,10
geo,0.05,28,False,28102,False,39999,0.6,False,,1,0.4375,10
geo,0.05,28,False,28103,False,39999,0.8,False,,1,0.625,10
geo,0.05,28,False,28104,False,39999,0.7,False,,1,0.5,10
geo,0.05,29,False,29100,False,39999,0.7894736842105263,False,,1,0.3684210526315789,19
geo,0.05,29,False,29101,False,39999,0.42105263157894735,False,,1,0.42105263157894735,19
geo,0.05,29,False,29102,False,39999,1.0,True,2,1,0.21052631578947367,19
geo,0.05,29,False,29103,False,39999,0.5789473684210527,False,,1,0.5789473684210527,19
geo,0.05,29,False,29104,False,39999,0.631578947368421,False,,1,0.631578947368421,19
real,0.0,0,True,100,True,1050,1.0,True,2,1,0.64,40
real,0.0,0,True,101,True,2700,1.0,True,2,1,0.6,40
real,0.0,0,True,102,True,3100,1.0,True,2,1,0.56,40
real,0.0,0,True,103,True,1700,1.0,True,2,1,0.52,40
real,0.0,0,True,104,True,1050,1.0,True,2,1,0.56,40
real,0.0,1,True,1100,True,1950,1.0,True,2,1,0.56,40
real,0.0,1,True,1101,True,1350,1.0,True,2,1,0.52,40
real,0.0,1,True,1102,True,3300,1.0,True,2,1,0.52,40
real,0.0,1,True,1103,True,950,1.0,True,2,1,0.6,40
real,0.0,1,True,1104,True,1950,1.0,True,2,1,0.6,40
real,0.0,2,True,2100,True,1550,1.0,True,2,1,0.44,40
real,0.0,2,True,2101,True,1700,1.0,True,2,1,0.52,40
real,0.0,2,True,2102,True,2050,1.0,True,2,1,0.72,40
real,0.0,2,True,2103,True,7850,1.0,True,2,1,0.48,40
real,0.0,2,True,2104,True,1650,1.0,True,2,1,0.48,40
real,0.0,3,True,3100,True,900,1.0,True,2,1,0.64,40
real,0.0,3,True,3101,True,1250,1.0,True,2,1,0.44,40
real,0.0,3,True,3102,True,3400,1.0,True,2,1,0.48,40
real,0.0,3,True,3103,True,1400,1.0,True,2,1,0.32,40
real,0.0,3,True,3104,True,1150,1.0,True,2,1,0.6,40
real,0.0,4,True,4100,True,1650,1.0,True,2,1,0.6,40
real,0.0,4,True,4101,True,2800,1.0,True,2,1,0.56,40
real,0.0,4,True,4102,True,1200,1.0,True,2,1,0.6,40
real,0.0,4,True,4103,True,3000,1.0,True,2,1,0.28,40
real,0.0,4,True,4104,True,950,1.0,True,2,1,0.6,40
real,0.0,5,True,5100,True,1200,1.0,True,2,1,0.44,40
real,0.0,5,True,5101,True,2450,1.0,True,2,1,0.48,40
real,0.0,5,True,5102,True,2950,1.0,True,2,1,0.6,40
real,0.0,5,True,5103,True,1150,1.0,True,2,1,0.48,40
real,0.0,5,True,5104,True,2150,1.0,True,2,1,0.4,40
real,0.0,6,True,6100,True,1050,1.0,True,2,1,0.6,40
real,0.0,6,True,6101,True,900,1.0,True,2,1,0.72,40
real,0.0,6,True,6102,True,1250,1.0,True,2,1,0.32,40
real,0.0,6,True,6103,True,2100,1.0,True,2,1,0.44,40
real,0.0,6,True,6104,True,1750,1.0,True,2,1,0.48,40
real,0.0,7,True,7100,True,1500,1.0,True,2,1,0.48,40
real,0.0,7,True,7101,True,900,1.0,True,2,1,0.64,40
real,0.0,7,True,7102,True,2350,1.0,True,2,1,0.6,40
real,0.0,7,True,7103,True,1450,1.0,True,2,1,0.6,40
real,0.0,7,True,7104,True,1650,1.0,True,2,1,0.6,40
real,0.0,8,True,8100,True,1450,1.0,True,2,1,0.32,40
real,0.0,8,True,8101,True,2000,1.0,True,2,1,0.6,40
real,0.0,8,True,8102,True,1800,1.0,True,2,1,0.44,40
real,0.0,8,True,8103,True,1650,1.0,True,2,1,0.48,40
real,0.0,8,True,8104,True,2550,1.0,True,2,1,0.44,40
real,0.0,9,True,9100,True,1000,1.0,True,2,1,0.48,40
real,0.0,9,True,9101,True,1150,1.0,True,2,1,0.56,40
real,0.0,9,True,9102,True,1850,1.0,True,2,1,0.64,40
real,0.0,9,True,9103,True,2400,1.0,True,2,1,0.44,40
real,0.0,9,True,9104,True,900,1.0,True,2,1,0.6,40
real,0.0,10,True,10100,True,2350,1.0,True,2,1,0.44,40
real,0.0,10,True,10101,True,1450,1.0,True,2,1,0.6,40
real,0.0,10,True,10102,True,2550,1.0,True,2,1,0.56,40
real,0.0,10,True,10103,True,800,1.0,True,2,1,0.72,40
real,0.0,10,True,10104,True,1400,1.0,True,2,1,0.56,40
real,0.0,11,True,11100,True,1200,1.0,True,2,1,0.44,40
real,0.0,11,True,11101,True,1450,1.0,True,2,1,0.44,40
real,0.0,11,True,11102,True,1500,1.0,True,2,1,0.48,40
real,0.0,11,True,11103,True,1700,1.0,True,2,1,0.6,40
real,0.0,11,True,11104,True,2200,1.0,True,2,1,0.48,40
real,0.0,12,True,12100,True,1100,1.0,True,2,1,0.64,40
real,0.0,12,True,12101,True,2750,1.0,True,2,1,0.6,40
real,0.0,12,True,12102,True,1100,1.0,True,2,1,0.56,40
real,0.0,12,True,12103,True,1200,1.0,True,2,1,0.48,40
real,0.0,12,True,12104,True,1250,1.0,True,2,1,0.48,40
real,0.0,13,True,13100,True,1100,1.0,True,2,1,0.6,40
real,0.0,13,True,13101,True,1200,1.0,True,2,1,0.48,40
real,0.0,13,True,13102,True,1600,1.0,True,2,1,0.6,40
real,0.0,13,True,13103,True,2050,1.0,True,2,1,0.48,40
real,0.0,13,True,13104,True,1900,1.0,True,2,1,0.52,40
real,0.0,14,True,14100,True,1750,1.0,True,2,1,0.36,40
real,0.0,14,True,14101,True,2950,1.0,True,2,1,0.6,40
real,0.0,14,True,14102,True,1350,1.0,True,2,1,0.48,40
real,0.0,14,True,14103,True,2750,1.0,True,2,1,0.52,40
real,0.0,14,True,14104,True,1200,1.0,True,2,1,0.56,40
real,0.0,15,True,15100,True,1450,1.0,True,2,1,0.6,40
real,0.0,15,True,15101,True,1250,1.0,True,2,1,0.44,40
real,0.0,15,True,15102,True,2550,1.0,True,2,1,0.48,40
real,0.0,15,True,15103,True,3150,1.0,True,2,1,0.4,40
real,0.0,15,True,15104,True,1350,1.0,True,2,1,0.44,40
real,0.0,16,True,16100,True,1000,1.0,True,2,1,0.52,40
real,0.0,16,True,16101,True,1300,1.0,True,2,1,0.52,40
real,0.0,16,True,16102,True,950,1.0,True,2,1,0.72,40
real,0.0,16,True,16103,True,1250,1.0,True,2,1,0.64,40
real,0.0,16,True,16104,True,1700,1.0,True,2,1,0.52,40
real,0.0,17,True,17100,True,2650,1.0,True,2,1,0.44,40
real,0.0,17,True,17101,True,1600,1.0,True,2,1,0.6,40
real,0.0,17,True,17102,True,1800,1.0,True,2,1,0.56,40
real,0.0,17,True,17103,True,3900,1.0,True,2,1,0.56,40
real,0.0,17,True,17104,True,4250,1.0,True,2,1,0.28,40
real,0.0,18,True,18100,True,3000,1.0,True,2,1,0.56,40
real,0.0,18,True,18101,True,2300,1.0,True,2,1,0.4,40
real,0.0,18,True,18102,True,3450,1.0,True,2,1,0.52,40
real,0.0,18,True,18103,True,1900,1.0,True,2,1,0.64,40
real,0.0,18,True,18104,True,4250,1.0,True,2,1,0.52,40
real,0.0,19,True,19100,True,1850,1.0,True,2,1,0.44,40
real,0.0,19,True,19101,True,1050,1.0,True,2,1,0.44,40
real,0.0,19,True,19102,True,1400,1.0,True,2,1,0.64,40
real,0.0,19,True,19103,True,1050,1.0,True,2,1,0.56,40
real,0.0,19,True,19104,True,1650,1.0,True,2,1,0.52,40
real,0.0,20,True,20100,True,900,1.0,True,2,1,0.64,40
real,0.0,20,True,20101,True,1450,1.0,True,2,1,0.64,40
real,0.0,20,True,20102,True,1200,1.0,True,2,1,0.4,40
real,0.0,20,True,20103,True,1800,1.0,True,2,1,0.56,40
real,0.0,20,True,20104,True,1600,1.0,True,2,1,0.52,40
real,0.0,21,True,21100,True,1850,1.0,True,2,1,0.36,40
real,0.0,21,True,21101,True,1500,1.0,True,2,1,0.52,40
real,0.0,21,True,21102,True,1250,1.0,True,2,1,0.52,40
real,0.0,21,True,21103,True,3700,1.0,True,2,1,0.56,40
real,0.0,21,True,21104,True,1500,1.0,True,2,1,0.6,40
real,0.0,22,True,22100,True,1550,1.0,True,2,1,0.4,40
real,0.0,22,True,22101,True,1200,1.0,True,2,1,0.4,40
real,0.0,22,True,22102,True,1500,1.0,True,2,1,0.52,40
real,0.0,22,True,22103,True,1450,1.0,True,2,1,0.44,40
real,0.0,22,True,22104,True,1250,1.0,True,2,1,0.56,40
real,0.0,23,True,23100,True,2650,1.0,True,2,1,0.6,40
real,0.0,23,True,23101,True,1800,1.0,True,2,1,0.56,40
real,0.0,23,True,23102,True,3600,1.0,True,2,1,0.56,40
real,0.0,23,True,23103,True,1350,1.0,True,2,1,0.6,40
real,0.0,23,True,23104,True,950,1.0,True,2,1,0.6,40
real,0.0,24,True,24100,True,2850,1.0,True,2,1,0.6,40
real,0.0,24,True,24101,True,1250,1.0,True,2,1,0.48,40
real,0.0,24,True,24102,True,1100,1.0,True,2,1,0.52,40
real,0.0,24,True,24103,True,1700,1.0,True,2,1,0.48,40
real,0.0,24,True,24104,True,3100,1.0,True,2,1,0.56,40
real,0.0,25,True,25100,True,1400,1.0,True,2,1,0.4,40
real,0.0,25,True,25101,True,2100,1.0,True,2,1,0.6,40
real,0.0,25,True,25102,True,950,1.0,True,2,1,0.56,40
real,0.0,25,True,25103,True,3150,1.0,True,2,1,0.48,40
real,0.0,25,True,25104,True,2200,1.0,True,2,1,0.6,40
real,0.0,26,True,26100,True,3700,1.0,True,2,1,0.52,40
real,0.0,26,True,26101,True,1050,1.0,True,2,1,0.56,40
real,0.0,26,True,26102,True,2450,1.0,True,2,1,0.56,40
real,0.0,26,True,26103,True,1100,1.0,True,2,1,0.6,40
real,0.0,26,True,26104,True,1450,1.0,True,2,1,0.52,40
real,0.0,27,True,27100,True,4100,1.0,True,2,1,0.44,40
real,0.0,27,True,27101,True,1100,1.0,True,2,1,0.56,40
real,0.0,27,True,27102,True,2850,1.0,True,2,1,0.56,40
real,0.0,27,True,27103,True,1100,1.0,True,2,1,0.56,40
real,0.0,27,True,27104,True,2550,1.0,True,2,1,0.48,40
real,0.0,28,True,28100,True,1450,1.0,True,2,1,0.4,40
real,0.0,28,True,28101,True,1350,1.0,True,2,1,0.6,40
real,0.0,28,True,28102,True,1350,1.0,True,2,1,0.44,40
real,0.0,28,True,28103,True,1550,1.0,True,2,1,0.44,40
real,0.0,28,True,28104,True,4750,1.0,True,2,1,0.56,40
real,0.0,29,True,29100,True,1850,1.0,True,2,1,0.56,40
real,0.0,29,True,29101,True,4400,1.0,True,2,1,0.48,40
real,0.0,29,True,29102,True,4450,1.0,True,2,1,0.48,40
real,0.0,29,True,29103,True,1050,1.0,True,2,1,0.44,40
real,0.0,29,True,29104,True,950,1.0,True,2,1,0.72,40
real,0.002,0,True,100,True,2250,1.0,True,2,1,0.4,40
real,0.002,0,True,101,True,3300,1.0,True,2,1,0.6,40
real,0.002,0,True,102,True,3100,1.0,True,2,1,0.56,40
real,0.002,0,True,103,True,9550,1.0,True,2,1,0.56,40
real,0.002,0,True,104,True,3700,1.0,True,2,1,0.28,40
real,0.002,1,True,1100,True,1800,1.0,True,2,1,0.56,40
real,0.002,1,True,1101,True,1350,1.0,True,2,1,0.52,40
real,0.002,1,True,1102,True,6000,1.0,True,2,1,0.44,40
real,0.002,1,True,1103,True,1350,1.0,True,2,1,0.56,40
real,0.002,1,True,1104,True,3200,1.0,True,2,1,0.4,40
real,0.002,2,True,2100,True,3050,1.0,True,2,1,0.32,40
real,0.002,2,True,2101,True,2950,1.0,True,2,1,0.6,40
real,0.002,2,True,2102,True,2050,1.0,True,2,1,0.72,40
real,0.002,2,True,2103,True,2400,1.0,True,2,1,0.4,40
real,0.002,2,True,2104,True,2700,1.0,True,2,1,0.44,40
real,0.002,3,True,3100,True,1000,1.0,True,2,1,0.64,40
real,0.002,3,True,3101,True,1250,1.0,True,2,1,0.44,40
real,0.002,3,True,3102,True,1850,1.0,True,2,1,0.4,40
real,0.002,3,True,3103,True,1400,1.0,True,2,1,0.32,40
real,0.002,3,True,3104,True,6400,1.0,True,2,1,0.44,40
real,0.002,4,True,4100,True,1650,1.0,True,2,1,0.6,40
real,0.002,4,True,4101,True,2300,1.0,True,2,1,0.6,40
real,0.002,4,True,4102,True,6500,1.0,True,2,1,0.64,40
real,0.002,4,True,4103,True,3000,1.0,True,2,1,0.28,40
real,0.002,4,True,4104,True,950,1.0,True,2,1,0.6,40
real,0.002,5,True,5100,True,1200,1.0,True,2,1,0.44,40
real,0.002,5,True,5101,True,3150,1.0,True,2,1,0.56,40
real,0.002,5,True,5102,True,2950,1.0,True,2,1,0.64,40
real,0.002,5,True,5103,True,1200,1.0,True,2,1,0.48,40
real,0.002,5,True,5104,True,1150,1.0,True,2,1,0.6,40
real,0.002,6,True,6100,True,1600,1.0,True,2,1,0.6,40
real,0.002,6,True,6101,True,2750,1.0,True,2,1,0.44,40
real,0.002,6,True,6102,True,2550,1.0,True,2,1,0.44,40
real,0.002,6,True,6103,True,4550,1.0,True,2,1,0.52,40
real,0.002,6,True,6104,True,2650,1.0,True,2,1,0.6,40
real,0.002,7,True,7100,True,1850,1.0,True,2,1,0.28,40
real,0.002,7,True,7101,True,3650,1.0,True,2,1,0.6,40
real,0.002,7,True,7102,True,2900,1.0,True,2,1,0.44,40
real,0.002,7,True,7103,True,1450,1.0,True,2,1,0.6,40
real,0.002,7,True,7104,True,3500,1.0,True,2,1,0.52,40
real,0.002,8,True,8100,True,3550,1.0,True,2,1,0.52,40
real,0.002,8,True,8101,True,2000,1.0,True,2,1,0.6,40
real,0.002,8,True,8102,True,1800,1.0,True,2,1,0.44,40
real,0.002,8,True,8103,True,5950,1.0,True,2,1,0.48,40
real,0.002,8,True,8104,True,10600,1.0,True,2,1,0.4,40
real,0.002,9,True,9100,True,1000,1.0,True,2,1,0.48,40
real,0.002,9,True,9101,True,1700,1.0,True,2,1,0.64,40
real,0.002,9,True,9102,True,3050,1.0,True,2,1,0.44,40
real,0.002,9,True,9103,True,2550,1.0,True,2,1,0.44,40
real,0.002,9,True,9104,True,900,1.0,True,2,1,0.6,40
real,0.002,10,True,10100,True,4450,1.0,True,2,1,0.6,40
real,0.002,10,True,10101,True,1800,1.0,True,2,1,0.6,40
real,0.002,10,True,10102,True,9100,1.0,True,2,1,0.6,40
real,0.002,10,True,10103,True,2300,1.0,True,2,1,0.6,40
real,0.002,10,True,10104,True,2200,1.0,True,2,1,0.64,40
real,0.002,11,True,11100,True,4500,1.0,True,2,1,0.56,40
real,0.002,11,True,11101,True,1450,1.0,True,2,1,0.44,40
real,0.002,11,True,11102,True,1800,1.0,True,2,1,0.48,40
real,0.002,11,True,11103,True,1850,1.0,True,2,1,0.28,40
real,0.002,11,True,11104,True,2200,1.0,True,2,1,0.48,40
real,0.002,12,True,12100,True,1100,1.0,True,2,1,0.64,40
real,0.002,12,True,12101,True,4700,1.0,True,2,1,0.48,40
real,0.002,12,True,12102,True,1100,1.0,True,2,1,0.56,40
real,0.002,12,True,12103,True,1650,1.0,True,2,1,0.48,40
real,0.002,12,True,12104,True,1250,1.0,True,2,1,0.48,40
real,0.002,13,True,13100,True,1400,1.0,True,2,1,0.44,40
real,0.002,13,True,13101,True,1150,1.0,True,2,1,0.48,40
real,0.002,13,True,13102,True,1600,1.0,True,2,1,0.6,40
real,0.002,13,True,13103,True,2050,1.0,True,2,1,0.48,40
real,0.002,13,True,13104,True,1900,1.0,True,2,1,0.52,40
real,0.002,14,True,14100,True,1400,1.0,True,2,1,0.4,40
real,0.002,14,True,14101,True,1850,1.0,True,2,1,0.44,40
real,0.002,14,True,14102,True,1350,1.0,True,2,1,0.48,40
real,0.002,14,True,14103,True,4100,1.0,True,2,1,0.56,40
real,0.002,14,True,14104,True,1200,1.0,True,2,1,0.56,40
real,0.002,15,True,15100,True,1450,1.0,True,2,1,0.6,40
real,0.002,15,True,15101,True,3650,1.0,True,2,1,0.64,40
real,0.002,15,True,15102,True,2550,1.0,True,2,1,0.48,40
real,0.002,15,True,15103,True,1750,1.0,True,2,1,0.28,40
real,0.002,15,True,15104,True,6350,1.0,True,2,1,0.56,40
real,0.002,16,True,16100,True,1000,1.0,True,2,1,0.52,40
real,0.002,16,True,16101,True,1300,1.0,True,2,1,0.52,40
real,0.002,16,True,16102,True,950,1.0,True,2,1,0.72,40
real,0.002,16,True,16103,True,3800,1.0,True,2,1,0.56,40
real,0.002,16,True,16104,True,3350,1.0,True,2,1,0.48,40
real,0.002,17,True,17100,True,2600,1.0,True,2,1,0.44,40
real,0.002,17,True,17101,True,2350,1.0,True,2,1,0.6,40
real,0.002,17,True,17102,True,1300,1.0,True,2,1,0.56,40
real,0.002,17,True,17103,True,6450,1.0,True,2,1,0.56,40
real,0.002,17,True,17104,True,4250,1.0,True,2,1,0.28,40
real,0.002,18,True,18100,True,3800,1.0,True,2,1,0.4,40
real,0.002,18,True,18101,True,3150,1.0,True,2,1,0.52,40
real,0.002,18,True,18102,True,2000,1.0,True,2,1,0.64,40
real,0.002,18,True,18103,True,6550,1.0,True,2,1,0.52,40
real,0.002,18,True,18104,True,4300,1.0,True,2,1,0.52,40
real,0.002,19,True,19100,True,1800,1.0,True,2,1,0.64,40
real,0.002,19,True,19101,True,4150,1.0,True,2,1,0.6,40
real,0.002,19,True,19102,True,1400,1.0,True,2,1,0.64,40
real,0.002,19,True,19103,True,1050,1.0,True,2,1,0.56,40
real,0.002,19,True,19104,True,3800,1.0,True,2,1,0.56,40
real,0.002,20,True,20100,True,900,1.0,True,2,1,0.64,40
real,0.002,20,True,20101,True,2000,1.0,True,2,1,0.64,40
real,0.002,20,True,20102,True,1200,1.0,True,2,1,0.4,40
real,0.002,20,True,20103,True,1800,1.0,True,2,1,0.56,40
real,0.002,20,True,20104,True,1600,1.0,True,2,1,0.52,40
real,0.002,21,True,21100,True,1850,1.0,True,2,1,0.36,40
real,0.002,21,True,21101,True,1500,1.0,True,2,1,0.52,40
real,0.002,21,True,21102,True,1250,1.0,True,2,1,0.52,40
real,0.002,21,True,21103,True,5700,1.0,True,2,1,0.44,40
real,0.002,21,True,21104,True,2550,1.0,True,2,1,0.44,40
real,0.002,22,True,22100,True,1550,1.0,True,2,1,0.4,40
real,0.002,22,True,22101,True,1200,1.0,True,2,1,0.4,40
real,0.002,22,True,22102,True,2100,1.0,True,2,1,0.48,40
real,0.002,22,True,22103,True,1450,1.0,True,2,1,0.44,40
real,0.002,22,True,22104,True,2200,1.0,True,2,1,0.44,40
real,0.002,23,True,23100,True,2650,1.0,True,2,1,0.6,40
real,0.002,23,True,23101,True,4550,1.0,True,2,1,0.4,40
real,0.002,23,True,23102,True,2250,1.0,True,1,1,0.48,40
real,0.002,23,True,23103,True,2450,1.0,True,2,1,0.32,40
real,0.002,23,True,23104,True,950,1.0,True,2,1,0.6,40
real,0.002,24,True,24100,True,2850,1.0,True,2,1,0.6,40
real,0.002,24,True,24101,True,3850,1.0,True,2,1,0.48,40
real,0.002,24,True,24102,True,1100,1.0,True,2,1,0.52,40
real,0.002,24,True,24103,True,7050,1.0,True,2,1,0.44,40
real,0.002,24,True,24104,True,2600,1.0,True,2,1,0.6,40
real,0.002,25,True,25100,True,15000,1.0,True,2,1,0.64,40
real,0.002,25,True,25101,True,3050,1.0,True,2,1,0.44,40
real,0.002,25,True,25102,True,2950,1.0,True,2,1,0.56,40
real,0.002,25,True,25103,True,3100,1.0,True,2,1,0.4,40
real,0.002,25,True,25104,True,1800,1.0,True,2,1,0.56,40
real,0.002,26,True,26100,True,8000,1.0,True,2,1,0.4,40
real,0.002,26,True,26101,True,1050,1.0,True,2,1,0.56,40
real,0.002,26,True,26102,True,2750,1.0,True,2,1,0.56,40
real,0.002,26,True,26103,True,1400,1.0,True,2,1,0.6,40
real,0.002,26,True,26104,True,4950,1.0,True,2,1,0.28,40
real,0.002,27,True,27100,True,1800,1.0,True,2,1,0.6,40
real,0.002,27,True,27101,True,1400,1.0,True,2,1,0.44,40
real,0.002,27,True,27102,True,6350,1.0,True,2,1,0.52,40
real,0.002,27,True,27103,True,1900,1.0,True,2,1,0.56,40
real,0.002,27,True,27104,True,2650,1.0,True,2,1,0.68,40
real,0.002,28,True,28100,True,4800,1.0,True,2,1,0.56,40
real,0.002,28,True,28101,True,1350,1.0,True,2,1,0.6,40
real,0.002,28,True,28102,True,1650,1.0,True,2,1,0.4,40
real,0.002,28,True,28103,True,1550,1.0,True,2,1,0.44,40
real,0.002,28,True,28104,True,1850,1.0,True,2,1,0.56,40
real,0.002,29,True,29100,True,3100,1.0,True,2,1,0.6,40
real,0.002,29,True,29101,True,4700,1.0,True,2,1,0.52,40
real,0.002,29,True,29102,True,2100,1.0,True,2,1,0.64,40
real,0.002,29,True,29103,True,1050,1.0,True,2,1,0.44,40
real,0.002,29,True,29104,True,950,1.0,True,2,1,0.72,40
real,0.005,0,True,100,True,26250,1.0,True,2,1,0.56,40
real,0.005,0,True,101,True,3450,1.0,True,2,1,0.56,40
real,0.005,0,True,102,True,5400,1.0,True,2,1,0.48,40
real,0.005,0,True,103,True,5000,1.0,True,2,1,0.32,40
real,0.005,0,True,104,True,5400,1.0,True,2,1,0.6,40
real,0.005,1,True,1100,True,6900,1.0,True,2,1,0.44,40
real,0.005,1,True,1101,True,8950,1.0,True,2,1,0.48,40
real,0.005,1,True,1102,True,4300,1.0,True,2,1,0.44,40
real,0.005,1,True,1103,True,1350,1.0,True,2,1,0.56,40
real,0.005,1,True,1104,True,1800,1.0,True,2,1,0.56,40
real,0.005,2,True,2100,True,8150,1.0,True,2,1,0.48,40
real,0.005,2,True,2101,True,2950,1.0,True,2,1,0.6,40
real,0.005,2,True,2102,True,12500,1.0,True,2,1,0.44,40
real,0.005,2,True,2103,True,5850,1.0,True,2,1,0.4,40
real,0.005,2,True,2104,True,2700,1.0,True,2,1,0.44,40
real,0.005,3,True,3100,True,9950,1.0,True,2,1,0.6,40
real,0.005,3,True,3101,True,8300,1.0,True,2,1,0.56,40
real,0.005,3,True,3102,True,2950,1.0,True,2,1,0.6,40
real,0.005,3,True,3103,True,1400,1.0,True,2,1,0.32,40
real,0.005,3,True,3104,True,4050,1.0,True,2,1,0.6,40
real,0.005,4,True,4100,True,3000,1.0,True,2,1,0.6,40
real,0.005,4,True,4101,True,2350,1.0,True,2,1,0.44,40
real,0.005,4,True,4102,True,6250,1.0,True,2,1,0.4,40
real,0.005,4,True,4103,True,4350,1.0,True,2,1,0.4,40
real,0.005,4,True,4104,True,950,1.0,True,2,1,0.6,40
real,0.005,5,True,5100,True,1250,1.0,True,2,1,0.44,40
real,0.005,5,True,5101,True,6350,1.0,True,2,1,0.44,40
real,0.005,5,True,5102,True,6450,1.0,True,2,1,0.36,40
real,0.005,5,True,5103,True,12450,1.0,True,2,1,0.56,40
real,0.005,5,True,5104,True,3400,1.0,True,2,1,0.48,40
real,0.005,6,True,6100,True,5400,1.0,True,2,1,0.28,40
real,0.005,6,True,6101,True,2750,1.0,True,2,1,0.56,40
real,0.005,6,True,6102,True,3150,1.0,True,2,1,0.48,40
real,0.005,6,True,6103,True,7850,1.0,True,2,1,0.48,40
real,0.005,6,True,6104,True,3550,1.0,True,2,1,0.6,40
real,0.005,7,True,7100,True,1850,1.0,True,2,1,0.28,40
real,0.005,7,True,7101,True,4000,1.0,True,2,1,0.6,40
real,0.005,7,True,7102,True,5550,1.0,True,2,1,0.44,40
real,0.005,7,True,7103,True,1450,1.0,True,2,1,0.6,40
real,0.005,7,True,7104,True,3500,1.0,True,2,1,0.4,40
real,0.005,8,True,8100,True,2800,1.0,True,2,1,0.32,40
real,0.005,8,True,8101,True,2000,1.0,True,2,1,0.6,40
real,0.005,8,True,8102,True,5250,1.0,True,2,1,0.44,40
real,0.005,8,True,8103,True,2450,1.0,True,2,1,0.6,40
real,0.005,8,True,8104,True,1850,1.0,True,2,1,0.44,40
real,0.005,9,True,9100,True,8050,1.0,True,2,1,0.44,40
real,0.005,9,True,9101,True,1700,1.0,True,2,1,0.64,40
real,0.005,9,True,9102,True,9100,1.0,True,2,1,0.4,40
real,0.005,9,True,9103,True,14350,1.0,True,2,1,0.48,40
real,0.005,9,True,9104,True,1600,1.0,True,2,1,0.6,40
real,0.005,10,True,10100,True,10000,1.0,True,2,1,0.52,40
real,0.005,10,True,10101,True,2550,1.0,True,2,1,0.56,40
real,0.005,10,True,10102,True,3500,1.0,True,2,1,0.52,40
real,0.005,10,True,10103,True,7900,1.0,True,2,1,0.28,40
real,0.005,10,True,10104,True,5000,1.0,True,2,1,0.6,40
real,0.005,11,True,11100,True,5250,1.0,True,2,1,0.44,40
real,0.005,11,True,11101,True,4450,1.0,True,2,1,0.52,40
real,0.005,11,True,11102,True,2800,1.0,True,2,1,0.28,40
real,0.005,11,True,11103,True,4500,1.0,True,2,1,0.44,40
real,0.005,11,True,11104,True,4750,1.0,True,2,1,0.36,40
real,0.005,12,True,12100,True,5400,1.0,True,2,1,0.56,40
real,0.005,12,True,12101,True,8200,1.0,True,2,1,0.56,40
real,0.005,12,True,12102,True,4250,1.0,True,2,1,0.44,40
real,0.005,12,True,12103,True,1650,1.0,True,2,1,0.48,40
real,0.005,12,True,12104,True,1250,1.0,True,2,1,0.48,40
real,0.005,13,True,13100,True,2150,1.0,True,2,1,0.48,40
real,0.005,13,True,13101,True,8000,1.0,True,2,1,0.28,40
real,0.005,13,True,13102,True,5650,1.0,True,2,1,0.44,40
real,0.005,13,True,13103,True,5300,1.0,True,2,1,0.56,40
real,0.005,13,True,13104,True,1550,1.0,True,2,1,0.6,40
real,0.005,14,True,14100,True,1400,1.0,True,2,1,0.4,40
real,0.005,14,True,14101,True,7350,1.0,True,2,1,0.6,40
real,0.005,14,True,14102,True,1350,1.0,True,2,1,0.48,40
real,0.005,14,True,14103,True,4100,1.0,True,2,1,0.56,40
real,0.005,14,True,14104,True,1200,1.0,True,2,1,0.56,40
real,0.005,15,True,15100,True,3350,1.0,True,2,1,0.4,40
real,0.005,15,True,15101,True,2200,1.0,True,2,1,0.52,40
real,0.005,15,True,15102,True,3900,1.0,True,2,1,0.36,40
real,0.005,15,True,15103,True,4250,1.0,True,2,1,0.44,40
real,0.005,15,True,15104,True,1650,1.0,True,2,1,0.44,40
real,0.005,16,True,16100,True,1000,1.0,True,2,1,0.52,40
real,0.005,16,True,16101,True,3650,1.0,True,2,1,0.28,40
real,0.005,16,True,16102,True,4000,1.0,True,2,1,0.44,40
real,0.005,16,True,16103,True,3750,1.0,True,2,1,0.56,40
real,0.005,16,True,16104,True,3650,1.0,True,2,1,0.56,40
real,0.005,17,True,17100,True,5500,1.0,True,2,1,0.44,40
real,0.005,17,True,17101,True,10900,1.0,True,2,1,0.64,40
real,0.005,17,True,17102,True,1300,1.0,True,2,1,0.56,40
real,0.005,17,True,17103,True,6700,1.0,True,2,1,0.44,40
real,0.005,17,True,17104,True,15300,1.0,True,2,1,0.4,40
real,0.005,18,True,18100,True,19550,1.0,True,2,1,0.6,40
real,0.005,18,True,18101,True,7550,1.0,True,2,1,0.56,40
real,0.005,18,True,18102,True,10550,1.0,True,2,1,0.48,40
real,0.005,18,True,18103,True,3750,1.0,True,2,1,0.56,40
real,0.005,18,True,18104,True,4600,1.0,True,2,1,0.32,40
real,0.005,19,True,19100,True,4550,1.0,True,2,1,0.48,40
real,0.005,19,True,19101,True,4800,1.0,True,2,1,0.6,40
real,0.005,19,True,19102,True,1400,1.0,True,2,1,0.48,40
real,0.005,19,True,19103,True,1050,1.0,True,2,1,0.56,40
real,0.005,19,True,19104,True,6550,1.0,True,2,1,0.48,40
real,0.005,20,True,20100,True,2150,1.0,True,2,1,0.64,40
real,0.005,20,True,20101,True,4400,1.0,True,2,1,0.4,40
real,0.005,20,True,20102,True,1350,1.0,True,2,1,0.4,40
real,0.005,20,True,20103,True,3900,1.0,True,2,1,0.52,40
real,0.005,20,True,20104,True,2550,1.0,True,2,1,0.44,40
real,0.005,21,True,21100,True,2950,1.0,True,2,1,0.56,40
real,0.005,21,True,21101,True,14850,1.0,True,2,1,0.56,40
real,0.005,21,True,21102,True,2000,1.0,True,2,1,0.52,40
real,0.005,21,True,21103,True,1450,1.0,True,1,1,0.48,40
real,0.005,21,True,21104,True,3150,1.0,True,2,1,0.44,40
real,0.005,22,True,22100,True,1800,1.0,True,2,1,0.6,40
real,0.005,22,True,22101,True,4800,1.0,True,2,1,0.44,40
real,0.005,22,True,22102,True,5450,1.0,True,2,1,0.48,40
real,0.005,22,True,22103,True,3950,1.0,True,2,1,0.48,40
real,0.005,22,True,22104,True,5550,1.0,True,2,1,0.32,40
real,0.005,23,True,23100,True,1800,1.0,True,2,1,0.64,40
real,0.005,23,True,23101,True,4550,1.0,True,2,1,0.56,40
real,0.005,23,True,23102,True,4600,1.0,True,2,1,0.56,40
real,0.005,23,True,23103,True,1000,1.0,True,2,1,0.6,40
real,0.005,23,True,23104,True,950,1.0,True,2,1,0.6,40
real,0.005,24,True,24100,True,3050,1.0,True,2,1,0.44,40
real,0.005,24,True,24101,True,18550,1.0,True,2,1,0.4,40
real,0.005,24,True,24102,True,3900,1.0,True,2,1,0.56,40
real,0.005,24,True,24103,True,1800,1.0,True,2,1,0.56,40
real,0.005,24,True,24104,True,2800,1.0,True,2,1,0.52,40
real,0.005,25,True,25100,True,5700,1.0,True,2,1,0.52,40
real,0.005,25,True,25101,True,5100,1.0,True,2,1,0.48,40
real,0.005,25,True,25102,True,11750,1.0,True,2,1,0.56,40
real,0.005,25,True,25103,True,1450,1.0,True,2,1,0.6,40
real,0.005,25,True,25104,True,1800,1.0,True,2,1,0.56,40
real,0.005,26,True,26100,True,19400,1.0,True,2,1,0.48,40
real,0.005,26,True,26101,True,1450,1.0,True,2,1,0.56,40
real,0.005,26,True,26102,True,1350,1.0,True,2,1,0.4,40
real,0.005,26,True,26103,True,8450,1.0,True,2,1,0.52,40
real,0.005,26,True,26104,True,3650,1.0,True,2,1,0.44,40
real,0.005,27,True,27100,True,1800,1.0,True,2,1,0.6,40
real,0.005,27,True,27101,True,2400,1.0,True,2,1,0.6,40
real,0.005,27,True,27102,True,3050,1.0,True,2,1,0.48,40
real,0.005,27,True,27103,True,3700,1.0,True,2,1,0.6,40
real,0.005,27,True,27104,True,4500,1.0,True,2,1,0.6,40
real,0.005,28,True,28100,True,8250,1.0,True,2,1,0.56,40
real,0.005,28,True,28101,True,1350,1.0,True,2,1,0.6,40
real,0.005,28,True,28102,True,1400,1.0,True,2,1,0.28,40
real,0.005,28,True,28103,True,1550,1.0,True,2,1,0.44,40
real,0.005,28,True,28104,True,1850,1.0,True,2,1,0.56,40
real,0.005,29,True,29100,True,6250,1.0,True,2,1,0.6,40
real,0.005,29,True,29101,True,4200,1.0,True,2,1,0.52,40
real,0.005,29,True,29102,True,4600,1.0,True,2,1,0.6,40
real,0.005,29,True,29103,True,8650,1.0,True,2,1,0.48,40
real,0.005,29,True,29104,True,7750,1.0,True,2,1,0.72,40
real,0.01,0,True,100,True,20550,1.0,True,2,1,0.6,40
real,0.01,0,True,101,False,39999,1.0,True,2,1,0.32,40
real,0.01,0,True,102,True,7650,1.0,True,2,1,0.32,40
real,0.01,0,True,103,True,18450,1.0,True,2,1,0.6,40
real,0.01,0,True,104,True,12800,1.0,True,2,1,0.4,40
real,0.01,1,True,1100,True,28950,1.0,True,2,1,0.28,40
real,0.01,1,True,1101,True,13450,1.0,True,2,1,0.56,40
real,0.01,1,True,1102,True,4100,1.0,True,1,1,0.48,40
real,0.01,1,True,1103,True,1300,1.0,True,2,1,0.56,40
real,0.01,1,True,1104,True,17250,1.0,True,2,1,0.28,40
real,0.01,2,True,2100,True,3950,1.0,True,2,1,0.4,40
real,0.01,2,True,2101,True,19100,1.0,True,2,1,0.56,40
real,0.01,2,True,2102,True,17200,1.0,True,2,1,0.4,40
real,0.01,2,True,2103,True,2450,1.0,True,2,1,0.6,40
real,0.01,2,True,2104,True,4500,1.0,True,2,1,0.52,40
real,0.01,3,True,3100,True,2400,1.0,True,2,1,0.56,40
real,0.01,3,True,3101,True,4450,1.0,True,2,1,0.32,40
real,0.01,3,True,3102,True,3050,1.0,True,2,1,0.48,40
real,0.01,3,True,3103,True,1450,1.0,True,2,1,0.56,40
real,0.01,3,True,3104,True,3350,1.0,True,2,1,0.56,40
real,0.01,4,True,4100,True,2800,1.0,True,2,1,0.56,40
real,0.01,4,True,4101,True,3000,1.0,True,2,1,0.6,40
real,0.01,4,True,4102,True,35600,1.0,True,2,1,0.64,40
real,0.01,4,True,4103,True,11450,1.0,True,2,1,0.44,40
real,0.01,4,True,4104,True,950,1.0,True,2,1,0.6,40
real,0.01,5,True,5100,True,9800,1.0,True,2,1,0.44,40
real,0.01,5,True,5101,True,32200,1.0,True,2,1,0.56,40
real,0.01,5,True,5102,True,32650,1.0,True,2,1,0.56,40
real,0.01,5,True,5103,True,11850,1.0,True,2,1,0.48,40
real,0.01,5,True,5104,True,9250,1.0,True,2,1,0.48,40
real,0.01,6,True,6100,True,10450,1.0,True,2,1,0.6,40
real,0.01,6,True,6101,True,13000,1.0,True,2,1,0.52,40
real,0.01,6,True,6102,True,10000,1.0,True,2,1,0.44,40
real,0.01,6,True,6103,True,23750,1.0,True,2,1,0.4,40
real,0.01,6,True,6104,True,29200,1.0,True,2,1,0.48,40
real,0.01,7,True,7100,True,17450,1.0,True,2,1,0.36,40
real,0.01,7,True,7101,True,5650,1.0,True,2,1,0.52,40
real,0.01,7,True,7102,True,1450,1.0,True,2,1,0.6,40
real,0.01,7,True,7103,False,39999,1.0,True,2,1,0.32,40
real,0.01,7,True,7104,True,3550,1.0,True,2,1,0.36,40
real,0.01,8,True,8100,False,39999,0.875,False,,1,0.4,40
real,0.01,8,True,8101,True,13200,1.0,True,2,1,0.44,40
real,0.01,8,True,8102,True,5250,1.0,True,2,1,0.44,40
real,0.01,8,True,8103,True,8800,1.0,True,2,1,0.48,40
real,0.01,8,True,8104,True,1850,1.0,True,2,1,0.44,40
real,0.01,9,True,9100,True,8200,1.0,True,2,1,0.56,40
real,0.01,9,True,9101,True,1650,1.0,True,2,1,0.56,40
real,0.01,9,True,9102,False,39999,0.625,False,,1,0.52,40
real,0.01,9,True,9103,True,25150,1.0,True,2,1,0.6,40
real,0.01,9,True,9104,True,5800,1.0,True,2,1,0.56,40
real,0.01,10,True,10100,True,5250,1.0,True,2,1,0.6,40
real,0.01,10,True,10101,True,7600,1.0,True,2,1,0.6,40
real,0.01,10,True,10102,True,4800,1.0,True,2,1,0.6,40
real,0.01,10,True,10103,True,16450,1.0,True,2,1,0.48,40
real,0.01,10,True,10104,True,4550,1.0,True,2,1,0.28,40
real,0.01,11,True,11100,True,7250,1.0,True,2,1,0.56,40
real,0.01,11,True,11101,True,10750,1.0,True,2,1,0.48,40
real,0.01,11,True,11102,True,16150,1.0,True,2,1,0.64,40
real,0.01,11,True,11103,True,20350,1.0,True,2,1,0.56,40
real,0.01,11,True,11104,True,5950,1.0,True,2,1,0.36,40
real,0.01,12,True,12100,True,2850,1.0,True,2,1,0.32,40
real,0.01,12,True,12101,True,11450,1.0,True,2,1,0.64,40
real,0.01,12,True,12102,True,2050,1.0,True,2,1,0.72,40
real,0.01,12,True,12103,True,10400,1.0,True,2,1,0.4,40
real,0.01,12,True,12104,True,39650,1.0,True,2,1,0.56,40
real,0.01,13,True,13100,True,1550,1.0,True,2,1,0.48,40
real,0.01,13,True,13101,True,1500,1.0,True,2,1,0.52,40
real,0.01,13,True,13102,True,30500,1.0,True,2,1,0.6,40
real,0.01,13,True,13103,True,7400,1.0,True,2,1,0.68,40
real,0.01,13,True,13104,True,12300,1.0,True,2,1,0.52,40
real,0.01,14,True,14100,True,11400,1.0,True,2,1,0.44,40
real,0.01,14,True,14101,True,7000,1.0,True,2,1,0.32,40
real,0.01,14,True,14102,True,2050,1.0,True,2,1,0.48,40
real,0.01,14,True,14103,True,1250,1.0,True,2,1,0.6,40
real,0.01,14,True,14104,True,5350,1.0,True,2,1,0.56,40
real,0.01,15,True,15100,True,4100,1.0,True,2,1,0.56,40
real,0.01,15,True,15101,True,12000,1.0,True,2,1,0.44,40
real,0.01,15,True,15102,True,10850,1.0,True,2,1,0.44,40
real,0.01,15,True,15103,True,5750,1.0,True,2,1,0.4,40
real,0.01,15,True,15104,True,8850,1.0,True,2,1,0.6,40
real,0.01,16,True,16100,True,1000,1.0,True,2,1,0.52,40
real,0.01,16,True,16101,True,17150,1.0,True,2,1,0.6,40
real,0.01,16,True,16102,True,9550,1.0,True,2,1,0.6,40
real,0.01,16,True,16103,True,3750,1.0,True,2,1,0.48,40
real,0.01,16,True,16104,True,17050,1.0,True,2,1,0.32,40
real,0.01,17,True,17100,True,8750,1.0,True,2,1,0.56,40
real,0.01,17,True,17101,True,28950,1.0,True,2,1,0.44,40
real,0.01,17,True,17102,True,33650,1.0,True,2,1,0.6,40
real,0.01,17,True,17103,True,7400,1.0,True,2,1,0.6,40
real,0.01,17,True,17104,True,1250,1.0,True,2,1,0.6,40
real,0.01,18,True,18100,True,10700,1.0,True,2,1,0.56,40
real,0.01,18,True,18101,True,3700,1.0,True,2,1,0.52,40
real,0.01,18,True,18102,True,3400,1.0,True,2,1,0.4,40
real,0.01,18,True,18103,True,11450,1.0,True,2,1,0.6,40
real,0.01,18,True,18104,True,3400,1.0,True,2,1,0.56,40
real,0.01,19,True,19100,False,39999,0.625,False,,1,0.32,40
real,0.01,19,True,19101,True,5450,1.0,True,2,1,0.48,40
real,0.01,19,True,19102,True,10900,1.0,True,2,1,0.4,40
real,0.01,19,True,19103,True,5950,1.0,True,2,1,0.56,40
real,0.01,19,True,19104,True,3000,1.0,True,2,1,0.64,40
real,0.01,20,True,20100,True,7950,1.0,True,2,1,0.52,40
real,0.01,20,True,20101,True,33600,1.0,True,2,1,0.4,40
real,0.01,20,True,20102,True,26750,1.0,True,2,1,0.6,40
real,0.01,20,True,20103,True,3900,1.0,True,2,1,0.44,40
real,0.01,20,True,20104,True,7050,1.0,True,2,1,0.48,40
real,0.01,21,True,21100,True,5600,1.0,True,2,1,0.52,40
real,0.01,21,True,21101,True,7350,1.0,True,2,1,0.6,40
real,0.01,21,True,21102,True,2000,1.0,True,2,1,0.52,40
real,0.01,21,True,21103,True,14500,1.0,True,2,1,0.6,40
real,0.01,21,True,21104,True,6750,1.0,True,2,1,0.48,40
real,0.01,22,True,22100,False,39999,0.45,False,,1,0.48,40
real,0.01,22,True,22101,True,10100,1.0,True,2,1,0.32,40
real,0.01,22,True,22102,True,21650,1.0,True,2,1,0.48,40
real,0.01,22,True,22103,True,31300,1.0,True,2,1,0.44,40
real,0.01,22,True,22104,True,10700,1.0,True,2,1,0.44,40
real,0.01,23,True,23100,True,18800,1.0,True,2,1,0.4,40
real,0.01,23,True,23101,True,21050,1.0,True,2,1,0.48,40
real,0.01,23,True,23102,True,28750,1.0,True,2,1,0.48,40
real,0.01,23,True,23103,True,13950,1.0,True,2,1,0.56,40
real,0.01,23,True,23104,True,30350,1.0,True,2,1,0.4,40
real,0.01,24,True,24100,True,5000,1.0,True,2,1,0.52,40
real,0.01,24,True,24101,True,8600,1.0,True,2,1,0.6,40
real,0.01,24,True,24102,True,22500,1.0,True,2,1,0.44,40
real,0.01,24,True,24103,True,12050,1.0,True,2,1,0.56,40
real,0.01,24,True,24104,False,39999,1.0,True,2,1,0.52,40
real,0.01,25,True,25100,True,6100,1.0,True,2,1,0.56,40
real,0.01,25,True,25101,True,13150,1.0,True,2,1,0.48,40
real,0.01,25,True,25102,True,21600,1.0,True,2,1,0.6,40
real,0.01,25,True,25103,True,2200,1.0,True,2,1,0.56,40
real,0.01,25,True,25104,True,7800,1.0,True,2,1,0.56,40
real,0.01,26,True,26100,True,6450,1.0,True,2,1,0.28,40
real,0.01,26,True,26101,True,1850,1.0,True,2,1,0.56,40
real,0.01,26,True,26102,True,4300,1.0,True,2,1,0.72,40
real,0.01,26,True,26103,True,32000,1.0,True,2,1,0.64,40
real,0.01,26,True,26104,True,27450,1.0,True,2,1,0.6,40
real,0.01,27,True,27100,True,5050,1.0,True,2,1,0.72,40
real,0.01,27,True,27101,True,6050,1.0,True,2,1,0.48,40
real,0.01,27,True,27102,False,39999,0.575,False,,1,0.52,40
real,0.01,27,True,27103,True,5100,1.0,True,2,1,0.52,40
real,0.01,27,True,27104,True,12450,1.0,True,2,1,0.64,40
real,0.01,28,True,28100,True,18650,1.0,True,2,1,0.48,40
real,0.01,28,True,28101,True,3150,1.0,True,2,1,0.56,40
real,0.01,28,True,28102,True,1400,1.0,True,2,1,0.28,40
real,0.01,28,True,28103,True,2350,1.0,True,2,1,0.44,40
real,0.01,28,True,28104,True,8500,1.0,True,2,1,0.44,40
real,0.01,29,True,29100,True,22700,1.0,True,2,1,0.64,40
real,0.01,29,True,29101,True,25950,1.0,True,2,1,0.6,40
real,0.01,29,True,29102,True,19600,1.0,True,2,1,0.6,40
real,0.01,29,True,29103,True,2400,1.0,True,2,1,0.6,40
real,0.01,29,True,29104,True,23400,1.0,True,2,1,0.48,40
real,0.015,0,True,100,True,33050,1.0,True,2,1,0.48,40
real,0.015,0,True,101,True,35550,1.0,True,2,1,0.44,40
real,0.015,0,True,102,False,39999,0.725,False,,1,0.4,40
real,0.015,0,True,103,False,39999,0.8,False,,1,0.72,40
real,0.015,0,True,104,True,12800,1.0,True,2,1,0.4,40
real,0.015,1,True,1100,True,10400,1.0,True,2,1,0.72,40
real,0.015,1,True,1101,True,7400,1.0,True,2,1,0.48,40
real,0.015,1,True,1102,True,10200,1.0,True,2,1,0.64,40
real,0.015,1,True,1103,False,39999,0.9,False,,1,0.48,40
real,0.015,1,True,1104,False,39999,1.0,True,2,1,0.32,40
real,0.015,2,True,2100,True,3800,1.0,True,2,1,0.48,40
real,0.015,2,True,2101,True,1550,1.0,True,2,1,0.64,40
real,0.015,2,True,2102,True,3550,1.0,True,2,1,0.44,40
real,0.015,2,True,2103,False,39999,0.475,False,,1,0.48,40
real,0.015,2,True,2104,True,36000,1.0,True,2,1,0.4,40
real,0.015,3,True,3100,True,36100,1.0,True,2,1,0.44,40
real,0.015,3,True,3101,True,24850,1.0,True,2,1,0.52,40
real,0.015,3,True,3102,True,25500,1.0,True,2,1,0.48,40
real,0.015,3,True,3103,True,1750,1.0,True,2,1,0.6,40
real,0.015,3,True,3104,True,3350,1.0,True,2,1,0.56,40
real,0.015,4,True,4100,False,39999,0.625,False,,1,0.56,40
real,0.015,4,True,4101,True,28100,1.0,True,2,1,0.4,40
real,0.015,4,True,4102,False,39999,0.6,False,,1,0.56,40
real,0.015,4,True,4103,True,4800,1.0,True,2,1,0.6,40
real,0.015,4,True,4104,True,5700,1.0,True,2,1,0.44,40
real,0.015,5,True,5100,False,39999,0.475,False,,1,0.52,40
real,0.015,5,True,5101,True,13050,1.0,True,2,1,0.6,40
real,0.015,5,True,5102,False,39999,0.875,False,,1,0.44,40
real,0.015,5,True,5103,True,22350,1.0,True,2,1,0.48,40
real,0.015,5,True,5104,False,39999,0.775,False,,1,0.56,40
real,0.015,6,True,6100,True,6250,1.0,True,2,1,0.6,40
real,0.015,6,True,6101,False,39999,0.55,False,,1,0.64,40
real,0.015,6,True,6102,False,39999,0.725,False,,1,0.52,40
real,0.015,6,True,6103,True,24000,1.0,True,2,1,0.44,40
real,0.015,6,True,6104,True,28150,1.0,True,2,1,0.56,40
real,0.015,7,True,7100,True,25100,1.0,True,2,1,0.56,40
real,0.015,7,True,7101,False,39999,0.6,False,,1,0.48,40
real,0.015,7,True,7102,False,39999,0.575,False,,1,0.44,40
real,0.015,7,True,7103,True,22750,1.0,True,2,1,0.6,40
real,0.015,7,True,7104,True,3500,1.0,True,2,1,0.4,40
real,0.015,8,True,8100,False,39999,0.5,False,,1,0.4,40
real,0.015,8,True,8101,True,9550,1.0,True,2,1,0.6,40
real,0.015,8,True,8102,False,39999,0.525,False,,1,0.52,40
real,0.015,8,True,8103,False,39999,0.6,False,,1,0.6,40
real,0.015,8,True,8104,True,16700,1.0,True,2,1,0.52,40
real,0.015,9,True,9100,False,39999,0.725,False,,1,0.52,40
real,0.015,9,True,9101,True,5600,1.0,True,2,1,0.44,40
real,0.015,9,True,9102,True,23800,1.0,True,2,1,0.32,40
real,0.015,9,True,9103,True,22750,1.0,True,2,1,0.44,40
real,0.015,9,True,9104,True,5300,1.0,True,2,1,0.6,40
real,0.015,10,True,10100,True,11750,1.0,True,2,1,0.56,40
real,0.015,10,True,10101,True,21250,1.0,True,2,1,0.64,40
real,0.015,10,True,10102,False,39999,0.675,False,,1,0.48,40
real,0.015,10,True,10103,True,32250,1.0,True,2,1,0.44,40
real,0.015,10,True,10104,False,39999,0.675,False,,1,0.52,40
real,0.015,11,True,11100,True,5250,1.0,True,2,1,0.64,40
real,0.015,11,True,11101,True,25900,1.0,True,1,1,0.48,40
real,0.015,11,True,11102,False,39999,0.75,False,,1,0.56,40
real,0.015,11,True,11103,False,39999,0.775,False,,1,0.56,40
real,0.015,11,True,11104,True,22100,1.0,True,2,1,0.44,40
real,0.015,12,True,12100,True,12250,1.0,True,2,1,0.56,40
real,0.015,12,True,12101,True,10800,1.0,True,2,1,0.56,40
real,0.015,12,True,12102,True,2900,1.0,True,2,1,0.44,40
real,0.015,12,True,12103,True,12800,1.0,True,2,1,0.4,40
real,0.015,12,True,12104,False,39999,0.775,False,,1,0.44,40
real,0.015,13,True,13100,True,20450,1.0,True,2,1,0.4,40
real,0.015,13,True,13101,True,10550,1.0,True,2,1,0.6,40
real,0.015,13,True,13102,True,36750,1.0,True,2,1,0.6,40
real,0.015,13,True,13103,True,7250,1.0,True,2,1,0.68,40
real,0.015,13,True,13104,True,12250,1.0,True,2,1,0.48,40
real,0.015,14,True,14100,False,39999,0.8,False,,1,0.4,40
real,0.015,14,True,14101,True,8100,1.0,True,2,1,0.56,40
real,0.015,14,True,14102,True,1950,1.0,True,2,1,0.6,40
real,0.015,14,True,14103,False,39999,0.7,False,,1,0.64,40
real,0.015,14,True,14104,True,1700,1.0,True,2,1,0.56,40
real,0.015,15,True,15100,True,8600,1.0,True,2,1,0.32,40
real,0.015,15,True,15101,True,2800,1.0,True,2,1,0.44,40
real,0.015,15,True,15102,True,2700,1.0,True,2,1,0.48,40
real,0.015,15,True,15103,True,14800,1.0,True,2,1,0.6,40
real,0.015,15,True,15104,True,31300,1.0,True,2,1,0.44,40
real,0.015,16,True,16100,True,38100,1.0,True,2,1,0.52,40
real,0.015,16,True,16101,False,39999,0.625,False,,1,0.4,40
real,0.015,16,True,16102,True,10200,1.0,True,2,1,0.64,40
real,0.015,16,True,16103,False,39999,0.9,False,,1,0.4,40
real,0.015,16,True,16104,True,13900,1.0,True,2,1,0.32,40
real,0.015,17,True,17100,False,39999,0.7,False,,1,0.56,40
real,0.015,17,True,17101,True,37200,1.0,True,2,1,0.6,40
real,0.015,17,True,17102,False,39999,0.725,False,,1,0.4,40
real,0.015,17,True,17103,True,9950,1.0,True,2,1,0.44,40
real,0.015,17,True,17104,False,39999,0.675,False,,1,0.36,40
real,0.015,18,True,18100,True,31650,1.0,True,2,1,0.48,40
real,0.015,18,True,18101,False,39999,0.65,False,,1,0.52,40
real,0.015,18,True,18102,True,3250,1.0,True,2,1,0.44,40
real,0.015,18,True,18103,False,39999,0.6,False,,1,0.68,40
real,0.015,18,True,18104,False,39999,1.0,True,2,1,0.4,40
real,0.015,19,True,19100,True,33000,1.0,True,2,1,0.64,40
real,0.015,19,True,19101,True,9950,1.0,True,2,1,0.56,40
real,0.015,19,True,19102,True,26350,1.0,True,2,1,0.4,40
real,0.015,19,True,19103,True,14450,1.0,True,2,1,0.4,40
real,0.015,19,True,19104,True,36000,1.0,True,2,1,0.56,40
real,0.015,20,True,20100,True,5300,1.0,True,2,1,0.56,40
real,0.015,20,True,20101,False,39999,0.55,False,,1,0.36,40
real,0.015,20,True,20102,False,39999,1.0,True,2,1,0.48,40
real,0.015,20,True,20103,True,3900,1.0,True,2,1,0.44,40
real,0.015,20,True,20104,True,7400,1.0,True,2,1,0.44,40
real,0.015,21,True,21100,False,39999,0.6,False,,1,0.28,40
real,0.015,21,True,21101,True,8150,1.0,True,2,1,0.56,40
real,0.015,21,True,21102,True,3100,1.0,True,2,1,0.4,40
real,0.015,21,True,21103,True,24450,1.0,True,2,1,0.52,40
real,0.015,21,True,21104,False,39999,0.7,False,,1,0.56,40
real,0.015,22,True,22100,False,39999,0.825,False,,1,0.68,40
real,0.015,22,True,22101,True,28150,1.0,True,2,1,0.64,40
real,0.015,22,True,22102,False,39999,0.6,False,,1,0.52,40
real,0.015,22,True,22103,True,37800,1.0,True,2,1,0.4,40
real,0.015,22,True,22104,True,8600,1.0,True,2,1,0.48,40
real,0.015,23,True,23100,True,29750,1.0,True,2,1,0.6,40
real,0.015,23,True,23101,False,39999,1.0,True,2,1,0.4,40
real,0.015,23,True,23102,False,39999,0.825,False,,1,0.52,40
real,0.015,23,True,23103,True,1000,1.0,True,2,1,0.6,40
real,0.015,23,True,23104,True,8850,1.0,True,2,1,0.56,40
real,0.015,24,True,24100,False,39999,0.775,False,,1,0.6,40
real,0.015,24,True,24101,False,39999,0.75,False,,1,0.6,40
real,0.015,24,True,24102,True,25300,1.0,True,2,1,0.4,40
real,0.015,24,True,24103,False,39999,0.775,False,,1,0.48,40
real,0.015,24,True,24104,False,39999,0.6,False,,1,0.48,40
real,0.015,25,True,25100,True,7400,1.0,True,2,1,0.6,40
real,0.015,25,True,25101,True,29200,1.0,True,2,1,0.32,40
real,0.015,25,True,25102,True,5800,1.0,True,2,1,0.6,40
real,0.015,25,True,25103,False,39999,1.0,True,2,1,0.6,40
real,0.015,25,True,25104,True,9900,1.0,True,2,1,0.56,40
real,0.015,26,True,26100,False,39999,0.625,False,,1,0.56,40
real,0.015,26,True,26101,False,39999,1.0,True,2,1,0.44,40
real,0.015,26,True,26102,True,37500,1.0,True,2,1,0.44,40
real,0.015,26,True,26103,False,39999,0.675,False,,1,0.6,40
real,0.015,26,True,26104,False,39999,1.0,True,2,1,0.32,40
real,0.015,27,True,27100,False,39999,1.0,True,2,1,0.6,40
real,0.015,27,True,27101,True,5650,1.0,True,2,1,0.56,40
real,0.015,27,True,27102,True,2500,1.0,True,2,1,0.44,40
real,0.015,27,True,27103,True,11050,1.0,True,2,1,0.44,40
real,0.015,27,True,27104,False,39999,1.0,True,2,1,0.56,40
real,0.015,28,True,28100,True,21800,1.0,True,2,1,0.28,40
real,0.015,28,True,28101,True,9300,1.0,True,2,1,0.32,40
real,0.015,28,True,28102,True,1400,1.0,True,2,1,0.28,40
real,0.015,28,True,28103,False,39999,1.0,True,2,1,0.44,40
real,0.015,28,True,28104,False,39999,0.7,False,,1,0.44,40
real,0.015,29,True,29100,True,5750,1.0,True,2,1,0.32,40
real,0.015,29,True,29101,True,39600,1.0,True,2,1,0.48,40
real,0.015,29,True,29102,False,39999,0.775,False,,1,0.32,40
real,0.015,29,True,29103,False,39999,0.675,False,,1,0.44,40
real,0.015,29,True,29104,False,39999,1.0,True,2,1,0.52,40
real,0.02,0,True,100,True,33250,1.0,True,2,1,0.56,40
real,0.02,0,True,101,False,39999,1.0,True,2,1,0.56,40
real,0.02,0,True,102,False,39999,0.6,False,,1,0.48,40
real,0.02,0,True,103,False,39999,0.5,False,,1,0.6,40
real,0.02,0,True,104,False,39999,0.675,False,,1,0.52,40
real,0.02,1,True,1100,False,39999,1.0,True,2,1,0.48,40
real,0.02,1,True,1101,True,36950,1.0,True,2,1,0.28,40
real,0.02,1,True,1102,False,39999,0.625,False,,1,0.64,40
real,0.02,1,True,1103,False,39999,0.625,False,,1,0.4,40
real,0.02,1,True,1104,True,28650,1.0,True,2,1,0.56,40
real,0.02,2,True,2100,False,39999,0.65,False,,1,0.24,40
real,0.02,2,True,2101,False,39999,0.475,False,,1,0.48,40
real,0.02,2,True,2102,False,39999,0.825,False,,1,0.52,40
real,0.02,2,True,2103,False,39999,0.675,False,,1,0.64,40
real,0.02,2,True,2104,False,39999,0.525,False,,1,0.44,40
real,0.02,3,True,3100,False,39999,0.65,False,,1,0.44,40
real,0.02,3,True,3101,False,39999,0.7,False,,1,0.48,40
real,0.02,3,True,3102,False,39999,0.55,False,,1,0.32,40
real,0.02,3,True,3103,False,39999,0.6,False,,1,0.6,40
real,0.02,3,True,3104,False,39999,0.6,False,,1,0.56,40
real,0.02,4,True,4100,False,39999,0.625,False,,1,0.4,40
real,0.02,4,True,4101,False,39999,0.55,False,,1,0.56,40
real,0.02,4,True,4102,False,39999,0.7,False,,1,0.4,40
real,0.02,4,True,4103,False,39999,0.675,False,,1,0.52,40
real,0.02,4,True,4104,True,5550,1.0,True,2,1,0.64,40
real,0.02,5,True,5100,False,39999,1.0,True,2,1,0.4,40
real,0.02,5,True,5101,True,31450,1.0,True,2,1,0.56,40
real,0.02,5,True,5102,False,39999,0.725,False,,1,0.4,40
real,0.02,5,True,5103,False,39999,1.0,True,2,1,0.64,40
real,0.02,5,True,5104,False,39999,0.65,False,,1,0.44,40
real,0.02,6,True,6100,True,33500,1.0,True,2,1,0.64,40
real,0.02,6,True,6101,False,39999,0.625,False,,1,0.56,40
real,0.02,6,True,6102,False,39999,0.7,False,,1,0.48,40
real,0.02,6,True,6103,False,39999,0.85,False,,1,0.52,40
real,0.02,6,True,6104,False,39999,0.525,False,,1,0.64,40
real,0.02,7,True,7100,False,39999,1.0,True,2,1,0.6,40
real,0.02,7,True,7101,True,18900,1.0,True,2,1,0.6,40
real,0.02,7,True,7102,False,39999,0.55,False,,1,0.6,40
real,0.02,7,True,7103,False,39999,0.625,False,,1,0.6,40
real,0.02,7,True,7104,False,39999,0.55,False,,1,0.36,40
real,0.02,8,True,8100,False,39999,0.65,False,,1,0.48,40
real,0.02,8,True,8101,True,30800,1.0,True,2,1,0.6,40
real,0.02,8,True,8102,False,39999,0.6,False,,1,0.48,40
real,0.02,8,True,8103,False,39999,0.625,False,,1,0.52,40
real,0.02,8,True,8104,False,39999,0.65,False,,1,0.56,40
real,0.02,9,True,9100,False,39999,0.725,False,,1,0.56,40
real,0.02,9,True,9101,True,10750,1.0,True,2,1,0.56,40
real,0.02,9,True,9102,True,24700,1.0,True,2,1,0.44,40
real,0.02,9,True,9103,False,39999,0.85,False,,1,0.36,40
real,0.02,9,True,9104,True,10650,1.0,True,2,1,0.48,40
real,0.02,10,True,10100,True,11650,1.0,True,2,1,0.6,40
real,0.02,10,True,10101,False,39999,0.875,False,,1,0.24,40
real,0.02,10,True,10102,False,39999,0.7,False,,1,0.44,40
real,0.02,10,True,10103,False,39999,0.65,False,,1,0.6,40
real,0.02,10,True,10104,True,32350,1.0,True,2,1,0.6,40
real,0.02,11,True,11100,True,7000,1.0,True,2,1,0.6,40
real,0.02,11,True,11101,False,39999,0.675,False,,1,0.68,40
real,0.02,11,True,11102,False,39999,0.7,False,,1,0.44,40
real,0.02,11,True,11103,False,39999,0.7,False,,1,0.56,40
real,0.02,11,True,11104,False,39999,0.5,False,,1,0.4,40
real,0.02,12,True,12100,True,12250,1.0,True,2,1,0.56,40
real,0.02,12,True,12101,True,10950,1.0,True,2,1,0.52,40
real,0.02,12,True,12102,False,39999,0.675,False,,1,0.48,40
real,0.02,12,True,12103,False,39999,0.55,False,,1,0.56,40
real,0.02,12,True,12104,False,39999,1.0,True,2,1,0.48,40
real,0.02,13,True,13100,False,39999,1.0,True,2,1,0.48,40
real,0.02,13,True,13101,True,10350,1.0,True,2,1,0.48,40
real,0.02,13,True,13102,False,39999,0.75,False,,1,0.44,40
real,0.02,13,True,13103,False,39999,0.6,False,,1,0.52,40
real,0.02,13,True,13104,False,39999,0.65,False,,1,0.28,40
real,0.02,14,True,14100,False,39999,0.575,False,,1,0.56,40
real,0.02,14,True,14101,False,39999,0.75,False,,1,0.52,40
real,0.02,14,True,14102,False,39999,0.6,False,,1,0.52,40
real,0.02,14,True,14103,False,39999,0.5,False,,1,0.52,40
real,0.02,14,True,14104,False,39999,0.625,False,,1,0.44,40
real,0.02,15,True,15100,False,39999,0.65,False,,1,0.36,40
real,0.02,15,True,15101,False,39999,0.575,False,,1,0.64,40
real,0.02,15,True,15102,False,39999,0.675,False,,1,0.4,40
real,0.02,15,True,15103,False,39999,0.775,False,,1,0.52,40
real,0.02,15,True,15104,True,8900,1.0,True,2,1,0.32,40
real,0.02,16,True,16100,True,16150,1.0,True,2,1,0.6,40
real,0.02,16,True,16101,False,39999,0.7,False,,1,0.6,40
real,0.02,16,True,16102,False,39999,0.45,False,,1,0.52,40
real,0.02,16,True,16103,False,39999,0.725,False,,1,0.68,40
real,0.02,16,True,16104,True,13750,1.0,True,2,1,0.6,40
real,0.02,17,True,17100,False,39999,0.8,False,,1,0.56,40
real,0.02,17,True,17101,True,37300,1.0,True,2,1,0.32,40
real,0.02,17,True,17102,False,39999,0.825,False,,1,0.52,40
real,0.02,17,True,17103,False,39999,0.5,False,,1,0.6,40
real,0.02,17,True,17104,False,39999,0.625,False,,1,0.44,40
real,0.02,18,True,18100,False,39999,0.55,False,,1,0.24,40
real,0.02,18,True,18101,False,39999,0.75,False,,1,0.56,40
real,0.02,18,True,18102,True,15950,1.0,True,2,1,0.6,40
real,0.02,18,True,18103,False,39999,0.75,False,,1,0.52,40
real,0.02,18,True,18104,False,39999,0.625,False,,1,0.56,40
real,0.02,19,True,19100,False,39999,0.575,False,,1,0.68,40
real,0.02,19,True,19101,False,39999,0.475,False,,1,0.48,40
real,0.02,19,True,19102,False,39999,0.825,False,,1,0.48,40
real,0.02,19,True,19103,False,39999,0.75,False,,1,0.36,40
real,0.02,19,True,19104,False,39999,0.85,False,,1,0.6,40
real,0.02,20,True,20100,False,39999,0.6,False,,1,0.28,40
real,0.02,20,True,20101,False,39999,0.5,False,,1,0.48,40
real,0.02,20,True,20102,False,39999,0.775,False,,1,0.52,40
real,0.02,20,True,20103,True,30900,1.0,True,2,1,0.52,40
real,0.02,20,True,20104,True,36700,1.0,True,2,1,0.44,40
real,0.02,21,True,21100,False,39999,1.0,True,2,1,0.56,40
real,0.02,21,True,21101,False,39999,0.625,False,,1,0.44,40
real,0.02,21,True,21102,True,4700,1.0,True,2,1,0.4,40
real,0.02,21,True,21103,False,39999,1.0,True,2,1,0.6,40
real,0.02,21,True,21104,False,39999,0.625,False,,1,0.48,40
real,0.02,22,True,22100,False,39999,0.75,False,,1,0.56,40
real,0.02,22,True,22101,False,39999,1.0,True,2,1,0.44,40
real,0.02,22,True,22102,False,39999,1.0,True,2,1,0.6,40
real,0.02,22,True,22103,False,39999,0.575,False,,1,0.48,40
real,0.02,22,True,22104,False,39999,0.7,False,,1,0.48,40
real,0.02,23,True,23100,False,39999,0.575,False,,1,0.44,40
real,0.02,23,True,23101,True,14500,1.0,True,2,1,0.48,40
real,0.02,23,True,23102,False,39999,0.575,False,,1,0.52,40
real,0.02,23,True,23103,False,39999,0.725,False,,1,0.52,40
real,0.02,23,True,23104,True,7100,1.0,True,2,1,0.56,40
real,0.02,24,True,24100,False,39999,0.675,False,,1,0.56,40
real,0.02,24,True,24101,False,39999,1.0,True,2,1,0.36,40
real,0.02,24,True,24102,False,39999,0.675,False,,1,0.48,40
real,0.02,24,True,24103,False,39999,0.65,False,,1,0.64,40
real,0.02,24,True,24104,False,39999,0.725,False,,1,0.56,40
real,0.02,25,True,25100,False,39999,0.625,False,,1,0.68,40
real,0.02,25,True,25101,False,39999,1.0,True,2,1,0.44,40
real,0.02,25,True,25102,True,5900,1.0,True,2,1,0.6,40
real,0.02,25,True,25103,True,25650,1.0,True,2,1,0.48,40
real,0.02,25,True,25104,False,39999,1.0,True,2,1,0.44,40
real,0.02,26,True,26100,False,39999,0.75,False,,1,0.48,40
real,0.02,26,True,26101,True,15800,1.0,True,2,1,0.48,40
real,0.02,26,True,26102,False,39999,0.675,False,,1,0.44,40
real,0.02,26,True,26103,False,39999,0.675,False,,1,0.4,40
real,0.02,26,True,26104,False,39999,0.575,False,,1,0.52,40
real,0.02,27,True,27100,False,39999,0.6,False,,1,0.48,40
real,0.02,27,True,27101,True,2750,1.0,True,2,1,0.68,40
real,0.02,27,True,27102,False,39999,0.725,False,,1,0.72,40
real,0.02,27,True,27103,False,39999,0.65,False,,1,0.64,40
real,0.02,27,True,27104,False,39999,0.65,False,,1,0.52,40
real,0.02,28,True,28100,False,39999,0.7,False,,1,0.52,40
real,0.02,28,True,28101,False,39999,0.675,False,,1,0.56,40
real,0.02,28,True,28102,False,39999,0.775,False,,1,0.72,40
real,0.02,28,True,28103,False,39999,0.9,False,,1,0.64,40
real,0.02,28,True,28104,False,39999,0.625,False,,1,0.52,40
real,0.02,29,True,29100,False,39999,0.525,False,,1,0.48,40
real,0.02,29,True,29101,True,39100,1.0,True,2,1,0.44,40
real,0.02,29,True,29102,False,39999,0.65,False,,1,0.24,40
real,0.02,29,True,29103,False,39999,0.6,False,,1,0.52,40
real,0.02,29,True,29104,True,38750,1.0,True,2,1,0.6,40
real,0.03,0,True,100,False,39999,0.55,False,,1,0.4,40
real,0.03,0,True,101,False,39999,0.675,False,,1,0.52,40
real,0.03,0,True,102,False,39999,0.75,False,,1,0.64,40
real,0.03,0,True,103,False,39999,0.85,False,,1,0.32,40
real,0.03,0,True,104,False,39999,0.625,False,,1,0.6,40
real,0.03,1,True,1100,False,39999,0.675,False,,1,0.44,40
real,0.03,1,True,1101,False,39999,0.725,False,,1,0.48,40
real,0.03,1,True,1102,False,39999,0.525,False,,1,0.52,40
real,0.03,1,True,1103,False,39999,0.7,False,,1,0.64,40
real,0.03,1,True,1104,False,39999,0.575,False,,1,0.64,40
real,0.03,2,True,2100,False,39999,0.55,False,,1,0.56,40
real,0.03,2,True,2101,False,39999,0.45,False,,1,0.52,40
real,0.03,2,True,2102,False,39999,0.625,False,,1,0.56,40
real,0.03,2,True,2103,False,39999,0.4,False,,1,0.56,40
real,0.03,2,True,2104,False,39999,0.6,False,,1,0.52,40
real,0.03,3,True,3100,True,35400,1.0,True,2,1,0.64,40
real,0.03,3,True,3101,False,39999,0.7,False,,1,0.48,40
real,0.03,3,True,3102,False,39999,0.725,False,,1,0.52,40
real,0.03,3,True,3103,False,39999,0.525,False,,1,0.44,40
real,0.03,3,True,3104,False,39999,0.825,False,,1,0.64,40
real,0.03,4,True,4100,False,39999,0.575,False,,1,0.52,40
real,0.03,4,True,4101,False,39999,0.55,False,,1,0.48,40
real,0.03,4,True,4102,False,39999,0.625,False,,1,0.4,40
real,0.03,4,True,4103,False,39999,0.6,False,,1,0.64,40
real,0.03,4,True,4104,False,39999,0.65,False,,1,0.52,40
real,0.03,5,True,5100,False,39999,0.6,False,,1,0.36,40
real,0.03,5,True,5101,False,39999,0.6,False,,1,0.56,40
real,0.03,5,True,5102,False,39999,0.6,False,,1,0.36,40
real,0.03,5,True,5103,False,39999,1.0,True,2,1,0.6,40
real,0.03,5,True,5104,False,39999,0.65,False,,1,0.28,40
real,0.03,6,True,6100,False,39999,0.6,False,,1,0.44,40
real,0.03,6,True,6101,False,39999,0.75,False,,1,0.4,40
real,0.03,6,True,6102,False,39999,0.775,False,,1,0.52,40
real,0.03,6,True,6103,False,39999,0.7,False,,1,0.4,40
real,0.03,6,True,6104,False,39999,0.6,False,,1,0.6,40
real,0.03,7,True,7100,False,39999,0.6,False,,1,0.48,40
real,0.03,7,True,7101,False,39999,0.75,False,,1,0.56,40
real,0.03,7,True,7102,False,39999,0.625,False,,1,0.68,40
real,0.03,7,True,7103,False,39999,0.6,False,,1,0.64,40
real,0.03,7,True,7104,False,39999,0.575,False,,1,0.44,40
real,0.03,8,True,8100,False,39999,0.55,False,,1,0.4,40
real,0.03,8,True,8101,False,39999,0.675,False,,1,0.36,40
real,0.03,8,True,8102,False,39999,0.825,False,,1,0.6,40
real,0.03,8,True,8103,False,39999,0.775,False,,1,0.56,40
real,0.03,8,True,8104,False,39999,0.65,False,,1,0.6,40
real,0.03,9,True,9100,False,39999,0.55,False,,1,0.4,40
real,0.03,9,True,9101,False,39999,0.65,False,,1,0.6,40
real,0.03,9,True,9102,False,39999,0.9,False,,1,0.44,40
real,0.03,9,True,9103,False,39999,0.625,False,,1,0.56,40
real,0.03,9,True,9104,False,39999,0.65,False,,1,0.32,40
real,0.03,10,True,10100,False,39999,0.6,False,,1,0.48,40
real,0.03,10,True,10101,False,39999,0.85,False,,1,0.6,40
real,0.03,10,True,10102,False,39999,0.625,False,,1,0.52,40
real,0.03,10,True,10103,False,39999,1.0,True,2,1,0.48,40
real,0.03,10,True,10104,True,31200,1.0,True,2,1,0.68,40
real,0.03,11,True,11100,False,39999,0.65,False,,1,0.6,40
real,0.03,11,True,11101,False,39999,0.575,False,,1,0.4,40
real,0.03,11,True,11102,False,39999,0.55,False,,1,0.52,40
real,0.03,11,True,11103,False,39999,0.65,False,,1,0.44,40
real,0.03,11,True,11104,False,39999,0.75,False,,1,0.68,40
real,0.03,12,True,12100,False,39999,0.65,False,,1,0.52,40
real,0.03,12,True,12101,False,39999,0.675,False,,1,0.32,40
real,0.03,12,True,12102,False,39999,0.625,False,,1,0.56,40
real,0.03,12,True,12103,False,39999,0.85,False,,1,0.52,40
real,0.03,12,True,12104,False,39999,0.75,False,,1,0.52,40
real,0.03,13,True,13100,False,39999,0.775,False,,1,0.52,40
real,0.03,13,True,13101,False,39999,0.65,False,,1,0.48,40
real,0.03,13,True,13102,False,39999,0.675,False,,1,0.32,40
real,0.03,13,True,13103,False,39999,0.5,False,,1,0.56,40
real,0.03,13,True,13104,False,39999,0.55,False,,1,0.64,40
real,0.03,14,True,14100,False,39999,1.0,True,2,1,0.56,40
real,0.03,14,True,14101,False,39999,0.8,False,,1,0.36,40
real,0.03,14,True,14102,False,39999,0.575,False,,1,0.52,40
real,0.03,14,True,14103,False,39999,0.65,False,,1,0.4,40
real,0.03,14,True,14104,False,39999,0.625,False,,1,0.48,40
real,0.03,15,True,15100,False,39999,0.8,False,,1,0.48,40
real,0.03,15,True,15101,False,39999,1.0,True,2,1,0.44,40
real,0.03,15,True,15102,False,39999,0.6,False,,1,0.6,40
real,0.03,15,True,15103,False,39999,0.7,False,,1,0.56,40
real,0.03,15,True,15104,True,8700,1.0,True,2,1,0.64,40
real,0.03,16,True,16100,False,39999,0.625,False,,1,0.48,40
real,0.03,16,True,16101,False,39999,0.575,False,,1,0.64,40
real,0.03,16,True,16102,False,39999,0.7,False,,1,0.64,40
real,0.03,16,True,16103,False,39999,0.75,False,,1,0.56,40
real,0.03,16,True,16104,False,39999,0.475,False,,1,0.48,40
real,0.03,17,True,17100,False,39999,0.575,False,,1,0.48,40
real,0.03,17,True,17101,False,39999,0.45,False,,1,0.4,40
real,0.03,17,True,17102,False,39999,0.575,False,,1,0.64,40
real,0.03,17,True,17103,False,39999,0.75,False,,1,0.52,40
real,0.03,17,True,17104,False,39999,0.675,False,,1,0.48,40
real,0.03,18,True,18100,False,39999,0.6,False,,1,0.64,40
real,0.03,18,True,18101,False,39999,0.75,False,,1,0.6,40
real,0.03,18,True,18102,False,39999,0.675,False,,1,0.48,40
real,0.03,18,True,18103,False,39999,0.525,False,,1,0.6,40
real,0.03,18,True,18104,False,39999,0.525,False,,1,0.48,40
real,0.03,19,True,19100,False,39999,0.6,False,,1,0.44,40
real,0.03,19,True,19101,False,39999,0.525,False,,1,0.6,40
real,0.03,19,True,19102,False,39999,0.9,False,,1,0.4,40
real,0.03,19,True,19103,False,39999,0.9,False,,1,0.44,40
real,0.03,19,True,19104,False,39999,0.65,False,,1,0.56,40
real,0.03,20,True,20100,False,39999,0.6,False,,1,0.52,40
real,0.03,20,True,20101,False,39999,0.775,False,,1,0.6,40
real,0.03,20,True,20102,False,39999,0.775,False,,1,0.6,40
real,0.03,20,True,20103,False,39999,0.875,False,,1,0.48,40
real,0.03,20,True,20104,False,39999,1.0,True,2,1,0.56,40
real,0.03,21,True,21100,False,39999,0.7,False,,1,0.48,40
real,0.03,21,True,21101,False,39999,0.625,False,,1,0.52,40
real,0.03,21,True,21102,False,39999,0.575,False,,1,0.56,40
real,0.03,21,True,21103,False,39999,0.625,False,,1,0.56,40
real,0.03,21,True,21104,False,39999,0.675,False,,1,0.56,40
real,0.03,22,True,22100,False,39999,0.675,False,,1,0.48,40
real,0.03,22,True,22101,False,39999,1.0,True,2,1,0.52,40
real,0.03,22,True,22102,False,39999,0.525,False,,1,0.6,40
real,0.03,22,True,22103,False,39999,0.775,False,,1,0.6,40
real,0.03,22,True,22104,False,39999,0.675,False,,1,0.6,40
real,0.03,23,True,23100,False,39999,0.55,False,,1,0.44,40
real,0.03,23,True,23101,False,39999,0.7,False,,1,0.64,40
real,0.03,23,True,23102,False,39999,0.725,False,,1,0.64,40
real,0.03,23,True,23103,False,39999,0.675,False,,1,0.44,40
real,0.03,23,True,23104,False,39999,0.675,False,,1,0.56,40
real,0.03,24,True,24100,False,39999,0.675,False,,1,0.44,40
real,0.03,24,True,24101,False,39999,0.5,False,,1,0.4,40
real,0.03,24,True,24102,False,39999,0.525,False,,1,0.56,40
real,0.03,24,True,24103,False,39999,0.7,False,,1,0.6,40
real,0.03,24,True,24104,False,39999,0.6,False,,1,0.44,40
real,0.03,25,True,25100,False,39999,0.75,False,,1,0.56,40
real,0.03,25,True,25101,False,39999,0.55,False,,1,0.44,40
real,0.03,25,True,25102,False,39999,0.55,False,,1,0.6,40
real,0.03,25,True,25103,False,39999,0.6,False,,1,0.44,40
real,0.03,25,True,25104,False,39999,0.7,False,,1,0.6,40
real,0.03,26,True,26100,False,39999,0.725,False,,1,0.52,40
real,0.03,26,True,26101,False,39999,0.675,False,,1,0.32,40
real,0.03,26,True,26102,False,39999,0.825,False,,1,0.72,40
real,0.03,26,True,26103,False,39999,0.45,False,,1,0.44,40
real,0.03,26,True,26104,False,39999,0.65,False,,1,0.68,40
real,0.03,27,True,27100,False,39999,0.65,False,,1,0.6,40
real,0.03,27,True,27101,False,39999,0.6,False,,1,0.48,40
real,0.03,27,True,27102,False,39999,0.6,False,,1,0.6,40
real,0.03,27,True,27103,False,39999,0.575,False,,1,0.56,40
real,0.03,27,True,27104,False,39999,0.775,False,,1,0.68,40
real,0.03,28,True,28100,False,39999,0.65,False,,1,0.36,40
real,0.03,28,True,28101,False,39999,0.65,False,,1,0.4,40
real,0.03,28,True,28102,False,39999,0.625,False,,1,0.56,40
real,0.03,28,True,28103,False,39999,0.7,False,,1,0.4,40
real,0.03,28,True,28104,False,39999,0.7,False,,1,0.56,40
real,0.03,29,True,29100,False,39999,0.675,False,,1,0.56,40
real,0.03,29,True,29101,False,39999,0.7,False,,1,0.56,40
real,0.03,29,True,29102,False,39999,0.7,False,,1,0.48,40
real,0.03,29,True,29103,False,39999,0.775,False,,1,0.44,40
real,0.03,29,True,29104,False,39999,1.0,True,2,1,0.32,40
real,0.05,0,True,100,False,39999,0.6,False,,1,0.6,40
real,0.05,0,True,101,False,39999,0.775,False,,1,0.48,40
real,0.05,0,True,102,False,39999,0.65,False,,1,0.36,40
real,0.05,0,True,103,False,39999,0.8,False,,1,0.64,40
real,0.05,0,True,104,False,39999,0.65,False,,1,0.44,40
real,0.05,1,True,1100,False,39999,0.525,False,,1,0.52,40
real,0.05,1,True,1101,False,39999,1.0,True,2,1,0.6,40
real,0.05,1,True,1102,False,39999,0.5,False,,1,0.52,40
real,0.05,1,True,1103,False,39999,0.475,False,,1,0.52,40
real,0.05,1,True,1104,False,39999,0.525,False,,1,0.64,40
real,0.05,2,True,2100,False,39999,0.65,False,,1,0.52,40
real,0.05,2,True,2101,False,39999,1.0,True,2,1,0.6,40
real,0.05,2,True,2102,False,39999,0.75,False,,1,0.48,40
real,0.05,2,True,2103,False,39999,0.675,False,,1,0.4,40
real,0.05,2,True,2104,False,39999,0.625,False,,1,0.48,40
real,0.05,3,True,3100,False,39999,0.65,False,,1,0.44,40
real,0.05,3,True,3101,False,39999,0.75,False,,1,0.32,40
real,0.05,3,True,3102,False,39999,0.625,False,,1,0.4,40
real,0.05,3,True,3103,False,39999,0.55,False,,1,0.4,40
real,0.05,3,True,3104,False,39999,0.6,False,,1,0.52,40
real,0.05,4,True,4100,False,39999,0.55,False,,1,0.52,40
real,0.05,4,True,4101,False,39999,0.675,False,,1,0.48,40
real,0.05,4,True,4102,False,39999,0.65,False,,1,0.4,40
real,0.05,4,True,4103,False,39999,0.7,False,,1,0.56,40
real,0.05,4,True,4104,False,39999,0.7,False,,1,0.48,40
real,0.05,5,True,5100,False,39999,0.7,False,,1,0.44,40
real,0.05,5,True,5101,False,39999,0.875,False,,1,0.36,40
real,0.05,5,True,5102,False,39999,0.725,False,,1,0.56,40
real,0.05,5,True,5103,False,39999,0.675,False,,1,0.52,40
real,0.05,5,True,5104,False,39999,0.575,False,,1,0.68,40
real,0.05,6,True,6100,False,39999,1.0,True,2,1,0.52,40
real,0.05,6,True,6101,False,39999,0.575,False,,1,0.6,40
real,0.05,6,True,6102,False,39999,0.625,False,,1,0.36,40
real,0.05,6,True,6103,False,39999,0.575,False,,1,0.56,40
real,0.05,6,True,6104,False,39999,0.625,False,,1,0.48,40
real,0.05,7,True,7100,False,39999,0.7,False,,1,0.4,40
real,0.05,7,True,7101,False,39999,0.775,False,,1,0.24,40
real,0.05,7,True,7102,False,39999,0.575,False,,1,0.48,40
real,0.05,7,True,7103,False,39999,0.525,False,,1,0.56,40
real,0.05,7,True,7104,False,39999,0.725,False,,1,0.76,40
real,0.05,8,True,8100,False,39999,0.65,False,,1,0.56,40
real,0.05,8,True,8101,False,39999,0.575,False,,1,0.44,40
real,0.05,8,True,8102,False,39999,0.525,False,,1,0.48,40
real,0.05,8,True,8103,False,39999,0.55,False,,1,0.6,40
real,0.05,8,True,8104,False,39999,0.55,False,,1,0.6,40
real,0.05,9,True,9100,False,39999,0.625,False,,1,0.6,40
real,0.05,9,True,9101,False,39999,0.575,False,,1,0.52,40
real,0.05,9,True,9102,False,39999,0.65,False,,1,0.44,40
real,0.05,9,True,9103,False,39999,0.85,False,,1,0.56,40
real,0.05,9,True,9104,False,39999,0.7,False,,1,0.64,40
real,0.05,10,True,10100,False,39999,0.55,False,,1,0.64,40
real,0.05,10,True,10101,False,39999,0.65,False,,1,0.68,40
real,0.05,10,True,10102,False,39999,0.7,False,,1,0.6,40
real,0.05,10,True,10103,False,39999,0.675,False,,1,0.4,40
real,0.05,10,True,10104,False,39999,0.65,False,,1,0.52,40
real,0.05,11,True,11100,False,39999,0.45,False,,1,0.44,40
real,0.05,11,True,11101,False,39999,0.525,False,,1,0.56,40
real,0.05,11,True,11102,False,39999,0.675,False,,1,0.48,40
real,0.05,11,True,11103,False,39999,0.5,False,,1,0.56,40
real,0.05,11,True,11104,False,39999,0.7,False,,1,0.4,40
real,0.05,12,True,12100,False,39999,0.6,False,,1,0.52,40
real,0.05,12,True,12101,False,39999,0.675,False,,1,0.44,40
real,0.05,12,True,12102,False,39999,0.475,False,,1,0.32,40
real,0.05,12,True,12103,False,39999,0.7,False,,1,0.44,40
real,0.05,12,True,12104,False,39999,0.625,False,,1,0.6,40
real,0.05,13,True,13100,False,39999,0.85,False,,1,0.48,40
real,0.05,13,True,13101,False,39999,0.6,False,,1,0.64,40
real,0.05,13,True,13102,False,39999,0.6,False,,1,0.6,40
real,0.05,13,True,13103,False,39999,0.55,False,,1,0.52,40
real,0.05,13,True,13104,False,39999,0.45,False,,1,0.44,40
real,0.05,14,True,14100,False,39999,0.575,False,,1,0.44,40
real,0.05,14,True,14101,False,39999,0.625,False,,1,0.48,40
real,0.05,14,True,14102,False,39999,0.75,False,,1,0.36,40
real,0.05,14,True,14103,False,39999,0.65,False,,1,0.6,40
real,0.05,14,True,14104,False,39999,0.625,False,,1,0.52,40
real,0.05,15,True,15100,False,39999,0.575,False,,1,0.48,40
real,0.05,15,True,15101,False,39999,0.5,False,,1,0.52,40
real,0.05,15,True,15102,False,39999,0.6,False,,1,0.36,40
real,0.05,15,True,15103,False,39999,0.625,False,,1,0.56,40
real,0.05,15,True,15104,False,39999,0.525,False,,1,0.68,40
real,0.05,16,True,16100,False,39999,0.625,False,,1,0.52,40
real,0.05,16,True,16101,False,39999,0.725,False,,1,0.48,40
real,0.05,16,True,16102,False,39999,0.625,False,,1,0.52,40
real,0.05,16,True,16103,False,39999,0.575,False,,1,0.52,40
real,0.05,16,True,16104,False,39999,0.65,False,,1,0.44,40
real,0.05,17,True,17100,False,39999,0.65,False,,1,0.32,40
real,0.05,17,True,17101,False,39999,0.6,False,,1,0.44,40
real,0.05,17,True,17102,False,39999,0.55,False,,1,0.56,40
real,0.05,17,True,17103,False,39999,0.55,False,,1,0.52,40
real,0.05,17,True,17104,False,39999,0.775,False,,1,0.64,40
real,0.05,18,True,18100,False,39999,0.675,False,,1,0.6,40
real,0.05,18,True,18101,False,39999,0.675,False,,1,0.64,40
real,0.05,18,True,18102,False,39999,0.9,False,,1,0.44,40
real,0.05,18,True,18103,False,39999,0.575,False,,1,0.52,40
real,0.05,18,True,18104,False,39999,0.875,False,,1,0.56,40
real,0.05,19,True,19100,False,39999,1.0,True,2,1,0.6,40
real,0.05,19,True,19101,False,39999,0.6,False,,1,0.52,40
real,0.05,19,True,19102,False,39999,0.55,False,,1,0.68,40
real,0.05,19,True,19103,False,39999,0.625,False,,1,0.52,40
real,0.05,19,True,19104,False,39999,0.8,False,,1,0.48,40
real,0.05,20,True,20100,False,39999,0.775,False,,1,0.4,40
real,0.05,20,True,20101,False,39999,0.7,False,,1,0.56,40
real,0.05,20,True,20102,False,39999,0.65,False,,1,0.68,40
real,0.05,20,True,20103,False,39999,0.775,False,,1,0.32,40
real,0.05,20,True,20104,False,39999,0.825,False,,1,0.56,40
real,0.05,21,True,21100,False,39999,0.625,False,,1,0.64,40
real,0.05,21,True,21101,False,39999,0.55,False,,1,0.44,40
real,0.05,21,True,21102,False,39999,0.525,False,,1,0.56,40
real,0.05,21,True,21103,False,39999,0.65,False,,1,0.56,40
real,0.05,21,True,21104,False,39999,0.675,False,,1,0.64,40
real,0.05,22,True,22100,False,39999,0.575,False,,1,0.6,40
real,0.05,22,True,22101,False,39999,0.725,False,,1,0.48,40
real,0.05,22,True,22102,False,39999,0.7,False,,1,0.6,40
real,0.05,22,True,22103,False,39999,0.675,False,,1,0.52,40
real,0.05,22,True,22104,False,39999,0.675,False,,1,0.6,40
real,0.05,23,True,23100,False,39999,0.725,False,,1,0.6,40
real,0.05,23,True,23101,False,39999,0.625,False,,1,0.4,40
real,0.05,23,True,23102,False,39999,0.575,False,,1,0.36,40
real,0.05,23,True,23103,False,39999,0.55,False,,1,0.44,40
real,0.05,23,True,23104,False,39999,0.425,False,,1,0.48,40
real,0.05,24,True,24100,False,39999,0.575,False,,1,0.6,40
real,0.05,24,True,24101,False,39999,1.0,True,2,1,0.44,40
real,0.05,24,True,24102,False,39999,0.575,False,,1,0.4,40
real,0.05,24,True,24103,False,39999,0.6,False,,1,0.68,40
real,0.05,24,True,24104,False,39999,0.525,False,,1,0.32,40
real,0.05,25,True,25100,False,39999,0.55,False,,1,0.4,40
real,0.05,25,True,25101,False,39999,0.7,False,,1,0.56,40
real,0.05,25,True,25102,False,39999,0.575,False,,1,0.48,40
real,0.05,25,True,25103,False,39999,0.55,False,,1,0.32,40
real,0.05,25,True,25104,False,39999,0.675,False,,1,0.56,40
real,0.05,26,True,26100,False,39999,0.7,False,,1,0.48,40
real,0.05,26,True,26101,False,39999,0.625,False,,1,0.44,40
real,0.05,26,True,26102,False,39999,0.775,False,,1,0.6,40
real,0.05,26,True,26103,False,39999,0.55,False,,1,0.64,40
real,0.05,26,True,26104,False,39999,0.65,False,,1,0.4,40
real,0.05,27,True,27100,False,39999,0.6,False,,1,0.52,40
real,0.05,27,True,27101,False,39999,0.575,False,,1,0.6,40
real,0.05,27,True,27102,False,39999,0.525,False,,1,0.32,40
real,0.05,27,True,27103,False,39999,0.475,False,,1,0.44,40
real,0.05,27,True,27104,False,39999,0.75,False,,1,0.44,40
real,0.05,28,True,28100,False,39999,0.55,False,,1,0.28,40
real,0.05,28,True,28101,False,39999,0.75,False,,1,0.6,40
real,0.05,28,True,28102,False,39999,0.575,False,,1,0.6,40
real,0.05,28,True,28103,False,39999,0.575,False,,1,0.56,40
real,0.05,28,True,28104,False,39999,0.575,False,,1,0.56,40
real,0.05,29,True,29100,False,39999,0.6,False,,1,0.48,40
real,0.05,29,True,29101,False,39999,1.0,True,2,1,0.44,40
real,0.05,29,True,29102,False,39999,0.6,False,,1,0.64,40
real,0.05,29,True,29103,False,39999,0.675,False,,1,0.52,40
real,0.05,29,True,29104,False,39999,0.65,False,,1,0.6,40
random,0.0,0,True,100,True,800,1.0,True,2,1,0.6842105263157895,19
random,0.0,0,True,101,True,1150,1.0,False,,1,0.5789473684210527,19
random,0.0,0,True,102,True,850,1.0,False,,1,0.5263157894736842,19
random,0.0,0,True,103,True,950,1.0,True,2,1,0.631578947368421,19
random,0.0,0,True,104,True,1000,1.0,True,2,1,0.7368421052631579,19
random,0.0,1,True,1100,True,1000,1.0,True,2,1,0.631578947368421,19
random,0.0,1,True,1101,True,1100,1.0,True,2,1,0.6842105263157895,19
random,0.0,1,True,1102,True,1100,1.0,True,2,1,0.3684210526315789,19
random,0.0,1,True,1103,True,950,1.0,True,2,1,0.5789473684210527,19
random,0.0,1,True,1104,True,1000,1.0,True,2,1,0.5789473684210527,19
random,0.0,2,True,2100,True,850,1.0,True,2,1,0.5789473684210527,15
random,0.0,2,True,2101,True,1200,1.0,True,2,1,0.47368421052631576,15
random,0.0,2,True,2102,True,1000,1.0,True,2,1,0.6842105263157895,15
random,0.0,2,True,2103,True,1250,1.0,True,2,1,0.5789473684210527,15
random,0.0,2,True,2104,True,900,1.0,True,2,1,0.5789473684210527,15
random,0.0,3,True,3100,True,850,1.0,True,2,1,0.8947368421052632,16
random,0.0,3,True,3101,True,1100,1.0,True,2,1,0.47368421052631576,16
random,0.0,3,True,3102,True,850,1.0,True,2,1,0.7368421052631579,16
random,0.0,3,True,3103,True,850,1.0,True,2,1,0.5789473684210527,16
random,0.0,3,True,3104,True,1450,1.0,True,2,1,0.3684210526315789,16
random,0.0,4,True,4100,True,1100,1.0,True,2,1,0.5789473684210527,17
random,0.0,4,True,4101,True,1050,1.0,True,2,1,0.42105263157894735,17
random,0.0,4,True,4102,True,1300,1.0,True,2,1,0.5789473684210527,17
random,0.0,4,True,4103,True,1500,1.0,True,2,1,0.5789473684210527,17
random,0.0,4,True,4104,True,1000,1.0,True,2,1,0.631578947368421,17
random,0.0,5,True,5100,True,950,1.0,True,2,1,0.6842105263157895,18
random,0.0,5,True,5101,True,850,1.0,True,2,1,0.7368421052631579,18
random,0.0,5,True,5102,True,900,1.0,True,2,1,0.5789473684210527,18
random,0.0,5,True,5103,True,900,1.0,True,2,1,0.6842105263157895,18
random,0.0,5,True,5104,True,1100,1.0,True,2,1,0.3684210526315789,18
random,0.0,6,True,6100,True,1150,1.0,True,2,1,0.7368421052631579,17
random,0.0,6,True,6101,True,1700,1.0,True,2,1,0.5263157894736842,17
random,0.0,6,True,6102,True,1200,1.0,True,2,1,0.5789473684210527,17
random,0.0,6,True,6103,True,900,1.0,True,2,1,0.5263157894736842,17
random,0.0,6,True,6104,True,1450,1.0,True,2,1,0.5263157894736842,17
random,0.0,7,True,7100,True,1950,1.0,True,2,1,0.631578947368421,13
random,0.0,7,True,7101,True,900,1.0,True,2,1,0.7368421052631579,13
random,0.0,7,True,7102,True,1000,1.0,True,2,1,0.7368421052631579,13
random,0.0,7,True,7103,True,1350,1.0,True,2,1,0.7368421052631579,13
random,0.0,7,True,7104,True,1350,1.0,True,2,1,0.631578947368421,13
random,0.0,8,True,8100,True,900,1.0,True,2,1,0.7894736842105263,18
random,0.0,8,True,8101,True,950,1.0,True,2,1,0.3684210526315789,18
random,0.0,8,True,8102,True,900,1.0,True,2,1,0.631578947368421,18
random,0.0,8,True,8103,True,1700,1.0,True,2,1,0.47368421052631576,18
random,0.0,8,True,8104,True,1050,1.0,True,2,1,0.5263157894736842,18
random,0.0,9,True,9100,True,1250,1.0,True,2,1,0.47368421052631576,15
random,0.0,9,True,9101,True,1050,1.0,True,2,1,0.3684210526315789,15
random,0.0,9,True,9102,True,1200,1.0,True,2,1,0.631578947368421,15
random,0.0,9,True,9103,True,850,1.0,True,2,1,0.7368421052631579,15
random,0.0,9,True,9104,True,1700,1.0,True,2,1,0.3157894736842105,15
random,0.0,10,True,10100,True,850,1.0,True,2,1,0.6842105263157895,18
random,0.0,10,True,10101,True,850,1.0,True,2,1,0.7894736842105263,18
random,0.0,10,True,10102,True,850,1.0,True,2,1,0.6842105263157895,18
random,0.0,10,True,10103,True,900,1.0,True,2,1,0.6842105263157895,18
random,0.0,10,True,10104,True,1600,1.0,True,2,1,0.42105263157894735,18
random,0.0,11,True,11100,True,850,1.0,True,2,1,0.7368421052631579,17
random,0.0,11,True,11101,True,800,1.0,True,2,1,0.7368421052631579,17
random,0.0,11,True,11102,True,900,1.0,True,2,1,0.5263157894736842,17
random,0.0,11,True,11103,True,950,1.0,True,2,1,0.5789473684210527,17
random,0.0,11,True,11104,True,1000,1.0,True,2,1,0.6842105263157895,17
random,0.0,12,True,12100,True,950,1.0,True,2,1,0.7894736842105263,17
random,0.0,12,True,12101,True,1450,1.0,True,2,1,0.5263157894736842,17
random,0.0,12,True,12102,True,1000,1.0,False,,1,0.631578947368421,17
random,0.0,12,True,12103,True,850,1.0,False,,1,0.7368421052631579,17
random,0.0,12,True,12104,True,850,1.0,True,2,1,0.6842105263157895,17
random,0.0,13,True,13100,True,850,1.0,True,2,1,0.6842105263157895,19
random,0.0,13,True,13101,True,950,1.0,True,2,1,0.631578947368421,19
random,0.0,13,True,13102,True,900,1.0,True,2,1,0.6842105263157895,19
random,0.0,13,True,13103,True,950,1.0,True,2,1,0.7368421052631579,19
random,0.0,13,True,13104,True,1200,1.0,True,2,1,0.42105263157894735,19
random,0.0,14,True,14100,True,1250,1.0,True,2,1,0.3684210526315789,16
random,0.0,14,True,14101,True,950,1.0,True,2,1,0.5789473684210527,16
random,0.0,14,True,14102,True,1150,1.0,True,2,1,0.5789473684210527,16
random,0.0,14,True,14103,True,1700,1.0,True,2,1,0.5789473684210527,16
random,0.0,14,True,14104,True,2500,1.0,True,2,1,0.3157894736842105,16
random,0.0,15,True,15100,True,1250,1.0,True,2,1,0.5263157894736842,16
random,0.0,15,True,15101,True,1100,1.0,True,2,1,0.5789473684210527,16
random,0.0,15,True,15102,True,900,1.0,True,2,1,0.6842105263157895,16
random,0.0,15,True,15103,True,900,1.0,True,2,1,0.5263157894736842,16
random,0.0,15,True,15104,True,950,1.0,True,2,1,0.5263157894736842,16
random,0.0,16,True,16100,True,850,1.0,True,2,1,0.7368421052631579,17
random,0.0,16,True,16101,True,1000,1.0,True,2,1,0.5263157894736842,17
random,0.0,16,True,16102,True,1050,1.0,True,2,1,0.47368421052631576,17
random,0.0,16,True,16103,True,950,1.0,True,2,1,0.631578947368421,17
random,0.0,16,True,16104,True,1350,1.0,True,2,1,0.47368421052631576,17
random,0.0,17,True,17100,True,850,1.0,False,,1,0.6842105263157895,15
random,0.0,17,True,17101,True,1000,1.0,False,,1,0.631578947368421,15
random,0.0,17,True,17102,True,1000,1.0,True,2,1,0.631578947368421,15
random,0.0,17,True,17103,True,1000,1.0,True,2,1,0.631578947368421,15
random,0.0,17,True,17104,True,1000,1.0,False,,1,0.6842105263157895,15
random,0.0,18,True,18100,True,850,1.0,True,2,1,0.6842105263157895,14
random,0.0,18,True,18101,True,1450,1.0,True,2,1,0.631578947368421,14
random,0.0,18,True,18102,True,950,1.0,True,2,1,0.631578947368421,14
random,0.0,18,True,18103,True,950,1.0,True,2,1,0.631578947368421,14
random,0.0,18,True,18104,True,1400,1.0,True,2,1,0.631578947368421,14
random,0.0,19,True,19100,True,1250,1.0,True,2,1,0.631578947368421,15
random,0.0,19,True,19101,True,1000,1.0,True,2,1,0.5789473684210527,15
random,0.0,19,True,19102,True,900,1.0,True,2,1,0.631578947368421,15
random,0.0,19,True,19103,True,900,1.0,False,,1,0.6842105263157895,15
random,0.0,19,True,19104,True,1300,1.0,True,2,1,0.631578947368421,15
random,0.0,20,True,20100,True,950,1.0,True,2,1,0.5263157894736842,14
random,0.0,20,True,20101,True,2650,1.0,True,2,1,0.42105263157894735,14
random,0.0,20,True,20102,True,1050,1.0,True,2,1,0.631578947368421,14
random,0.0,20,True,20103,True,1000,1.0,True,2,1,0.7368421052631579,14
random,0.0,20,True,20104,True,1300,1.0,True,2,1,0.5789473684210527,14
random,0.0,21,True,21100,True,1350,1.0,True,2,1,0.7368421052631579,14
random,0.0,21,True,21101,True,1300,1.0,True,2,1,0.5789473684210527,14
random,0.0,21,True,21102,True,1550,1.0,True,2,1,0.631578947368421,14
random,0.0,21,True,21103,True,1000,1.0,True,2,1,0.631578947368421,14
random,0.0,21,True,21104,True,1100,1.0,True,2,1,0.6842105263157895,14
random,0.0,22,True,22100,True,1200,1.0,True,2,1,0.3684210526315789,16
random,0.0,22,True,22101,True,1200,1.0,True,2,1,0.5789473684210527,16
random,0.0,22,True,22102,True,900,1.0,True,2,1,0.7368421052631579,16
random,0.0,22,True,22103,True,1050,1.0,True,2,1,0.631578947368421,16
random,0.0,22,True,22104,True,850,1.0,True,2,1,0.7894736842105263,16
random,0.0,23,True,23100,True,1050,1.0,True,2,1,0.5789473684210527,22
random,0.0,23,True,23101,True,1100,1.0,True,2,1,0.5263157894736842,22
random,0.0,23,True,23102,True,1150,1.0,True,2,1,0.5263157894736842,22
random,0.0,23,True,23103,True,1000,1.0,True,2,1,0.5263157894736842,22
random,0.0,23,True,23104,True,800,1.0,True,2,1,0.631578947368421,22
random,0.0,24,True,24100,True,1050,1.0,True,2,1,0.5789473684210527,20
random,0.0,24,True,24101,True,1400,1.0,True,2,1,0.2631578947368421,20
random,0.0,24,True,24102,True,800,1.0,True,2,1,0.631578947368421,20
random,0.0,24,True,24103,True,1550,1.0,True,2,1,0.6842105263157895,20
random,0.0,24,True,24104,True,900,1.0,True,2,1,0.6842105263157895,20
random,0.0,25,True,25100,True,1100,1.0,True,2,1,0.5263157894736842,14
random,0.0,25,True,25101,True,1600,1.0,True,2,1,0.631578947368421,14
random,0.0,25,True,25102,True,1100,1.0,True,2,1,0.631578947368421,14
random,0.0,25,True,25103,True,1350,1.0,True,2,1,0.5263157894736842,14
random,0.0,25,True,25104,True,1400,1.0,True,2,1,0.47368421052631576,14
random,0.0,26,True,26100,True,900,1.0,True,2,1,0.631578947368421,15
random,0.0,26,True,26101,True,1350,1.0,True,2,1,0.6842105263157895,15
random,0.0,26,True,26102,True,850,1.0,True,2,1,0.5789473684210527,15
random,0.0,26,True,26103,True,2150,1.0,True,2,1,0.47368421052631576,15
random,0.0,26,True,26104,True,850,1.0,True,2,1,0.6842105263157895,15
random,0.0,27,True,27100,True,1500,1.0,False,,1,0.6842105263157895,19
random,0.0,27,True,27101,True,1050,1.0,True,2,1,0.6842105263157895,19
random,0.0,27,True,27102,True,1250,1.0,True,2,1,0.631578947368421,19
random,0.0,27,True,27103,True,850,1.0,False,,1,0.6842105263157895,19
random,0.0,27,True,27104,True,800,1.0,False,,1,0.6842105263157895,19
random,0.0,28,True,28100,True,950,1.0,True,2,1,0.7894736842105263,16
random,0.0,28,True,28101,True,1050,1.0,True,2,1,0.5789473684210527,16
random,0.0,28,True,28102,True,1450,1.0,True,2,1,0.21052631578947367,16
random,0.0,28,True,28103,True,1150,1.0,True,2,1,0.6842105263157895,16
random,0.0,28,True,28104,True,1000,1.0,True,2,1,0.42105263157894735,16
random,0.0,29,True,29100,True,1050,1.0,True,2,1,0.5789473684210527,16
random,0.0,29,True,29101,True,1050,1.0,True,2,1,0.631578947368421,16
random,0.0,29,True,29102,True,1100,1.0,True,2,1,0.5789473684210527,16
random,0.0,29,True,29103,True,1150,1.0,True,2,1,0.5263157894736842,16
random,0.0,29,True,29104,True,1650,1.0,True,2,1,0.5263157894736842,16
random,0.002,0,True,100,True,800,1.0,True,2,1,0.6842105263157895,19
random,0.002,0,True,101,True,1150,1.0,False,,1,0.5789473684210527,19
random,0.002,0,True,102,True,850,1.0,False,,1,0.5263157894736842,19
random,0.002,0,True,103,True,950,1.0,True,2,1,0.631578947368421,19
random,0.002,0,True,104,True,1000,1.0,True,2,1,0.7368421052631579,19
random,0.002,1,True,1100,True,1000,1.0,True,2,1,0.631578947368421,19
random,0.002,1,True,1101,True,1100,1.0,True,2,1,0.6842105263157895,19
random,0.002,1,True,1102,True,1450,1.0,True,2,1,0.42105263157894735,19
random,0.002,1,True,1103,True,1500,1.0,True,2,1,0.3157894736842105,19
random,0.002,1,True,1104,True,1000,1.0,True,2,1,0.5789473684210527,19
random,0.002,2,True,2100,True,1550,1.0,True,2,1,0.5789473684210527,15
random,0.002,2,True,2101,True,1200,1.0,True,2,1,0.47368421052631576,15
random,0.002,2,True,2102,True,1200,1.0,True,2,1,0.5789473684210527,15
random,0.002,2,True,2103,True,1250,1.0,True,2,1,0.5789473684210527,15
random,0.002,2,True,2104,True,900,1.0,True,2,1,0.5789473684210527,15
random,0.002,3,True,3100,True,1500,1.0,True,2,1,0.631578947368421,16
random,0.002,3,True,3101,True,1100,1.0,True,2,1,0.47368421052631576,16
random,0.002,3,True,3102,True,850,1.0,True,2,1,0.7368421052631579,16
random,0.002,3,True,3103,True,1550,1.0,True,2,1,0.5789473684210527,16
random,0.002,3,True,3104,True,1700,1.0,True,2,1,0.42105263157894735,16
random,0.002,4,True,4100,True,1100,1.0,True,2,1,0.3684210526315789,17
random,0.002,4,True,4101,True,3300,1.0,True,2,1,0.3684210526315789,17
random,0.002,4,True,4102,True,1300,1.0,True,2,1,0.5789473684210527,17
random,0.002,4,True,4103,True,1500,1.0,True,2,1,0.5789473684210527,17
random,0.002,4,True,4104,True,1000,1.0,True,2,1,0.631578947368421,17
random,0.002,5,True,5100,True,950,1.0,True,2,1,0.6842105263157895,18
random,0.002,5,True,5101,True,850,1.0,True,2,1,0.7368421052631579,18
random,0.002,5,True,5102,True,1400,1.0,True,2,1,0.42105263157894735,18
random,0.002,5,True,5103,True,3150,1.0,True,2,1,0.5789473684210527,18
random,0.002,5,True,5104,True,1100,1.0,True,2,1,0.3684210526315789,18
random,0.002,6,True,6100,True,1150,1.0,True,2,1,0.7368421052631579,17
random,0.002,6,True,6101,True,1100,1.0,True,2,1,0.5789473684210527,17
random,0.002,6,True,6102,True,1450,1.0,True,2,1,0.5789473684210527,17
random,0.002,6,True,6103,True,1200,1.0,True,2,1,0.5789473684210527,17
random,0.002,6,True,6104,True,1450,1.0,True,2,1,0.5263157894736842,17
random,0.002,7,True,7100,True,2000,1.0,True,2,1,0.6842105263157895,13
random,0.002,7,True,7101,True,1700,1.0,True,2,1,0.5789473684210527,13
random,0.002,7,True,7102,True,1000,1.0,True,2,1,0.7368421052631579,13
random,0.002,7,True,7103,True,1500,1.0,True,2,1,0.5789473684210527,13
random,0.002,7,True,7104,True,1350,1.0,True,2,1,0.5263157894736842,13
random,0.002,8,True,8100,True,900,1.0,True,2,1,0.7894736842105263,18
random,0.002,8,True,8101,True,1600,1.0,True,2,1,0.3684210526315789,18
random,0.002,8,True,8102,True,900,1.0,True,2,1,0.631578947368421,18
random,0.002,8,True,8103,True,4000,1.0,True,2,1,0.6842105263157895,18
random,0.002,8,True,8104,True,1050,1.0,True,2,1,0.5263157894736842,18
random,0.002,9,True,9100,True,1250,1.0,True,2,1,0.47368421052631576,15
random,0.002,9,True,9101,True,1050,1.0,True,2,1,0.3684210526315789,15
random,0.002,9,True,9102,True,1950,1.0,True,2,1,0.5263157894736842,15
random,0.002,9,True,9103,True,850,1.0,True,2,1,0.7368421052631579,15
random,0.002,9,True,9104,True,1450,1.0,True,2,1,0.47368421052631576,15
random,0.002,10,True,10100,True,1150,1.0,True,2,1,0.631578947368421,18
random,0.002,10,True,10101,True,850,1.0,True,2,1,0.7894736842105263,18
random,0.002,10,True,10102,True,850,1.0,True,2,1,0.6842105263157895,18
random,0.002,10,True,10103,True,1150,1.0,True,2,1,0.42105263157894735,18
random,0.002,10,True,10104,True,2000,1.0,True,2,1,0.6842105263157895,18
random,0.002,11,True,11100,True,2550,1.0,True,2,1,0.631578947368421,17
random,0.002,11,True,11101,True,800,1.0,True,2,1,0.7368421052631579,17
random,0.002,11,True,11102,True,900,1.0,True,2,1,0.5263157894736842,17
random,0.002,11,True,11103,True,950,1.0,True,2,1,0.5789473684210527,17
random,0.002,11,True,11104,True,1350,1.0,True,2,1,0.5789473684210527,17
random,0.002,12,True,12100,True,950,1.0,True,2,1,0.7894736842105263,17
random,0.002,12,True,12101,True,2700,1.0,True,2,1,0.5789473684210527,17
random,0.002,12,True,12102,True,1000,1.0,False,,1,0.631578947368421,17
random,0.002,12,True,12103,True,850,1.0,False,,1,0.7368421052631579,17
random,0.002,12,True,12104,True,850,1.0,True,2,1,0.6842105263157895,17
random,0.002,13,True,13100,True,850,1.0,True,2,1,0.6842105263157895,19
random,0.002,13,True,13101,True,950,1.0,True,2,1,0.631578947368421,19
random,0.002,13,True,13102,True,1450,1.0,True,2,1,0.7368421052631579,19
random,0.002,13,True,13103,True,950,1.0,True,2,1,0.7368421052631579,19
random,0.002,13,True,13104,True,1200,1.0,True,2,1,0.42105263157894735,19
random,0.002,14,True,14100,True,2350,1.0,True,2,1,0.3684210526315789,16
random,0.002,14,True,14101,True,2050,1.0,True,2,1,0.5789473684210527,16
random,0.002,14,True,14102,True,1150,1.0,True,2,1,0.5789473684210527,16
random,0.002,14,True,14103,True,1700,1.0,True,2,1,0.5789473684210527,16
random,0.002,14,True,14104,True,1450,1.0,True,2,1,0.5789473684210527,16
random,0.002,15,True,15100,True,1250,1.0,True,2,1,0.5263157894736842,16
random,0.002,15,True,15101,True,1100,1.0,True,2,1,0.5789473684210527,16
random,0.002,15,True,15102,True,900,1.0,True,2,1,0.6842105263157895,16
random,0.002,15,True,15103,True,900,1.0,True,2,1,0.5263157894736842,16
random,0.002,15,True,15104,True,1600,1.0,True,2,1,0.5789473684210527,16
random,0.002,16,True,16100,True,850,1.0,True,2,1,0.7368421052631579,17
random,0.002,16,True,16101,True,1000,1.0,True,2,1,0.5263157894736842,17
random,0.002,16,True,16102,True,1050,1.0,True,2,1,0.47368421052631576,17
random,0.002,16,True,16103,True,1500,1.0,True,2,1,0.3684210526315789,17
random,0.002,16,True,16104,True,1500,1.0,True,2,1,0.47368421052631576,17
random,0.002,17,True,17100,True,850,1.0,False,,1,0.6842105263157895,15
random,0.002,17,True,17101,True,900,1.0,True,2,1,0.5789473684210527,15
random,0.002,17,True,17102,True,1250,1.0,True,2,1,0.5789473684210527,15
random,0.002,17,True,17103,True,1250,1.0,False,,1,0.47368421052631576,15
random,0.002,17,True,17104,True,1000,1.0,False,,1,0.6842105263157895,15
random,0.002,18,True,18100,True,1400,1.0,True,2,1,0.6842105263157895,14
random,0.002,18,True,18101,True,1450,1.0,True,2,1,0.631578947368421,14
random,0.002,18,True,18102,True,950,1.0,True,2,1,0.631578947368421,14
random,0.002,18,True,18103,True,950,1.0,True,2,1,0.631578947368421,14
random,0.002,18,True,18104,True,1400,1.0,True,2,1,0.631578947368421,14
random,0.002,19,True,19100,True,1550,1.0,True,2,1,0.631578947368421,15
random,0.002,19,True,19101,True,1850,1.0,False,,1,0.42105263157894735,15
random,0.002,19,True,19102,True,3850,1.0,False,,1,0.7368421052631579,15
random,0.002,19,True,19103,True,1000,1.0,False,,1,0.6842105263157895,15
random,0.002,19,True,19104,True,1300,1.0,True,2,1,0.631578947368421,15
random,0.002,20,True,20100,True,950,1.0,True,2,1,0.5263157894736842,14
random,0.002,20,True,20101,True,4650,1.0,True,2,1,0.47368421052631576,14
random,0.002,20,True,20102,True,1050,1.0,True,2,1,0.631578947368421,14
random,0.002,20,True,20103,True,1000,1.0,True,2,1,0.7368421052631579,14
random,0.002,20,True,20104,True,1300,1.0,True,2,1,0.5789473684210527,14
random,0.002,21,True,21100,True,1350,1.0,True,2,1,0.7368421052631579,14
random,0.002,21,True,21101,True,1300,1.0,True,2,1,0.5789473684210527,14
random,0.002,21,True,21102,True,1550,1.0,True,2,1,0.47368421052631576,14
random,0.002,21,True,21103,True,3050,1.0,True,2,1,0.47368421052631576,14
random,0.002,21,True,21104,True,1100,1.0,True,2,1,0.6842105263157895,14
random,0.002,22,True,22100,True,1200,1.0,True,2,1,0.3684210526315789,16
random,0.002,22,True,22101,True,1200,1.0,True,2,1,0.5789473684210527,16
random,0.002,22,True,22102,True,1750,1.0,True,2,1,0.5263157894736842,16
random,0.002,22,True,22103,True,1050,1.0,True,2,1,0.631578947368421,16
random,0.002,22,True,22104,True,850,1.0,True,2,1,0.7894736842105263,16
random,0.002,23,True,23100,True,1050,1.0,True,2,1,0.5789473684210527,22
random,0.002,23,True,23101,True,1100,1.0,True,2,1,0.5263157894736842,22
random,0.002,23,True,23102,True,1450,1.0,True,2,1,0.5263157894736842,22
random,0.002,23,True,23103,True,1000,1.0,True,2,1,0.5263157894736842,22
random,0.002,23,True,23104,True,800,1.0,True,2,1,0.631578947368421,22
random,0.002,24,True,24100,True,1050,1.0,True,2,1,0.5789473684210527,20
random,0.002,24,True,24101,True,1950,1.0,True,2,1,0.42105263157894735,20
random,0.002,24,True,24102,True,800,1.0,True,2,1,0.631578947368421,20
random,0.002,24,True,24103,True,1550,1.0,True,2,1,0.6842105263157895,20
random,0.002,24,True,24104,True,1100,1.0,True,2,1,0.5789473684210527,20
random,0.002,25,True,25100,True,1550,1.0,True,2,1,0.5789473684210527,14
random,0.002,25,True,25101,True,1600,1.0,True,2,1,0.631578947368421,14
random,0.002,25,True,25102,True,1500,1.0,True,2,1,0.47368421052631576,14
random,0.002,25,True,25103,True,1350,1.0,True,2,1,0.5263157894736842,14
random,0.002,25,True,25104,True,1400,1.0,True,2,1,0.47368421052631576,14
random,0.002,26,True,26100,True,900,1.0,True,2,1,0.631578947368421,15
random,0.002,26,True,26101,True,1350,1.0,True,2,1,0.6842105263157895,15
random,0.002,26,True,26102,True,850,1.0,True,2,1,0.5789473684210527,15
random,0.002,26,True,26103,True,1250,1.0,True,2,1,0.631578947368421,15
random,0.002,26,True,26104,True,850,1.0,True,2,1,0.6842105263157895,15
random,0.002,27,True,27100,True,1750,1.0,False,,1,0.5263157894736842,19
random,0.002,27,True,27101,True,1350,1.0,False,,1,0.7368421052631579,19
random,0.002,27,True,27102,True,2100,1.0,False,,1,0.7368421052631579,19
random,0.002,27,True,27103,True,850,1.0,False,,1,0.6842105263157895,19
random,0.002,27,True,27104,True,800,1.0,False,,1,0.6842105263157895,19
random,0.002,28,True,28100,True,3250,1.0,True,2,1,0.47368421052631576,16
random,0.002,28,True,28101,True,1050,1.0,True,2,1,0.5789473684210527,16
random,0.002,28,True,28102,True,1450,1.0,True,2,1,0.21052631578947367,16
random,0.002,28,True,28103,True,1150,1.0,True,2,1,0.5263157894736842,16
random,0.002,28,True,28104,True,1900,1.0,True,2,1,0.2631578947368421,16
random,0.002,29,True,29100,True,1050,1.0,True,2,1,0.5789473684210527,16
random,0.002,29,True,29101,True,2000,1.0,True,2,1,0.5789473684210527,16
random,0.002,29,True,29102,True,2200,1.0,True,2,1,0.631578947368421,16
random,0.002,29,True,29103,True,1150,1.0,True,2,1,0.5263157894736842,16
random,0.002,29,True,29104,True,1550,1.0,True,2,1,0.5263157894736842,16
random,0.005,0,True,100,True,1100,1.0,True,2,1,0.3157894736842105,19
random,0.005,0,True,101,True,1150,1.0,False,,1,0.5789473684210527,19
random,0.005,0,True,102,True,850,1.0,False,,1,0.5263157894736842,19
random,0.005,0,True,103,True,6200,1.0,False,,1,0.42105263157894735,19
random,0.005,0,True,104,True,1000,1.0,True,2,1,0.7368421052631579,19
random,0.005,1,True,1100,True,2000,1.0,True,2,1,0.631578947368421,19
random,0.005,1,True,1101,True,1800,1.0,True,2,1,0.5263157894736842,19
random,0.005,1,True,1102,True,1450,1.0,True,2,1,0.42105263157894735,19
random,0.005,1,True,1103,True,1500,1.0,True,2,1,0.3157894736842105,19
random,0.005,1,True,1104,True,3250,1.0,True,2,1,0.5263157894736842,19
random,0.005,2,True,2100,True,2650,1.0,True,2,1,0.5789473684210527,15
random,0.005,2,True,2101,True,1200,1.0,True,2,1,0.47368421052631576,15
random,0.005,2,True,2102,True,1200,1.0,True,2,1,0.5789473684210527,15
random,0.005,2,True,2103,True,1050,1.0,True,2,1,0.5789473684210527,15
random,0.005,2,True,2104,True,900,1.0,True,2,1,0.5789473684210527,15
random,0.005,3,True,3100,True,7850,1.0,True,2,1,0.5789473684210527,16
random,0.005,3,True,3101,True,1100,1.0,True,2,1,0.47368421052631576,16
random,0.005,3,True,3102,True,6650,1.0,True,2,1,0.5789473684210527,16
random,0.005,3,True,3103,True,1550,1.0,True,2,1,0.5789473684210527,16
random,0.005,3,True,3104,True,1700,1.0,True,2,1,0.42105263157894735,16
random,0.005,4,True,4100,True,1100,1.0,True,2,1,0.3684210526315789,17
random,0.005,4,True,4101,True,3250,1.0,True,2,1,0.42105263157894735,17
random,0.005,4,True,4102,True,2550,1.0,True,2,1,0.47368421052631576,17
random,0.005,4,True,4103,True,3400,1.0,True,2,1,0.5789473684210527,17
random,0.005,4,True,4104,True,1000,1.0,True,2,1,0.631578947368421,17
random,0.005,5,True,5100,True,1300,1.0,True,2,1,0.6842105263157895,18
random,0.005,5,True,5101,True,850,1.0,True,2,1,0.5789473684210527,18
random,0.005,5,True,5102,True,1400,1.0,True,2,1,0.42105263157894735,18
random,0.005,5,True,5103,True,3100,1.0,True,2,1,0.6842105263157895,18
random,0.005,5,True,5104,True,3800,1.0,True,2,1,0.3684210526315789,18
random,0.005,6,True,6100,True,6200,1.0,True,2,1,0.631578947368421,17
random,0.005,6,True,6101,True,2900,1.0,True,2,1,0.5789473684210527,17
random,0.005,6,True,6102,True,1250,1.0,True,2,1,0.47368421052631576,17
random,0.005,6,True,6103,True,1200,1.0,True,2,1,0.5789473684210527,17
random,0.005,6,True,6104,True,3300,1.0,True,2,1,0.5263157894736842,17
random,0.005,7,True,7100,True,7000,1.0,True,2,1,0.3684210526315789,13
random,0.005,7,True,7101,True,7000,1.0,True,2,1,0.6842105263157895,13
random,0.005,7,True,7102,True,1000,1.0,True,2,1,0.7368421052631579,13
random,0.005,7,True,7103,True,3900,1.0,True,2,1,0.3684210526315789,13
random,0.005,7,True,7104,True,2050,1.0,True,2,1,0.631578947368421,13
random,0.005,8,True,8100,True,900,1.0,True,2,1,0.7894736842105263,18
random,0.005,8,True,8101,True,1700,1.0,True,2,1,0.42105263157894735,18
random,0.005,8,True,8102,True,900,1.0,True,2,1,0.631578947368421,18
random,0.005,8,True,8103,True,3900,1.0,True,2,1,0.5789473684210527,18
random,0.005,8,True,8104,True,1750,1.0,True,2,1,0.47368421052631576,18
random,0.005,9,True,9100,True,1250,1.0,True,2,1,0.47368421052631576,15
random,0.005,9,True,9101,True,1100,1.0,True,2,1,0.3684210526315789,15
random,0.005,9,True,9102,True,6150,1.0,True,2,1,0.47368421052631576,15
random,0.005,9,True,9103,True,850,1.0,True,2,1,0.7368421052631579,15
random,0.005,9,True,9104,True,1450,1.0,True,2,1,0.47368421052631576,15
random,0.005,10,True,10100,True,3300,1.0,True,2,1,0.42105263157894735,18
random,0.005,10,True,10101,True,850,1.0,True,2,1,0.7894736842105263,18
random,0.005,10,True,10102,True,850,1.0,True,2,1,0.6842105263157895,18
random,0.005,10,True,10103,True,1300,1.0,True,2,1,0.631578947368421,18
random,0.005,10,True,10104,True,2400,1.0,True,2,1,0.47368421052631576,18
random,0.005,11,True,11100,True,3000,1.0,True,2,1,0.5789473684210527,17
random,0.005,11,True,11101,True,2200,1.0,True,2,1,0.5263157894736842,17
random,0.005,11,True,11102,True,2450,1.0,True,2,1,0.631578947368421,17
random,0.005,11,True,11103,True,3650,1.0,True,2,1,0.5263157894736842,17
random,0.005,11,True,11104,True,2150,1.0,True,2,1,0.42105263157894735,17
random,0.005,12,True,12100,True,950,1.0,True,2,1,0.7894736842105263,17
random,0.005,12,True,12101,True,2700,1.0,False,,1,0.5789473684210527,17
random,0.005,12,True,12102,True,4600,1.0,False,,1,0.5263157894736842,17
random,0.005,12,True,12103,True,950,1.0,False,,1,0.7368421052631579,17
random,0.005,12,True,12104,True,850,1.0,True,2,1,0.6842105263157895,17
random,0.005,13,True,13100,True,850,1.0,True,2,1,0.6842105263157895,19
random,0.005,13,True,13101,True,1400,1.0,True,2,1,0.5263157894736842,19
random,0.005,13,True,13102,True,1500,1.0,True,2,1,0.42105263157894735,19
random,0.005,13,True,13103,True,3400,1.0,True,2,1,0.3157894736842105,19
random,0.005,13,True,13104,True,1200,1.0,True,2,1,0.42105263157894735,19
random,0.005,14,True,14100,True,2650,1.0,True,2,1,0.5263157894736842,16
random,0.005,14,True,14101,True,2650,1.0,True,2,1,0.47368421052631576,16
random,0.005,14,True,14102,True,1150,1.0,True,2,1,0.5789473684210527,16
random,0.005,14,True,14103,True,1650,1.0,True,2,1,0.5789473684210527,16
random,0.005,14,True,14104,True,5350,1.0,True,2,1,0.3684210526315789,16
random,0.005,15,True,15100,True,1100,1.0,True,2,1,0.5263157894736842,16
random,0.005,15,True,15101,True,1600,1.0,True,2,1,0.631578947368421,16
random,0.005,15,True,15102,True,1800,1.0,True,2,1,0.6842105263157895,16
random,0.005,15,True,15103,True,1800,1.0,True,2,1,0.5263157894736842,16
random,0.005,15,True,15104,True,1950,1.0,True,2,1,0.42105263157894735,16
random,0.005,16,True,16100,True,3650,1.0,True,2,1,0.5263157894736842,17
random,0.005,16,True,16101,True,1000,1.0,True,2,1,0.5263157894736842,17
random,0.005,16,True,16102,True,2350,1.0,True,2,1,0.631578947368421,17
random,0.005,16,True,16103,True,1800,1.0,True,2,1,0.3684210526315789,17
random,0.005,16,True,16104,True,3100,1.0,True,2,1,0.5789473684210527,17
random,0.005,17,True,17100,True,850,1.0,False,,1,0.6842105263157895,15
random,0.005,17,True,17101,True,950,1.0,False,,1,0.6842105263157895,15
random,0.005,17,True,17102,True,1850,1.0,True,2,1,0.5263157894736842,15
random,0.005,17,True,17103,True,1650,1.0,True,2,1,0.631578947368421,15
random,0.005,17,True,17104,True,1000,1.0,False,,1,0.6842105263157895,15
random,0.005,18,True,18100,True,1400,1.0,True,2,1,0.6842105263157895,14
random,0.005,18,True,18101,True,1450,1.0,True,2,1,0.631578947368421,14
random,0.005,18,True,18102,True,950,1.0,True,2,1,0.631578947368421,14
random,0.005,18,True,18103,True,2700,1.0,True,2,1,0.5263157894736842,14
random,0.005,18,True,18104,True,2150,1.0,True,2,1,0.5263157894736842,14
random,0.005,19,True,19100,True,2000,1.0,False,,1,0.3157894736842105,15
random,0.005,19,True,19101,True,5450,1.0,False,,1,0.47368421052631576,15
random,0.005,19,True,19102,True,5500,1.0,False,,1,0.6842105263157895,15
random,0.005,19,True,19103,True,3050,1.0,True,2,1,0.5789473684210527,15
random,0.005,19,True,19104,True,1300,1.0,True,2,1,0.631578947368421,15
random,0.005,20,True,20100,True,1700,1.0,True,2,1,0.5789473684210527,14
random,0.005,20,True,20101,True,5600,1.0,True,2,1,0.5263157894736842,14
random,0.005,20,True,20102,True,1550,1.0,True,2,1,0.631578947368421,14
random,0.005,20,True,20103,True,1000,1.0,True,2,1,0.7368421052631579,14
random,0.005,20,True,20104,True,2850,1.0,True,2,1,0.5789473684210527,14
random,0.005,21,True,21100,True,2850,1.0,True,2,1,0.47368421052631576,14
random,0.005,21,True,21101,True,1300,1.0,True,2,1,0.5789473684210527,14
random,0.005,21,True,21102,True,1750,1.0,True,2,1,0.7368421052631579,14
random,0.005,21,True,21103,True,7800,1.0,True,2,1,0.5263157894736842,14
random,0.005,21,True,21104,True,5600,1.0,True,2,1,0.47368421052631576,14
random,0.005,22,True,22100,True,1200,1.0,True,2,1,0.3684210526315789,16
random,0.005,22,True,22101,True,1200,1.0,True,2,1,0.47368421052631576,16
random,0.005,22,True,22102,True,1800,1.0,True,2,1,0.47368421052631576,16
random,0.005,22,True,22103,True,4300,1.0,True,2,1,0.5789473684210527,16
random,0.005,22,True,22104,True,4350,1.0,True,2,1,0.631578947368421,16
random,0.005,23,True,23100,True,1050,1.0,True,2,1,0.5789473684210527,22
random,0.005,23,True,23101,True,1750,1.0,True,2,1,0.5789473684210527,22
random,0.005,23,True,23102,True,1450,1.0,True,2,1,0.5263157894736842,22
random,0.005,23,True,23103,True,1100,1.0,True,2,1,0.3157894736842105,22
random,0.005,23,True,23104,True,800,1.0,True,2,1,0.631578947368421,22
random,0.005,24,True,24100,True,1050,1.0,True,2,1,0.5789473684210527,20
random,0.005,24,True,24101,True,1950,1.0,True,2,1,0.42105263157894735,20
random,0.005,24,True,24102,True,800,1.0,True,2,1,0.631578947368421,20
random,0.005,24,True,24103,True,1600,1.0,True,2,1,0.47368421052631576,20
random,0.005,24,True,24104,True,4200,1.0,True,2,1,0.5789473684210527,20
random,0.005,25,True,25100,True,2050,1.0,True,2,1,0.5789473684210527,14
random,0.005,25,True,25101,True,1600,1.0,True,2,1,0.631578947368421,14
random,0.005,25,True,25102,True,3450,1.0,True,2,1,0.5263157894736842,14
random,0.005,25,True,25103,True,1350,1.0,True,2,1,0.5263157894736842,14
random,0.005,25,True,25104,True,6800,1.0,True,2,1,0.5263157894736842,14
random,0.005,26,True,26100,True,900,1.0,True,2,1,0.631578947368421,15
random,0.005,26,True,26101,True,1350,1.0,True,2,1,0.6842105263157895,15
random,0.005,26,True,26102,True,850,1.0,True,2,1,0.5789473684210527,15
random,0.005,26,True,26103,True,5050,1.0,True,2,1,0.5789473684210527,15
random,0.005,26,True,26104,True,850,1.0,True,2,1,0.6842105263157895,15
random,0.005,27,True,27100,True,1750,1.0,False,,1,0.5263157894736842,19
random,0.005,27,True,27101,True,5050,1.0,False,,1,0.631578947368421,19
random,0.005,27,True,27102,True,2100,1.0,False,,1,0.7368421052631579,19
random,0.005,27,True,27103,True,1450,1.0,False,,1,0.6842105263157895,19
random,0.005,27,True,27104,True,1250,1.0,False,,1,0.6842105263157895,19
random,0.005,28,True,28100,True,3350,1.0,True,2,1,0.47368421052631576,16
random,0.005,28,True,28101,True,1050,1.0,True,2,1,0.5789473684210527,16
random,0.005,28,True,28102,True,1500,1.0,True,2,1,0.42105263157894735,16
random,0.005,28,True,28103,True,1150,1.0,True,2,1,0.631578947368421,16
random,0.005,28,True,28104,True,1850,1.0,True,2,1,0.6842105263157895,16
random,0.005,29,True,29100,True,1050,1.0,True,2,1,0.5789473684210527,16
random,0.005,29,True,29101,True,4350,1.0,True,2,1,0.631578947368421,16
random,0.005,29,True,29102,True,5000,1.0,True,2,1,0.2631578947368421,16
random,0.005,29,True,29103,True,10000,1.0,True,2,1,0.47368421052631576,16
random,0.005,29,True,29104,True,1500,1.0,True,2,1,0.631578947368421,16
random,0.01,0,True,100,True,2200,1.0,True,2,1,0.3157894736842105,19
random,0.01,0,True,101,True,1150,1.0,False,,1,0.5789473684210527,19
random,0.01,0,True,102,True,1500,1.0,False,,1,0.5263157894736842,19
random,0.01,0,True,103,True,10400,1.0,False,,1,0.3684210526315789,19
random,0.01,0,True,104,True,1000,1.0,True,2,1,0.7368421052631579,19
random,0.01,1,True,1100,True,1800,1.0,True,2,1,0.631578947368421,19
random,0.01,1,True,1101,True,1800,1.0,True,2,1,0.5263157894736842,19
random,0.01,1,True,1102,True,2300,1.0,True,2,1,0.42105263157894735,19
random,0.01,1,True,1103,True,1500,1.0,True,2,1,0.5789473684210527,19
random,0.01,1,True,1104,True,3350,1.0,True,2,1,0.42105263157894735,19
random,0.01,2,True,2100,True,29600,1.0,True,2,1,0.3684210526315789,15
random,0.01,2,True,2101,True,1200,1.0,True,2,1,0.47368421052631576,15
random,0.01,2,True,2102,True,1250,1.0,True,2,1,0.6842105263157895,15
random,0.01,2,True,2103,True,10900,1.0,True,2,1,0.5789473684210527,15
random,0.01,2,True,2104,True,5000,1.0,True,2,1,0.5789473684210527,15
random,0.01,3,True,3100,True,7600,1.0,True,2,1,0.47368421052631576,16
random,0.01,3,True,3101,True,1100,1.0,True,2,1,0.47368421052631576,16
random,0.01,3,True,3102,True,10650,1.0,True,2,1,0.5263157894736842,16
random,0.01,3,True,3103,True,16900,1.0,True,2,1,0.42105263157894735,16
random,0.01,3,True,3104,True,4450,1.0,True,2,1,0.8947368421052632,16
random,0.01,4,True,4100,True,3850,1.0,True,2,1,0.42105263157894735,17
random,0.01,4,True,4101,True,3850,1.0,True,2,1,0.42105263157894735,17
random,0.01,4,True,4102,True,7950,1.0,True,2,1,0.5789473684210527,17
random,0.01,4,True,4103,True,3550,1.0,True,2,1,0.42105263157894735,17
random,0.01,4,True,4104,True,1900,1.0,True,2,1,0.47368421052631576,17
random,0.01,5,True,5100,True,7500,1.0,True,2,1,0.5789473684210527,18
random,0.01,5,True,5101,True,10700,1.0,True,2,1,0.3157894736842105,18
random,0.01,5,True,5102,True,3750,1.0,True,2,1,0.2631578947368421,18
random,0.01,5,True,5103,True,8400,1.0,True,2,1,0.42105263157894735,18
random,0.01,5,True,5104,True,6400,1.0,True,2,1,0.631578947368421,18
random,0.01,6,True,6100,True,5900,1.0,True,2,1,0.47368421052631576,17
random,0.01,6,True,6101,True,2800,1.0,True,2,1,0.5789473684210527,17
random,0.01,6,True,6102,True,18000,1.0,True,2,1,0.5263157894736842,17
random,0.01,6,True,6103,True,1200,1.0,True,2,1,0.5789473684210527,17
random,0.01,6,True,6104,True,5500,1.0,True,2,1,0.5263157894736842,17
random,0.01,7,True,7100,True,13250,1.0,True,2,1,0.47368421052631576,13
random,0.01,7,True,7101,True,6900,1.0,True,2,1,0.47368421052631576,13
random,0.01,7,True,7102,True,3400,1.0,True,2,1,0.5789473684210527,13
random,0.01,7,True,7103,True,12000,1.0,True,2,1,0.47368421052631576,13
random,0.01,7,True,7104,True,1950,1.0,True,2,1,0.5789473684210527,13
random,0.01,8,True,8100,True,900,1.0,True,2,1,0.7894736842105263,18
random,0.01,8,True,8101,True,2100,1.0,True,2,1,0.42105263157894735,18
random,0.01,8,True,8102,True,3350,1.0,True,2,1,0.7368421052631579,18
random,0.01,8,True,8103,True,8750,1.0,True,1,1,0.3157894736842105,18
random,0.01,8,True,8104,True,3700,1.0,True,2,1,0.5789473684210527,18
random,0.01,9,True,9100,True,17450,1.0,True,2,1,0.5789473684210527,15
random,0.01,9,True,9101,True,1100,1.0,True,2,1,0.3684210526315789,15
random,0.01,9,True,9102,True,5950,1.0,True,2,1,0.42105263157894735,15
random,0.01,9,True,9103,True,3200,1.0,True,2,1,0.3684210526315789,15
random,0.01,9,True,9104,True,1750,1.0,True,2,1,0.6842105263157895,15
random,0.01,10,True,10100,True,4300,1.0,True,2,1,0.5789473684210527,18
random,0.01,10,True,10101,True,850,1.0,True,2,1,0.7894736842105263,18
random,0.01,10,True,10102,True,11500,1.0,True,2,1,0.6842105263157895,18
random,0.01,10,True,10103,True,2500,1.0,True,2,1,0.42105263157894735,18
random,0.01,10,True,10104,True,4650,1.0,True,2,1,0.6842105263157895,18
random,0.01,11,True,11100,True,4900,1.0,True,2,1,0.5789473684210527,17
random,0.01,11,True,11101,True,5900,1.0,True,2,1,0.5789473684210527,17
random,0.01,11,True,11102,True,5550,1.0,True,2,1,0.5789473684210527,17
random,0.01,11,True,11103,True,4000,1.0,True,2,1,0.5789473684210527,17
random,0.01,11,True,11104,True,7950,1.0,True,2,1,0.47368421052631576,17
random,0.01,12,True,12100,True,950,1.0,True,2,1,0.7894736842105263,17
random,0.01,12,True,12101,True,3000,1.0,False,,1,0.7368421052631579,17
random,0.01,12,True,12102,True,4500,1.0,False,,1,0.42105263157894735,17
random,0.01,12,True,12103,True,4800,1.0,False,,1,0.21052631578947367,17
random,0.01,12,True,12104,True,4250,1.0,False,,1,0.21052631578947367,17
random,0.01,13,True,13100,True,850,1.0,True,2,1,0.6842105263157895,19
random,0.01,13,True,13101,True,1400,1.0,True,2,1,0.5263157894736842,19
random,0.01,13,True,13102,True,1750,1.0,True,2,1,0.42105263157894735,19
random,0.01,13,True,13103,True,3200,1.0,True,2,1,0.3684210526315789,19
random,0.01,13,True,13104,True,1200,1.0,True,2,1,0.42105263157894735,19
random,0.01,14,True,14100,True,8350,1.0,True,2,1,0.3157894736842105,16
random,0.01,14,True,14101,True,2600,1.0,True,2,1,0.5263157894736842,16
random,0.01,14,True,14102,True,1150,1.0,True,2,1,0.5789473684210527,16
random,0.01,14,True,14103,True,3050,1.0,True,2,1,0.47368421052631576,16
random,0.01,14,True,14104,True,4500,1.0,True,2,1,0.5789473684210527,16
random,0.01,15,True,15100,True,4350,1.0,True,2,1,0.3157894736842105,16
random,0.01,15,True,15101,True,3450,1.0,True,2,1,0.631578947368421,16
random,0.01,15,True,15102,True,2700,1.0,True,2,1,0.6842105263157895,16
random,0.01,15,True,15103,True,1800,1.0,True,2,1,0.5263157894736842,16
random,0.01,15,True,15104,True,5000,1.0,True,1,1,0.42105263157894735,16
random,0.01,16,True,16100,True,1750,1.0,True,2,1,0.5263157894736842,17
random,0.01,16,True,16101,True,2600,1.0,True,2,1,0.631578947368421,17
random,0.01,16,True,16102,True,8400,1.0,True,2,1,0.3157894736842105,17
random,0.01,16,True,16103,True,3800,1.0,True,2,1,0.3684210526315789,17
random,0.01,16,True,16104,True,11650,1.0,True,2,1,0.5789473684210527,17
random,0.01,17,True,17100,True,1300,1.0,True,2,1,0.47368421052631576,15
random,0.01,17,True,17101,True,950,1.0,False,,1,0.6842105263157895,15
random,0.01,17,True,17102,True,10650,1.0,False,,1,0.631578947368421,15
random,0.01,17,True,17103,True,1750,1.0,True,2,1,0.3684210526315789,15
random,0.01,17,True,17104,True,1800,1.0,False,,1,0.3157894736842105,15
random,0.01,18,True,18100,True,29100,1.0,True,2,1,0.5789473684210527,14
random,0.01,18,True,18101,True,6250,1.0,True,2,1,0.5263157894736842,14
random,0.01,18,True,18102,True,5950,1.0,True,2,1,0.5789473684210527,14
random,0.01,18,True,18103,True,5200,1.0,True,2,1,0.5263157894736842,14
random,0.01,18,True,18104,True,25550,1.0,True,2,1,0.5789473684210527,14
random,0.01,19,True,19100,True,2250,1.0,False,,1,0.3684210526315789,15
random,0.01,19,True,19101,True,8100,1.0,False,,1,0.47368421052631576,15
random,0.01,19,True,19102,True,5250,1.0,False,,1,0.631578947368421,15
random,0.01,19,True,19103,True,5400,1.0,True,2,1,0.5263157894736842,15
random,0.01,19,True,19104,True,2250,1.0,False,,1,0.5263157894736842,15
random,0.01,20,True,20100,True,4150,1.0,True,2,1,0.3684210526315789,14
random,0.01,20,True,20101,True,25350,1.0,True,2,1,0.47368421052631576,14
random,0.01,20,True,20102,True,1850,1.0,True,2,1,0.631578947368421,14
random,0.01,20,True,20103,True,12100,1.0,True,2,1,0.3684210526315789,14
random,0.01,20,True,20104,True,8950,1.0,True,2,1,0.5263157894736842,14
random,0.01,21,True,21100,True,3450,1.0,True,2,1,0.21052631578947367,14
random,0.01,21,True,21101,True,1550,1.0,True,2,1,0.5789473684210527,14
random,0.01,21,True,21102,True,1750,1.0,True,2,1,0.7368421052631579,14
random,0.01,21,True,21103,True,9300,1.0,True,2,1,0.3157894736842105,14
random,0.01,21,True,21104,True,5500,1.0,True,2,1,0.42105263157894735,14
random,0.01,22,True,22100,True,1400,1.0,True,2,1,0.631578947368421,16
random,0.01,22,True,22101,True,1200,1.0,True,2,1,0.47368421052631576,16
random,0.01,22,True,22102,True,3300,1.0,True,2,1,0.5263157894736842,16
random,0.01,22,True,22103,True,24850,1.0,True,2,1,0.7368421052631579,16
random,0.01,22,True,22104,True,10350,1.0,True,2,1,0.631578947368421,16
random,0.01,23,True,23100,True,1750,1.0,True,2,1,0.47368421052631576,22
random,0.01,23,True,23101,True,5150,1.0,True,2,1,0.47368421052631576,22
random,0.01,23,True,23102,True,14500,1.0,True,2,1,0.3684210526315789,22
random,0.01,23,True,23103,True,6350,1.0,True,2,1,0.631578947368421,22
random,0.01,23,True,23104,True,2550,1.0,True,2,1,0.631578947368421,22
random,0.01,24,True,24100,True,1250,1.0,True,2,1,0.47368421052631576,20
random,0.01,24,True,24101,True,1950,1.0,True,2,1,0.42105263157894735,20
random,0.01,24,True,24102,True,1950,1.0,True,2,1,0.42105263157894735,20
random,0.01,24,True,24103,True,4800,1.0,True,2,1,0.5789473684210527,20
random,0.01,24,True,24104,True,5250,1.0,True,2,1,0.5263157894736842,20
random,0.01,25,True,25100,True,12650,1.0,True,2,1,0.5263157894736842,14
random,0.01,25,True,25101,True,6500,1.0,True,2,1,0.42105263157894735,14
random,0.01,25,True,25102,True,3400,1.0,True,2,1,0.47368421052631576,14
random,0.01,25,True,25103,True,1350,1.0,True,2,1,0.5263157894736842,14
random,0.01,25,True,25104,True,6750,1.0,True,2,1,0.631578947368421,14
random,0.01,26,True,26100,True,9200,1.0,True,2,1,0.42105263157894735,15
random,0.01,26,True,26101,True,5650,1.0,True,2,1,0.42105263157894735,15
random,0.01,26,True,26102,True,1200,1.0,True,2,1,0.5789473684210527,15
random,0.01,26,True,26103,True,1200,1.0,True,2,1,0.631578947368421,15
random,0.01,26,True,26104,True,7550,1.0,True,2,1,0.42105263157894735,15
random,0.01,27,True,27100,True,14600,1.0,False,,1,0.6842105263157895,19
random,0.01,27,True,27101,True,20250,1.0,True,2,1,0.631578947368421,19
random,0.01,27,True,27102,True,1250,1.0,True,2,1,0.631578947368421,19
random,0.01,27,True,27103,True,2300,1.0,False,,1,0.5789473684210527,19
random,0.01,27,True,27104,True,2100,1.0,False,,1,0.6842105263157895,19
random,0.01,28,True,28100,True,3300,1.0,True,2,1,0.6842105263157895,16
random,0.01,28,True,28101,True,3050,1.0,True,2,1,0.631578947368421,16
random,0.01,28,True,28102,True,1500,1.0,True,2,1,0.47368421052631576,16
random,0.01,28,True,28103,True,1450,1.0,True,2,1,0.631578947368421,16
random,0.01,28,True,28104,True,1850,1.0,True,2,1,0.7894736842105263,16
random,0.01,29,True,29100,True,1100,1.0,True,2,1,0.5263157894736842,16
random,0.01,29,True,29101,True,15450,1.0,True,2,1,0.6842105263157895,16
random,0.01,29,True,29102,True,7050,1.0,True,2,1,0.2631578947368421,16
random,0.01,29,True,29103,True,2350,1.0,True,2,1,0.5263157894736842,16
random,0.01,29,True,29104,True,17750,1.0,True,2,1,0.631578947368421,16
random,0.015,0,True,100,True,14400,1.0,False,,1,0.5263157894736842,19
random,0.015,0,True,101,True,9000,1.0,True,2,1,0.3157894736842105,19
random,0.015,0,True,102,True,22600,1.0,True,2,1,0.5789473684210527,19
random,0.015,0,True,103,True,14450,1.0,True,2,1,0.42105263157894735,19
random,0.015,0,True,104,True,1000,1.0,True,2,1,0.7368421052631579,19
random,0.015,1,True,1100,True,14250,1.0,True,2,1,0.3684210526315789,19
random,0.015,1,True,1101,False,39999,1.0,True,2,1,0.5263157894736842,19
random,0.015,1,True,1102,True,2300,1.0,True,2,1,0.5263157894736842,19
random,0.015,1,True,1103,True,7550,1.0,True,2,1,0.5789473684210527,19
random,0.015,1,True,1104,True,3300,1.0,True,2,1,0.47368421052631576,19
random,0.015,2,True,2100,True,16050,1.0,True,2,1,0.6842105263157895,15
random,0.015,2,True,2101,True,2550,1.0,True,2,1,0.47368421052631576,15
random,0.015,2,True,2102,True,3750,1.0,True,2,1,0.6842105263157895,15
random,0.015,2,True,2103,True,1550,1.0,True,2,1,0.5789473684210527,15
random,0.015,2,True,2104,True,4900,1.0,True,2,1,0.6842105263157895,15
random,0.015,3,True,3100,True,12400,1.0,True,2,1,0.5263157894736842,16
random,0.015,3,True,3101,True,1350,1.0,True,2,1,0.5263157894736842,16
random,0.015,3,True,3102,True,10450,1.0,True,2,1,0.3157894736842105,16
random,0.015,3,True,3103,True,36550,1.0,True,2,1,0.5263157894736842,16
random,0.015,3,True,3104,True,4400,1.0,True,2,1,0.42105263157894735,16
random,0.015,4,True,4100,True,8900,1.0,True,2,1,0.3684210526315789,17
random,0.015,4,True,4101,True,11100,1.0,True,2,1,0.42105263157894735,17
random,0.015,4,True,4102,True,7400,1.0,True,2,1,0.47368421052631576,17
random,0.015,4,True,4103,True,5200,1.0,True,2,1,0.42105263157894735,17
random,0.015,4,True,4104,True,3100,1.0,True,2,1,0.5263157894736842,17
random,0.015,5,True,5100,True,5450,1.0,True,2,1,0.6842105263157895,18
random,0.015,5,True,5101,True,12850,1.0,True,2,1,0.5263157894736842,18
random,0.015,5,True,5102,True,3700,1.0,True,2,1,0.3157894736842105,18
random,0.015,5,True,5103,True,8200,1.0,True,2,1,0.5789473684210527,18
random,0.015,5,True,5104,True,6250,1.0,True,2,1,0.5789473684210527,18
random,0.015,6,True,6100,True,20750,1.0,True,2,1,0.6842105263157895,17
random,0.015,6,True,6101,False,39999,1.0,True,2,1,0.7368421052631579,17
random,0.015,6,True,6102,True,12800,1.0,True,2,1,0.3684210526315789,17
random,0.015,6,True,6103,True,20700,1.0,True,2,1,0.5263157894736842,17
random,0.015,6,True,6104,True,8250,1.0,True,2,1,0.47368421052631576,17
random,0.015,7,True,7100,True,14500,1.0,True,2,1,0.42105263157894735,13
random,0.015,7,True,7101,True,7650,1.0,True,2,1,0.47368421052631576,13
random,0.015,7,True,7102,True,5950,1.0,True,2,1,0.6842105263157895,13
random,0.015,7,True,7103,True,23450,1.0,True,2,1,0.42105263157894735,13
random,0.015,7,True,7104,True,11250,1.0,True,2,1,0.47368421052631576,13
random,0.015,8,True,8100,True,3300,1.0,True,2,1,0.42105263157894735,18
random,0.015,8,True,8101,True,2400,1.0,True,2,1,0.47368421052631576,18
random,0.015,8,True,8102,True,3150,1.0,True,2,1,0.6842105263157895,18
random,0.015,8,True,8103,True,8350,1.0,True,2,1,0.47368421052631576,18
random,0.015,8,True,8104,True,5250,1.0,True,2,1,0.6842105263157895,18
random,0.015,9,True,9100,True,2200,1.0,True,2,1,0.3157894736842105,15
random,0.015,9,True,9101,True,9900,1.0,True,2,1,0.7368421052631579,15
random,0.015,9,True,9102,True,28350,1.0,True,2,1,0.3684210526315789,15
random,0.015,9,True,9103,True,22500,1.0,True,2,1,0.5263157894736842,15
random,0.015,9,True,9104,True,23050,1.0,True,2,1,0.3684210526315789,15
random,0.015,10,True,10100,True,2050,1.0,True,2,1,0.47368421052631576,18
random,0.015,10,True,10101,True,10100,1.0,True,2,1,0.3684210526315789,18
random,0.015,10,True,10102,True,5350,1.0,True,2,1,0.47368421052631576,18
random,0.015,10,True,10103,True,24650,1.0,True,2,1,0.42105263157894735,18
random,0.015,10,True,10104,True,29800,1.0,True,2,1,0.42105263157894735,18
random,0.015,11,True,11100,True,36650,1.0,True,2,1,0.47368421052631576,17
random,0.015,11,True,11101,True,5850,1.0,True,2,1,0.6842105263157895,17
random,0.015,11,True,11102,True,5500,1.0,True,2,1,0.42105263157894735,17
random,0.015,11,True,11103,True,3900,1.0,True,2,1,0.3157894736842105,17
random,0.015,11,True,11104,True,21650,1.0,True,2,1,0.5789473684210527,17
random,0.015,12,True,12100,True,4550,1.0,True,2,1,0.3157894736842105,17
random,0.015,12,True,12101,True,19850,1.0,False,,1,0.3684210526315789,17
random,0.015,12,True,12102,True,4350,1.0,True,2,1,0.5263157894736842,17
random,0.015,12,True,12103,True,5700,1.0,True,2,1,0.42105263157894735,17
random,0.015,12,True,12104,True,5150,1.0,True,2,1,0.631578947368421,17
random,0.015,13,True,13100,True,850,1.0,True,2,1,0.6842105263157895,19
random,0.015,13,True,13101,True,20550,1.0,True,2,1,0.42105263157894735,19
random,0.015,13,True,13102,True,8650,1.0,True,2,1,0.631578947368421,19
random,0.015,13,True,13103,True,12100,1.0,True,2,1,0.631578947368421,19
random,0.015,13,True,13104,True,4650,1.0,True,2,1,0.42105263157894735,19
random,0.015,14,True,14100,True,8150,1.0,True,2,1,0.47368421052631576,16
random,0.015,14,True,14101,True,15950,1.0,True,2,1,0.631578947368421,16
random,0.015,14,True,14102,True,3900,1.0,True,2,1,0.5789473684210527,16
random,0.015,14,True,14103,True,3000,1.0,True,2,1,0.5789473684210527,16
random,0.015,14,True,14104,True,18300,1.0,True,2,1,0.631578947368421,16
random,0.015,15,True,15100,True,6300,1.0,True,2,1,0.3684210526315789,16
random,0.015,15,True,15101,False,39999,0.625,False,,1,0.2631578947368421,16
random,0.015,15,True,15102,True,2600,1.0,True,2,1,0.47368421052631576,16
random,0.015,15,True,15103,True,3050,1.0,True,2,1,0.5263157894736842,16
random,0.015,15,True,15104,True,13900,1.0,True,2,1,0.47368421052631576,16
random,0.015,16,True,16100,True,10750,1.0,True,2,1,0.5789473684210527,17
random,0.015,16,True,16101,True,2650,1.0,True,2,1,0.5789473684210527,17
random,0.015,16,True,16102,True,10200,1.0,True,2,1,0.5263157894736842,17
random,0.015,16,True,16103,True,22050,1.0,True,2,1,0.3684210526315789,17
random,0.015,16,True,16104,True,14250,1.0,True,2,1,0.47368421052631576,17
random,0.015,17,True,17100,True,1450,1.0,True,2,1,0.47368421052631576,15
random,0.015,17,True,17101,True,26600,1.0,True,2,1,0.5789473684210527,15
random,0.015,17,True,17102,True,7800,1.0,False,,1,0.5263157894736842,15
random,0.015,17,True,17103,True,1650,1.0,False,,1,0.42105263157894735,15
random,0.015,17,True,17104,True,8350,1.0,False,,1,0.5263157894736842,15
random,0.015,18,True,18100,True,11700,1.0,True,2,1,0.21052631578947367,14
random,0.015,18,True,18101,True,29850,1.0,True,2,1,0.47368421052631576,14
random,0.015,18,True,18102,True,28100,1.0,True,2,1,0.47368421052631576,14
random,0.015,18,True,18103,True,6650,1.0,True,1,1,0.5263157894736842,14
random,0.015,18,True,18104,True,8250,1.0,True,2,1,0.5789473684210527,14
random,0.015,19,True,19100,True,32450,1.0,False,,1,0.47368421052631576,15
random,0.015,19,True,19101,True,12300,1.0,True,2,1,0.5263157894736842,15
random,0.015,19,True,19102,True,5400,1.0,True,2,1,0.631578947368421,15
random,0.015,19,True,19103,True,10950,1.0,True,2,1,0.42105263157894735,15
random,0.015,19,True,19104,True,8200,1.0,True,2,1,0.5789473684210527,15
random,0.015,20,True,20100,True,3950,1.0,True,2,1,0.3157894736842105,14
random,0.015,20,True,20101,False,39999,1.0,True,2,1,0.5789473684210527,14
random,0.015,20,True,20102,True,15400,1.0,True,2,1,0.6842105263157895,14
random,0.015,20,True,20103,False,39999,0.7857142857142857,False,,1,0.5263157894736842,14
random,0.015,20,True,20104,True,22300,1.0,True,2,1,0.42105263157894735,14
random,0.015,21,True,21100,False,39999,0.7142857142857143,False,,1,0.47368421052631576,14
random,0.015,21,True,21101,True,16950,1.0,True,2,1,0.3157894736842105,14
random,0.015,21,True,21102,True,5850,1.0,True,2,1,0.5789473684210527,14
random,0.015,21,True,21103,True,12850,1.0,True,2,1,0.5789473684210527,14
random,0.015,21,True,21104,True,35250,1.0,True,2,1,0.5263157894736842,14
random,0.015,22,True,22100,True,1400,1.0,True,2,1,0.631578947368421,16
random,0.015,22,True,22101,True,18200,1.0,True,2,1,0.47368421052631576,16
random,0.015,22,True,22102,True,2350,1.0,True,2,1,0.3157894736842105,16
random,0.015,22,True,22103,True,5350,1.0,True,2,1,0.42105263157894735,16
random,0.015,22,True,22104,True,10650,1.0,True,2,1,0.3684210526315789,16
random,0.015,23,True,23100,False,39999,1.0,True,2,1,0.42105263157894735,22
random,0.015,23,True,23101,True,16250,1.0,True,2,1,0.5789473684210527,22
random,0.015,23,True,23102,True,14350,1.0,True,2,1,0.6842105263157895,22
random,0.015,23,True,23103,True,18900,1.0,True,2,1,0.47368421052631576,22
random,0.015,23,True,23104,True,14850,1.0,True,2,1,0.42105263157894735,22
random,0.015,24,True,24100,True,1250,1.0,True,2,1,0.47368421052631576,20
random,0.015,24,True,24101,True,2000,1.0,True,2,1,0.5263157894736842,20
random,0.015,24,True,24102,True,16700,1.0,True,2,1,0.47368421052631576,20
random,0.015,24,True,24103,True,13700,1.0,True,2,1,0.47368421052631576,20
random,0.015,24,True,24104,True,28700,1.0,True,2,1,0.3157894736842105,20
random,0.015,25,True,25100,True,27450,1.0,True,2,1,0.47368421052631576,14
random,0.015,25,True,25101,True,29100,1.0,True,2,1,0.3684210526315789,14
random,0.015,25,True,25102,True,9150,1.0,True,2,1,0.42105263157894735,14
random,0.015,25,True,25103,True,17950,1.0,True,2,1,0.3684210526315789,14
random,0.015,25,True,25104,True,4600,1.0,True,2,1,0.5789473684210527,14
random,0.015,26,True,26100,True,14850,1.0,True,2,1,0.2631578947368421,15
random,0.015,26,True,26101,True,20500,1.0,True,2,1,0.47368421052631576,15
random,0.015,26,True,26102,True,1400,1.0,True,2,1,0.5263157894736842,15
random,0.015,26,True,26103,True,28800,1.0,True,2,1,0.631578947368421,15
random,0.015,26,True,26104,True,7650,1.0,True,2,1,0.3157894736842105,15
random,0.015,27,True,27100,True,35200,1.0,True,2,1,0.5789473684210527,19
random,0.015,27,True,27101,True,23700,1.0,True,2,1,0.5263157894736842,19
random,0.015,27,True,27102,True,2200,1.0,True,2,1,0.5789473684210527,19
random,0.015,27,True,27103,True,11750,1.0,True,2,1,0.5263157894736842,19
random,0.015,27,True,27104,True,2050,1.0,True,2,1,0.5789473684210527,19
random,0.015,28,True,28100,True,35450,1.0,True,2,1,0.3684210526315789,16
random,0.015,28,True,28101,True,15050,1.0,True,2,1,0.5263157894736842,16
random,0.015,28,True,28102,True,1500,1.0,True,2,1,0.47368421052631576,16
random,0.015,28,True,28103,False,39999,0.75,False,,1,0.5789473684210527,16
random,0.015,28,True,28104,True,29450,1.0,True,2,1,0.5263157894736842,16
random,0.015,29,True,29100,True,1050,1.0,True,2,1,0.47368421052631576,16
random,0.015,29,True,29101,True,29250,1.0,True,2,1,0.47368421052631576,16
random,0.015,29,True,29102,True,26000,1.0,True,2,1,0.5263157894736842,16
random,0.015,29,True,29103,True,2350,1.0,True,2,1,0.631578947368421,16
random,0.015,29,True,29104,False,39999,1.0,True,2,1,0.47368421052631576,16
random,0.02,0,True,100,False,39999,0.7368421052631579,False,,1,0.631578947368421,19
random,0.02,0,True,101,True,21000,1.0,True,2,1,0.42105263157894735,19
random,0.02,0,True,102,True,21750,1.0,True,2,1,0.6842105263157895,19
random,0.02,0,True,103,False,39999,0.7368421052631579,False,,1,0.5263157894736842,19
random,0.02,0,True,104,True,33500,1.0,True,2,1,0.3157894736842105,19
random,0.02,1,True,1100,True,30900,1.0,True,2,1,0.631578947368421,19
random,0.02,1,True,1101,False,39999,1.0,True,2,1,0.5263157894736842,19
random,0.02,1,True,1102,True,31600,1.0,True,2,1,0.42105263157894735,19
random,0.02,1,True,1103,True,31150,1.0,True,2,1,0.42105263157894735,19
random,0.02,1,True,1104,False,39999,0.6842105263157895,False,,1,0.3684210526315789,19
random,0.02,2,True,2100,False,39999,0.8666666666666667,False,,1,0.42105263157894735,15
random,0.02,2,True,2101,False,39999,0.8666666666666667,False,,1,0.5789473684210527,15
random,0.02,2,True,2102,True,8700,1.0,True,2,1,0.3684210526315789,15
random,0.02,2,True,2103,False,39999,0.8666666666666667,False,,1,0.42105263157894735,15
random,0.02,2,True,2104,False,39999,1.0,True,2,1,0.3684210526315789,15
random,0.02,3,True,3100,False,39999,0.875,False,,1,0.631578947368421,16
random,0.02,3,True,3101,False,39999,0.6875,False,,1,0.5789473684210527,16
random,0.02,3,True,3102,True,17250,1.0,True,2,1,0.42105263157894735,16
random,0.02,3,True,3103,True,3850,1.0,True,2,1,0.47368421052631576,16
random,0.02,3,True,3104,True,4400,1.0,True,2,1,0.5789473684210527,16
random,0.02,4,True,4100,False,39999,0.6470588235294118,False,,1,0.5263157894736842,17
random,0.02,4,True,4101,True,11000,1.0,True,2,1,0.5263157894736842,17
random,0.02,4,True,4102,False,39999,1.0,True,2,1,0.5263157894736842,17
random,0.02,4,True,4103,True,37800,1.0,True,2,1,0.42105263157894735,17
random,0.02,4,True,4104,False,39999,0.8235294117647058,False,,1,0.3684210526315789,17
random,0.02,5,True,5100,True,15550,1.0,True,2,1,0.5789473684210527,18
random,0.02,5,True,5101,True,4250,1.0,True,2,1,0.5263157894736842,18
random,0.02,5,True,5102,True,3600,1.0,True,2,1,0.5789473684210527,18
random,0.02,5,True,5103,False,39999,0.7777777777777778,False,,1,0.5789473684210527,18
random,0.02,5,True,5104,True,6550,1.0,True,2,1,0.47368421052631576,18
random,0.02,6,True,6100,False,39999,0.8235294117647058,False,,1,0.5263157894736842,17
random,0.02,6,True,6101,True,5650,1.0,True,2,1,0.5789473684210527,17
random,0.02,6,True,6102,False,39999,0.7647058823529411,False,,1,0.3684210526315789,17
random,0.02,6,True,6103,True,38500,1.0,True,2,1,0.3157894736842105,17
random,0.02,6,True,6104,True,27450,1.0,True,2,1,0.5263157894736842,17
random,0.02,7,True,7100,False,39999,0.9230769230769231,False,,1,0.3157894736842105,13
random,0.02,7,True,7101,True,7250,1.0,True,2,1,0.5263157894736842,13
random,0.02,7,True,7102,False,39999,0.7692307692307693,False,,1,0.47368421052631576,13
random,0.02,7,True,7103,True,36100,1.0,True,2,1,0.2631578947368421,13
random,0.02,7,True,7104,True,21050,1.0,True,2,1,0.42105263157894735,13
random,0.02,8,True,8100,True,30000,1.0,True,2,1,0.3684210526315789,18
random,0.02,8,True,8101,True,15650,1.0,True,2,1,0.5789473684210527,18
random,0.02,8,True,8102,True,5100,1.0,True,2,1,0.5789473684210527,18
random,0.02,8,True,8103,True,3950,1.0,True,2,1,0.47368421052631576,18
random,0.02,8,True,8104,False,39999,1.0,True,2,1,0.5789473684210527,18
random,0.02,9,True,9100,False,39999,0.6666666666666666,False,,1,0.5263157894736842,15
random,0.02,9,True,9101,False,39999,0.6666666666666666,False,,1,0.5263157894736842,15
random,0.02,9,True,9102,True,30600,1.0,True,2,1,0.3684210526315789,15
random,0.02,9,True,9103,False,39999,0.8666666666666667,False,,1,0.42105263157894735,15
random,0.02,9,True,9104,False,39999,0.8666666666666667,False,,1,0.5789473684210527,15
random,0.02,10,True,10100,True,1350,1.0,True,2,1,0.47368421052631576,18
random,0.02,10,True,10101,True,24700,1.0,True,2,1,0.5263157894736842,18
random,0.02,10,True,10102,False,39999,0.8888888888888888,False,,1,0.3684210526315789,18
random,0.02,10,True,10103,False,39999,0.7222222222222222,False,,1,0.47368421052631576,18
random,0.02,10,True,10104,False,39999,0.7777777777777778,False,,1,0.47368421052631576,18
random,0.02,11,True,11100,True,36150,1.0,True,2,1,0.3684210526315789,17
random,0.02,11,True,11101,True,24350,1.0,True,2,1,0.47368421052631576,17
random,0.02,11,True,11102,True,7600,1.0,True,2,1,0.3684210526315789,17
random,0.02,11,True,11103,True,28400,1.0,True,2,1,0.42105263157894735,17
random,0.02,11,True,11104,True,25300,1.0,True,2,1,0.42105263157894735,17
random,0.02,12,True,12100,True,4300,1.0,False,,1,0.6842105263157895,17
random,0.02,12,True,12101,False,39999,0.6470588235294118,False,,1,0.5789473684210527,17
random,0.02,12,True,12102,True,22400,1.0,False,,1,0.5789473684210527,17
random,0.02,12,True,12103,True,5650,1.0,False,,1,0.5789473684210527,17
random,0.02,12,True,12104,False,39999,0.8235294117647058,False,,1,0.3684210526315789,17
random,0.02,13,True,13100,True,22000,1.0,True,2,1,0.47368421052631576,19
random,0.02,13,True,13101,True,2050,1.0,True,2,1,0.5263157894736842,19
random,0.02,13,True,13102,True,38950,1.0,True,2,1,0.631578947368421,19
random,0.02,13,True,13103,True,22350,1.0,True,2,1,0.3684210526315789,19
random,0.02,13,True,13104,True,3150,1.0,True,2,1,0.3157894736842105,19
random,0.02,14,True,14100,True,8650,1.0,True,2,1,0.631578947368421,16
random,0.02,14,True,14101,True,18450,1.0,True,2,1,0.5263157894736842,16
random,0.02,14,True,14102,True,3950,1.0,True,2,1,0.5789473684210527,16
random,0.02,14,True,14103,True,28350,1.0,True,2,1,0.5789473684210527,16
random,0.02,14,True,14104,True,32150,1.0,True,2,1,0.5789473684210527,16
random,0.02,15,True,15100,False,39999,1.0,True,2,1,0.631578947368421,16
random,0.02,15,True,15101,True,16550,1.0,True,2,1,0.6842105263157895,16
random,0.02,15,True,15102,True,2550,1.0,True,2,1,0.5263157894736842,16
random,0.02,15,True,15103,True,11900,1.0,True,2,1,0.631578947368421,16
random,0.02,15,True,15104,False,39999,0.6875,False,,1,0.631578947368421,16
random,0.02,16,True,16100,False,39999,1.0,True,2,1,0.5789473684210527,17
random,0.02,16,True,16101,True,18100,1.0,True,2,1,0.42105263157894735,17
random,0.02,16,True,16102,True,20450,1.0,True,2,1,0.5263157894736842,17
random,0.02,16,True,16103,True,24000,1.0,True,2,1,0.631578947368421,17
random,0.02,16,True,16104,False,39999,0.8235294117647058,False,,1,0.631578947368421,17
random,0.02,17,True,17100,False,39999,0.8666666666666667,False,,1,0.5263157894736842,15
random,0.02,17,True,17101,False,39999,0.7333333333333333,False,,1,0.47368421052631576,15
random,0.02,17,True,17102,True,19150,1.0,True,2,1,0.5263157894736842,15
random,0.02,17,True,17103,True,27300,1.0,False,,1,0.42105263157894735,15
random,0.02,17,True,17104,True,8650,1.0,True,2,1,0.5263157894736842,15
random,0.02,18,True,18100,True,39650,1.0,True,2,1,0.47368421052631576,14
random,0.02,18,True,18101,True,31300,1.0,True,2,1,0.6842105263157895,14
random,0.02,18,True,18102,True,6050,1.0,True,2,1,0.47368421052631576,14
random,0.02,18,True,18103,True,39850,1.0,True,2,1,0.7368421052631579,14
random,0.02,18,True,18104,False,39999,0.7857142857142857,False,,1,0.3684210526315789,14
random,0.02,19,True,19100,True,27700,1.0,True,2,1,0.6842105263157895,15
random,0.02,19,True,19101,True,20450,1.0,True,2,1,0.47368421052631576,15
random,0.02,19,True,19102,True,5150,1.0,True,2,1,0.5789473684210527,15
random,0.02,19,True,19103,False,39999,0.8666666666666667,False,,1,0.5263157894736842,15
random,0.02,19,True,19104,True,30700,1.0,False,,1,0.3157894736842105,15
random,0.02,20,True,20100,True,28100,1.0,True,2,1,0.631578947368421,14
random,0.02,20,True,20101,False,39999,0.7857142857142857,False,,1,0.47368421052631576,14
random,0.02,20,True,20102,True,30300,1.0,True,2,1,0.5263157894736842,14
random,0.02,20,True,20103,True,34450,1.0,True,2,1,0.5263157894736842,14
random,0.02,20,True,20104,True,22500,1.0,True,2,1,0.5263157894736842,14
random,0.02,21,True,21100,False,39999,0.8571428571428571,False,,1,0.47368421052631576,14
random,0.02,21,True,21101,True,16800,1.0,True,2,1,0.42105263157894735,14
random,0.02,21,True,21102,False,39999,0.5714285714285714,False,,1,0.5263157894736842,14
random,0.02,21,True,21103,False,39999,0.5714285714285714,False,,1,0.47368421052631576,14
random,0.02,21,True,21104,False,39999,1.0,True,2,1,0.2631578947368421,14
random,0.02,22,True,22100,True,3050,1.0,True,2,1,0.3684210526315789,16
random,0.02,22,True,22101,True,17950,1.0,True,2,1,0.5789473684210527,16
random,0.02,22,True,22102,False,39999,1.0,True,2,1,0.5263157894736842,16
random,0.02,22,True,22103,True,30750,1.0,True,2,1,0.6842105263157895,16
random,0.02,22,True,22104,True,17550,1.0,True,2,1,0.5263157894736842,16
random,0.02,23,True,23100,False,39999,0.6363636363636364,False,,1,0.631578947368421,22
random,0.02,23,True,23101,True,26350,1.0,True,2,1,0.6842105263157895,22
random,0.02,23,True,23102,False,39999,0.8181818181818182,False,,1,0.3157894736842105,22
random,0.02,23,True,23103,True,23200,1.0,True,2,1,0.3157894736842105,22
random,0.02,23,True,23104,True,15300,1.0,True,2,1,0.3157894736842105,22
random,0.02,24,True,24100,True,34700,1.0,True,2,1,0.42105263157894735,20
random,0.02,24,True,24101,True,1950,1.0,True,2,1,0.5263157894736842,20
random,0.02,24,True,24102,True,28900,1.0,True,2,1,0.5263157894736842,20
random,0.02,24,True,24103,True,13200,1.0,True,2,1,0.3684210526315789,20
random,0.02,24,True,24104,True,34250,1.0,True,2,1,0.3684210526315789,20
random,0.02,25,True,25100,True,37650,1.0,True,2,1,0.5789473684210527,14
random,0.02,25,True,25101,False,39999,0.7857142857142857,False,,1,0.47368421052631576,14
random,0.02,25,True,25102,False,39999,0.5714285714285714,False,,1,0.47368421052631576,14
random,0.02,25,True,25103,False,39999,0.9285714285714286,False,,1,0.42105263157894735,14
random,0.02,25,True,25104,True,6500,1.0,True,2,1,0.2631578947368421,14
random,0.02,26,True,26100,True,30000,1.0,True,2,1,0.47368421052631576,15
random,0.02,26,True,26101,True,13000,1.0,True,2,1,0.6842105263157895,15
random,0.02,26,True,26102,True,1400,1.0,True,2,1,0.5263157894736842,15
random,0.02,26,True,26103,False,39999,0.8,False,,1,0.631578947368421,15
random,0.02,26,True,26104,True,3050,1.0,True,2,1,0.42105263157894735,15
random,0.02,27,True,27100,False,39999,0.631578947368421,False,,1,0.5263157894736842,19
random,0.02,27,True,27101,True,20150,1.0,False,,1,0.7894736842105263,19
random,0.02,27,True,27102,True,20250,1.0,False,,1,0.5263157894736842,19
random,0.02,27,True,27103,True,6500,1.0,True,2,1,0.5263157894736842,19
random,0.02,27,True,27104,True,23150,1.0,True,2,1,0.5789473684210527,19
random,0.02,28,True,28100,False,39999,0.875,False,,1,0.42105263157894735,16
random,0.02,28,True,28101,True,33000,1.0,True,2,1,0.42105263157894735,16
random,0.02,28,True,28102,False,39999,0.9375,False,,1,0.631578947368421,16
random,0.02,28,True,28103,False,39999,0.875,False,,1,0.631578947368421,16
random,0.02,28,True,28104,True,28400,1.0,True,2,1,0.631578947368421,16
random,0.02,29,True,29100,False,39999,0.875,False,,1,0.7368421052631579,16
random,0.02,29,True,29101,False,39999,0.8125,False,,1,0.5263157894736842,16
random,0.02,29,True,29102,False,39999,0.6875,False,,1,0.3684210526315789,16
random,0.02,29,True,29103,True,9750,1.0,True,2,1,0.5789473684210527,16
random,0.02,29,True,29104,False,39999,0.75,False,,1,0.42105263157894735,16
random,0.03,0,True,100,False,39999,0.7368421052631579,False,,1,0.7894736842105263,19
random,0.03,0,True,101,False,39999,0.6842105263157895,False,,1,0.5263157894736842,19
random,0.03,0,True,102,False,39999,0.6842105263157895,False,,1,0.5263157894736842,19
random,0.03,0,True,103,False,39999,1.0,False,,1,0.6842105263157895,19
random,0.03,0,True,104,False,39999,0.5263157894736842,False,,1,0.631578947368421,19
random,0.03,1,True,1100,False,39999,0.5789473684210527,False,,1,0.3684210526315789,19
random,0.03,1,True,1101,False,39999,0.631578947368421,False,,1,0.42105263157894735,19
random,0.03,1,True,1102,False,39999,0.6842105263157895,False,,1,0.5263157894736842,19
random,0.03,1,True,1103,True,34600,1.0,True,2,1,0.5263157894736842,19
random,0.03,1,True,1104,False,39999,0.7368421052631579,False,,1,0.631578947368421,19
random,0.03,2,True,2100,False,39999,1.0,True,2,1,0.47368421052631576,15
random,0.03,2,True,2101,False,39999,0.8666666666666667,False,,1,0.3157894736842105,15
random,0.03,2,True,2102,False,39999,0.8666666666666667,False,,1,0.631578947368421,15
random,0.03,2,True,2103,False,39999,0.8,False,,1,0.5263157894736842,15
random,0.03,2,True,2104,False,39999,0.7333333333333333,False,,1,0.5263157894736842,15
random,0.03,3,True,3100,False,39999,0.625,False,,1,0.3684210526315789,16
random,0.03,3,True,3101,False,39999,0.9375,False,,1,0.47368421052631576,16
random,0.03,3,True,3102,False,39999,0.625,False,,1,0.7894736842105263,16
random,0.03,3,True,3103,False,39999,0.75,False,,1,0.6842105263157895,16
random,0.03,3,True,3104,False,39999,1.0,True,2,1,0.3157894736842105,16
random,0.03,4,True,4100,False,39999,0.8235294117647058,False,,1,0.5789473684210527,17
random,0.03,4,True,4101,False,39999,0.8823529411764706,False,,1,0.5263157894736842,17
random,0.03,4,True,4102,False,39999,0.7647058823529411,False,,1,0.3684210526315789,17
random,0.03,4,True,4103,False,39999,1.0,True,2,1,0.47368421052631576,17
random,0.03,4,True,4104,False,39999,0.7058823529411765,False,,1,0.42105263157894735,17
random,0.03,5,True,5100,False,39999,0.5555555555555556,False,,1,0.47368421052631576,18
random,0.03,5,True,5101,True,12250,1.0,True,2,1,0.3684210526315789,18
random,0.03,5,True,5102,False,39999,0.7222222222222222,False,,1,0.47368421052631576,18
random,0.03,5,True,5103,False,39999,0.7777777777777778,False,,1,0.3684210526315789,18
random,0.03,5,True,5104,False,39999,1.0,True,2,1,0.47368421052631576,18
random,0.03,6,True,6100,False,39999,0.7647058823529411,False,,1,0.47368421052631576,17
random,0.03,6,True,6101,False,39999,0.6470588235294118,False,,1,0.3157894736842105,17
random,0.03,6,True,6102,False,39999,1.0,True,2,1,0.47368421052631576,17
random,0.03,6,True,6103,False,39999,0.8823529411764706,False,,1,0.5263157894736842,17
random,0.03,6,True,6104,False,39999,0.7647058823529411,False,,1,0.631578947368421,17
random,0.03,7,True,7100,False,39999,0.9230769230769231,False,,1,0.7368421052631579,13
random,0.03,7,True,7101,False,39999,0.9230769230769231,False,,1,0.5789473684210527,13
random,0.03,7,True,7102,False,39999,0.5384615384615384,False,,1,0.5263157894736842,13
random,0.03,7,True,7103,False,39999,0.9230769230769231,False,,1,0.631578947368421,13
random,0.03,7,True,7104,False,39999,0.46153846153846156,False,,1,0.3684210526315789,13
random,0.03,8,True,8100,False,39999,0.5555555555555556,False,,1,0.3684210526315789,18
random,0.03,8,True,8101,False,39999,0.8333333333333334,False,,1,0.5789473684210527,18
random,0.03,8,True,8102,False,39999,0.7777777777777778,False,,1,0.5263157894736842,18
random,0.03,8,True,8103,False,39999,0.7222222222222222,False,,1,0.21052631578947367,18
random,0.03,8,True,8104,False,39999,0.7222222222222222,False,,1,0.47368421052631576,18
random,0.03,9,True,9100,False,39999,0.8666666666666667,False,,1,0.47368421052631576,15
random,0.03,9,True,9101,False,39999,0.8,False,,1,0.5789473684210527,15
random,0.03,9,True,9102,False,39999,0.6666666666666666,False,,1,0.631578947368421,15
random,0.03,9,True,9103,False,39999,1.0,True,2,1,0.6842105263157895,15
random,0.03,9,True,9104,False,39999,0.9333333333333333,False,,1,0.5263157894736842,15
random,0.03,10,True,10100,False,39999,0.7222222222222222,False,,1,0.3157894736842105,18
random,0.03,10,True,10101,False,39999,1.0,True,2,1,0.5789473684210527,18
random,0.03,10,True,10102,False,39999,0.7222222222222222,False,,1,0.631578947368421,18
random,0.03,10,True,10103,False,39999,1.0,True,2,1,0.631578947368421,18
random,0.03,10,True,10104,False,39999,0.8888888888888888,False,,1,0.2631578947368421,18
random,0.03,11,True,11100,False,39999,0.5882352941176471,False,,1,0.5789473684210527,17
random,0.03,11,True,11101,False,39999,0.7647058823529411,False,,1,0.5263157894736842,17
random,0.03,11,True,11102,False,39999,0.7058823529411765,False,,1,0.3684210526315789,17
random,0.03,11,True,11103,True,27200,1.0,True,2,1,0.42105263157894735,17
random,0.03,11,True,11104,False,39999,0.7058823529411765,False,,1,0.47368421052631576,17
random,0.03,12,True,12100,False,39999,1.0,False,,1,0.5789473684210527,17
random,0.03,12,True,12101,False,39999,1.0,False,,1,0.47368421052631576,17
random,0.03,12,True,12102,False,39999,1.0,False,,1,0.6842105263157895,17
random,0.03,12,True,12103,True,5550,1.0,True,2,1,0.5263157894736842,17
random,0.03,12,True,12104,False,39999,1.0,False,,1,0.3157894736842105,17
random,0.03,13,True,13100,True,21500,1.0,True,2,1,0.5263157894736842,19
random,0.03,13,True,13101,True,24650,1.0,True,2,1,0.5789473684210527,19
random,0.03,13,True,13102,False,39999,0.8421052631578947,False,,1,0.5263157894736842,19
random,0.03,13,True,13103,False,39999,0.631578947368421,False,,1,0.631578947368421,19
random,0.03,13,True,13104,False,39999,0.7894736842105263,False,,1,0.5789473684210527,19
random,0.03,14,True,14100,False,39999,0.8125,False,,1,0.5263157894736842,16
random,0.03,14,True,14101,True,17800,1.0,True,2,1,0.47368421052631576,16
random,0.03,14,True,14102,True,4050,1.0,True,2,1,0.47368421052631576,16
random,0.03,14,True,14103,False,39999,0.8125,False,,1,0.21052631578947367,16
random,0.03,14,True,14104,False,39999,0.8125,False,,1,0.42105263157894735,16
random,0.03,15,True,15100,False,39999,0.8125,False,,1,0.631578947368421,16
random,0.03,15,True,15101,False,39999,0.8125,False,,1,0.631578947368421,16
random,0.03,15,True,15102,False,39999,1.0,True,2,1,0.5789473684210527,16
random,0.03,15,True,15103,False,39999,0.6875,False,,1,0.47368421052631576,16
random,0.03,15,True,15104,False,39999,0.8125,False,,1,0.47368421052631576,16
random,0.03,16,True,16100,False,39999,0.5882352941176471,False,,1,0.47368421052631576,17
random,0.03,16,True,16101,False,39999,0.8823529411764706,False,,1,0.5263157894736842,17
random,0.03,16,True,16102,False,39999,0.7647058823529411,False,,1,0.5789473684210527,17
random,0.03,16,True,16103,True,26800,1.0,True,2,1,0.631578947368421,17
random,0.03,16,True,16104,False,39999,0.8235294117647058,False,,1,0.5263157894736842,17
random,0.03,17,True,17100,False,39999,0.6,False,,1,0.7894736842105263,15
random,0.03,17,True,17101,False,39999,0.5333333333333333,False,,1,0.5263157894736842,15
random,0.03,17,True,17102,True,4400,1.0,False,,1,0.5263157894736842,15
random,0.03,17,True,17103,False,39999,0.9333333333333333,False,,1,0.5789473684210527,15
random,0.03,17,True,17104,True,8300,1.0,False,,1,0.5789473684210527,15
random,0.03,18,True,18100,False,39999,0.6428571428571429,False,,1,0.631578947368421,14
random,0.03,18,True,18101,False,39999,0.7142857142857143,False,,1,0.42105263157894735,14
random,0.03,18,True,18102,False,39999,0.7142857142857143,False,,1,0.5789473684210527,14
random,0.03,18,True,18103,True,6250,1.0,True,2,1,0.3157894736842105,14
random,0.03,18,True,18104,False,39999,0.7142857142857143,False,,1,0.631578947368421,14
random,0.03,19,True,19100,False,39999,0.8666666666666667,False,,1,0.5263157894736842,15
random,0.03,19,True,19101,False,39999,1.0,True,2,1,0.5263157894736842,15
random,0.03,19,True,19102,False,39999,0.8,False,,1,0.631578947368421,15
random,0.03,19,True,19103,False,39999,0.7333333333333333,False,,1,0.5263157894736842,15
random,0.03,19,True,19104,True,28350,1.0,True,2,1,0.5263157894736842,15
random,0.03,20,True,20100,False,39999,0.8571428571428571,False,,1,0.42105263157894735,14
random,0.03,20,True,20101,False,39999,1.0,True,2,1,0.5789473684210527,14
random,0.03,20,True,20102,False,39999,0.8571428571428571,False,,1,0.5789473684210527,14
random,0.03,20,True,20103,False,39999,1.0,True,2,1,0.5789473684210527,14
random,0.03,20,True,20104,False,39999,0.7142857142857143,False,,1,0.5789473684210527,14
random,0.03,21,True,21100,False,39999,0.6428571428571429,False,,1,0.6842105263157895,14
random,0.03,21,True,21101,False,39999,0.9285714285714286,False,,1,0.47368421052631576,14
random,0.03,21,True,21102,False,39999,0.8571428571428571,False,,1,0.47368421052631576,14
random,0.03,21,True,21103,False,39999,0.7857142857142857,False,,1,0.631578947368421,14
random,0.03,21,True,21104,False,39999,1.0,True,2,1,0.2631578947368421,14
random,0.03,22,True,22100,False,39999,0.875,False,,1,0.5789473684210527,16
random,0.03,22,True,22101,True,26100,1.0,True,2,1,0.631578947368421,16
random,0.03,22,True,22102,False,39999,0.875,False,,1,0.6842105263157895,16
random,0.03,22,True,22103,False,39999,0.5,False,,1,0.5263157894736842,16
random,0.03,22,True,22104,False,39999,1.0,True,2,1,0.5263157894736842,16
random,0.03,23,True,23100,False,39999,0.8181818181818182,False,,1,0.47368421052631576,22
random,0.03,23,True,23101,False,39999,0.6818181818181818,False,,1,0.5263157894736842,22
random,0.03,23,True,23102,False,39999,0.8181818181818182,False,,1,0.47368421052631576,22
random,0.03,23,True,23103,False,39999,0.5,False,,1,0.47368421052631576,22
random,0.03,23,True,23104,False,39999,1.0,True,2,1,0.47368421052631576,22
random,0.03,24,True,24100,False,39999,1.0,True,2,1,0.5789473684210527,20
random,0.03,24,True,24101,False,39999,0.55,False,,1,0.7368421052631579,20
random,0.03,24,True,24102,False,39999,0.85,False,,1,0.6842105263157895,20
random,0.03,24,True,24103,False,39999,0.9,False,,1,0.5263157894736842,20
random,0.03,24,True,24104,True,14600,1.0,True,2,1,0.42105263157894735,20
random,0.03,25,True,25100,True,27700,1.0,True,2,1,0.631578947368421,14
random,0.03,25,True,25101,False,39999,0.8571428571428571,False,,1,0.5789473684210527,14
random,0.03,25,True,25102,False,39999,0.7142857142857143,False,,1,0.3684210526315789,14
random,0.03,25,True,25103,True,2050,1.0,True,2,1,0.6842105263157895,14
random,0.03,25,True,25104,False,39999,0.7857142857142857,False,,1,0.47368421052631576,14
random,0.03,26,True,26100,False,39999,0.6666666666666666,False,,1,0.5263157894736842,15
random,0.03,26,True,26101,False,39999,0.6666666666666666,False,,1,0.5789473684210527,15
random,0.03,26,True,26102,False,39999,0.7333333333333333,False,,1,0.5263157894736842,15
random,0.03,26,True,26103,False,39999,1.0,True,2,1,0.5789473684210527,15
random,0.03,26,True,26104,False,39999,1.0,True,2,1,0.42105263157894735,15
random,0.03,27,True,27100,False,39999,0.5789473684210527,False,,1,0.47368421052631576,19
random,0.03,27,True,27101,False,39999,0.8421052631578947,False,,1,0.6842105263157895,19
random,0.03,27,True,27102,False,39999,0.6842105263157895,False,,1,0.42105263157894735,19
random,0.03,27,True,27103,False,39999,0.5263157894736842,False,,1,0.42105263157894735,19
random,0.03,27,True,27104,False,39999,1.0,False,,1,0.5263157894736842,19
random,0.03,28,True,28100,False,39999,0.8125,False,,1,0.5263157894736842,16
random,0.03,28,True,28101,False,39999,0.5625,False,,1,0.42105263157894735,16
random,0.03,28,True,28102,False,39999,0.75,False,,1,0.5789473684210527,16
random,0.03,28,True,28103,False,39999,0.6875,False,,1,0.5263157894736842,16
random,0.03,28,True,28104,False,39999,1.0,True,2,1,0.631578947368421,16
random,0.03,29,True,29100,False,39999,0.875,False,,1,0.42105263157894735,16
random,0.03,29,True,29101,False,39999,0.6875,False,,1,0.5263157894736842,16
random,0.03,29,True,29102,False,39999,1.0,True,2,1,0.3157894736842105,16
random,0.03,29,True,29103,False,39999,1.0,True,2,1,0.47368421052631576,16
random,0.03,29,True,29104,True,33650,1.0,True,2,1,0.2631578947368421,16
random,0.05,0,True,100,False,39999,0.6842105263157895,False,,1,0.6842105263157895,19
random,0.05,0,True,101,False,39999,0.631578947368421,False,,1,0.47368421052631576,19
random,0.05,0,True,102,False,39999,0.8421052631578947,False,,1,0.42105263157894735,19
random,0.05,0,True,103,False,39999,0.8947368421052632,False,,1,0.631578947368421,19
random,0.05,0,True,104,False,39999,1.0,False,,1,0.47368421052631576,19
random,0.05,1,True,1100,False,39999,0.8947368421052632,False,,1,0.631578947368421,19
random,0.05,1,True,1101,False,39999,1.0,True,2,1,0.42105263157894735,19
random,0.05,1,True,1102,False,39999,0.8421052631578947,False,,1,0.5789473684210527,19
random,0.05,1,True,1103,False,39999,1.0,True,2,1,0.3684210526315789,19
random,0.05,1,True,1104,False,39999,0.6842105263157895,False,,1,0.42105263157894735,19
random,0.05,2,True,2100,False,39999,0.7333333333333333,False,,1,0.6842105263157895,15
random,0.05,2,True,2101,False,39999,0.6666666666666666,False,,1,0.5789473684210527,15
random,0.05,2,True,2102,False,39999,0.6666666666666666,False,,1,0.5263157894736842,15
random,0.05,2,True,2103,False,39999,1.0,True,2,1,0.47368421052631576,15
random,0.05,2,True,2104,False,39999,0.6666666666666666,False,,1,0.3684210526315789,15
random,0.05,3,True,3100,False,39999,0.5,False,,1,0.5263157894736842,16
random,0.05,3,True,3101,False,39999,0.6875,False,,1,0.5263157894736842,16
random,0.05,3,True,3102,False,39999,0.6875,False,,1,0.3157894736842105,16
random,0.05,3,True,3103,False,39999,0.5625,False,,1,0.7368421052631579,16
random,0.05,3,True,3104,False,39999,0.8125,False,,1,0.42105263157894735,16
random,0.05,4,True,4100,False,39999,0.8823529411764706,False,,1,0.6842105263157895,17
random,0.05,4,True,4101,False,39999,0.8235294117647058,False,,1,0.42105263157894735,17
random,0.05,4,True,4102,False,39999,0.7647058823529411,False,,1,0.3684210526315789,17
random,0.05,4,True,4103,False,39999,0.6470588235294118,False,,1,0.5789473684210527,17
random,0.05,4,True,4104,False,39999,0.8235294117647058,False,,1,0.42105263157894735,17
random,0.05,5,True,5100,False,39999,0.6111111111111112,False,,1,0.42105263157894735,18
random,0.05,5,True,5101,False,39999,0.5555555555555556,False,,1,0.3157894736842105,18
random,0.05,5,True,5102,False,39999,0.6666666666666666,False,,1,0.631578947368421,18
random,0.05,5,True,5103,False,39999,1.0,True,2,1,0.5789473684210527,18
random,0.05,5,True,5104,False,39999,1.0,True,2,1,0.5263157894736842,18
random,0.05,6,True,6100,False,39999,0.8235294117647058,False,,1,0.5263157894736842,17
random,0.05,6,True,6101,False,39999,0.7058823529411765,False,,1,0.5263157894736842,17
random,0.05,6,True,6102,False,39999,0.7058823529411765,False,,1,0.47368421052631576,17
random,0.05,6,True,6103,False,39999,0.47058823529411764,False,,1,0.5789473684210527,17
random,0.05,6,True,6104,False,39999,0.8235294117647058,False,,1,0.42105263157894735,17
random,0.05,7,True,7100,False,39999,0.8461538461538461,False,,1,0.5789473684210527,13
random,0.05,7,True,7101,False,39999,0.7692307692307693,False,,1,0.3157894736842105,13
random,0.05,7,True,7102,False,39999,0.7692307692307693,False,,1,0.3157894736842105,13
random,0.05,7,True,7103,False,39999,1.0,True,2,1,0.3684210526315789,13
random,0.05,7,True,7104,False,39999,0.8461538461538461,False,,1,0.3157894736842105,13
random,0.05,8,True,8100,False,39999,0.6666666666666666,False,,1,0.3157894736842105,18
random,0.05,8,True,8101,False,39999,0.6666666666666666,False,,1,0.42105263157894735,18
random,0.05,8,True,8102,False,39999,1.0,True,2,1,0.42105263157894735,18
random,0.05,8,True,8103,False,39999,0.7777777777777778,False,,1,0.7368421052631579,18
random,0.05,8,True,8104,False,39999,0.8333333333333334,False,,1,0.5263157894736842,18
random,0.05,9,True,9100,False,39999,0.7333333333333333,False,,1,0.42105263157894735,15
random,0.05,9,True,9101,False,39999,0.8666666666666667,False,,1,0.3684210526315789,15
random,0.05,9,True,9102,False,39999,0.8,False,,1,0.5789473684210527,15
random,0.05,9,True,9103,False,39999,0.9333333333333333,False,,1,0.6842105263157895,15
random,0.05,9,True,9104,False,39999,0.6,False,,1,0.631578947368421,15
random,0.05,10,True,10100,False,39999,0.5555555555555556,False,,1,0.5789473684210527,18
random,0.05,10,True,10101,False,39999,0.7222222222222222,False,,1,0.631578947368421,18
random,0.05,10,True,10102,False,39999,1.0,True,2,1,0.631578947368421,18
random,0.05,10,True,10103,False,39999,0.5555555555555556,False,,1,0.42105263157894735,18
random,0.05,10,True,10104,False,39999,0.8888888888888888,False,,1,0.5263157894736842,18
random,0.05,11,True,11100,False,39999,0.7058823529411765,False,,1,0.5263157894736842,17
random,0.05,11,True,11101,False,39999,0.7058823529411765,False,,1,0.7368421052631579,17
random,0.05,11,True,11102,False,39999,0.7647058823529411,False,,1,0.5263157894736842,17
random,0.05,11,True,11103,False,39999,0.5882352941176471,False,,1,0.3684210526315789,17
random,0.05,11,True,11104,False,39999,0.8235294117647058,False,,1,0.5263157894736842,17
random,0.05,12,True,12100,False,39999,0.8235294117647058,False,,1,0.3684210526315789,17
random,0.05,12,True,12101,False,39999,0.7647058823529411,False,,1,0.47368421052631576,17
random,0.05,12,True,12102,False,39999,0.7058823529411765,False,,1,0.6842105263157895,17
random,0.05,12,True,12103,False,39999,0.7058823529411765,False,,1,0.5789473684210527,17
random,0.05,12,True,12104,False,39999,0.9411764705882353,False,,1,0.2631578947368421,17
random,0.05,13,True,13100,False,39999,0.6842105263157895,False,,1,0.3684210526315789,19
random,0.05,13,True,13101,False,39999,0.47368421052631576,False,,1,0.42105263157894735,19
random,0.05,13,True,13102,False,39999,0.5263157894736842,False,,1,0.42105263157894735,19
random,0.05,13,True,13103,False,39999,0.6842105263157895,False,,1,0.5263157894736842,19
random,0.05,13,True,13104,False,39999,0.5789473684210527,False,,1,0.631578947368421,19
random,0.05,14,True,14100,False,39999,0.875,False,,1,0.47368421052631576,16
random,0.05,14,True,14101,False,39999,0.75,False,,1,0.3157894736842105,16
random,0.05,14,True,14102,False,39999,0.75,False,,1,0.5263157894736842,16
random,0.05,14,True,14103,False,39999,0.6875,False,,1,0.47368421052631576,16
random,0.05,14,True,14104,False,39999,0.5,False,,1,0.5263157894736842,16
random,0.05,15,True,15100,False,39999,1.0,True,2,1,0.47368421052631576,16
random,0.05,15,True,15101,False,39999,1.0,True,2,1,0.5789473684210527,16
random,0.05,15,True,15102,False,39999,0.5625,False,,1,0.5263157894736842,16
random,0.05,15,True,15103,False,39999,0.625,False,,1,0.5789473684210527,16
random,0.05,15,True,15104,False,39999,0.9375,False,,1,0.5263157894736842,16
random,0.05,16,True,16100,False,39999,0.8235294117647058,False,,1,0.42105263157894735,17
random,0.05,16,True,16101,False,39999,0.7647058823529411,False,,1,0.631578947368421,17
random,0.05,16,True,16102,False,39999,0.7058823529411765,False,,1,0.3157894736842105,17
random,0.05,16,True,16103,False,39999,0.7647058823529411,False,,1,0.5263157894736842,17
random,0.05,16,True,16104,False,39999,0.7058823529411765,False,,1,0.47368421052631576,17
random,0.05,17,True,17100,False,39999,0.8,False,,1,0.47368421052631576,15
random,0.05,17,True,17101,False,39999,0.8,False,,1,0.2631578947368421,15
random,0.05,17,True,17102,False,39999,0.6,False,,1,0.6842105263157895,15
random,0.05,17,True,17103,False,39999,0.8,False,,1,0.47368421052631576,15
random,0.05,17,True,17104,False,39999,0.8666666666666667,False,,1,0.5263157894736842,15
random,0.05,18,True,18100,False,39999,0.5714285714285714,False,,1,0.3684210526315789,14
random,0.05,18,True,18101,False,39999,0.8571428571428571,False,,1,0.631578947368421,14
random,0.05,18,True,18102,False,39999,0.7857142857142857,False,,1,0.631578947368421,14
random,0.05,18,True,18103,False,39999,0.6428571428571429,False,,1,0.42105263157894735,14
random,0.05,18,True,18104,False,39999,0.7142857142857143,False,,1,0.5789473684210527,14
random,0.05,19,True,19100,False,39999,1.0,False,,1,0.42105263157894735,15
random,0.05,19,True,19101,False,39999,0.6,False,,1,0.3157894736842105,15
random,0.05,19,True,19102,False,39999,0.7333333333333333,False,,1,0.5263157894736842,15
random,0.05,19,True,19103,False,39999,1.0,False,,1,0.3684210526315789,15
random,0.05,19,True,19104,False,39999,0.6,False,,1,0.3684210526315789,15
random,0.05,20,True,20100,False,39999,1.0,True,2,1,0.47368421052631576,14
random,0.05,20,True,20101,False,39999,0.7142857142857143,False,,1,0.2631578947368421,14
random,0.05,20,True,20102,False,39999,0.5714285714285714,False,,1,0.631578947368421,14
random,0.05,20,True,20103,False,39999,0.9285714285714286,False,,1,0.5789473684210527,14
random,0.05,20,True,20104,False,39999,0.7142857142857143,False,,1,0.3157894736842105,14
random,0.05,21,True,21100,False,39999,0.9285714285714286,False,,1,0.47368421052631576,14
random,0.05,21,True,21101,False,39999,0.5714285714285714,False,,1,0.47368421052631576,14
random,0.05,21,True,21102,False,39999,0.8571428571428571,False,,1,0.47368421052631576,14
random,0.05,21,True,21103,False,39999,0.5714285714285714,False,,1,0.5789473684210527,14
random,0.05,21,True,21104,False,39999,0.7857142857142857,False,,1,0.42105263157894735,14
random,0.05,22,True,22100,False,39999,0.6875,False,,1,0.42105263157894735,16
random,0.05,22,True,22101,False,39999,0.5,False,,1,0.5789473684210527,16
random,0.05,22,True,22102,False,39999,0.625,False,,1,0.6842105263157895,16
random,0.05,22,True,22103,False,39999,0.6875,False,,1,0.42105263157894735,16
random,0.05,22,True,22104,False,39999,0.75,False,,1,0.5789473684210527,16
random,0.05,23,True,23100,False,39999,0.8181818181818182,False,,1,0.47368421052631576,22
random,0.05,23,True,23101,False,39999,1.0,True,2,1,0.3684210526315789,22
random,0.05,23,True,23102,False,39999,1.0,True,2,1,0.3684210526315789,22
random,0.05,23,True,23103,False,39999,1.0,True,2,1,0.5263157894736842,22
random,0.05,23,True,23104,False,39999,0.7272727272727273,False,,1,0.47368421052631576,22
random,0.05,24,True,24100,False,39999,0.55,False,,1,0.3684210526315789,20
random,0.05,24,True,24101,False,39999,0.65,False,,1,0.631578947368421,20
random,0.05,24,True,24102,False,39999,0.7,False,,1,0.47368421052631576,20
random,0.05,24,True,24103,False,39999,0.95,False,,1,0.42105263157894735,20
random,0.05,24,True,24104,False,39999,0.85,False,,1,0.47368421052631576,20
random,0.05,25,True,25100,False,39999,0.7142857142857143,False,,1,0.631578947368421,14
random,0.05,25,True,25101,False,39999,0.7857142857142857,False,,1,0.5789473684210527,14
random,0.05,25,True,25102,False,39999,0.7857142857142857,False,,1,0.5263157894736842,14
random,0.05,25,True,25103,False,39999,0.8571428571428571,False,,1,0.5789473684210527,14
random,0.05,25,True,25104,False,39999,0.6428571428571429,False,,1,0.42105263157894735,14
random,0.05,26,True,26100,False,39999,0.8666666666666667,False,,1,0.5263157894736842,15
random,0.05,26,True,26101,False,39999,0.8,False,,1,0.6842105263157895,15
random,0.05,26,True,26102,False,39999,0.8666666666666667,False,,1,0.631578947368421,15
random,0.05,26,True,26103,False,39999,0.8666666666666667,False,,1,0.631578947368421,15
random,0.05,26,True,26104,False,39999,0.6666666666666666,False,,1,0.5789473684210527,15
random,0.05,27,True,27100,False,39999,0.7894736842105263,False,,1,0.5789473684210527,19
random,0.05,27,True,27101,False,39999,0.7368421052631579,False,,1,0.7368421052631579,19
random,0.05,27,True,27102,False,39999,0.6842105263157895,False,,1,0.6842105263157895,19
random,0.05,27,True,27103,False,39999,0.6842105263157895,False,,1,0.5789473684210527,19
random,0.05,27,True,27104,False,39999,1.0,True,2,1,0.5263157894736842,19
random,0.05,28,True,28100,False,39999,0.6875,False,,1,0.42105263157894735,16
random,0.05,28,True,28101,False,39999,0.75,False,,1,0.42105263157894735,16
random,0.05,28,True,28102,False,39999,0.625,False,,1,0.42105263157894735,16
random,0.05,28,True,28103,False,39999,0.6875,False,,1,0.42105263157894735,16
random,0.05,28,True,28104,False,39999,0.9375,False,,1,0.3684210526315789,16
random,0.05,29,True,29100,False,39999,0.6875,False,,1,0.3157894736842105,16
random,0.05,29,True,29101,False,39999,0.5,False,,1,0.5263157894736842,16
random,0.05,29,True,29102,False,39999,0.9375,False,,1,0.5263157894736842,16
random,0.05,29,True,29103,False,39999,0.8125,False,,1,0.47368421052631576,16
random,0.05,29,True,29104,False,39999,0.5625,False,,1,0.3684210526315789,16
geo,0.0,0,True,100,True,1550,1.0,True,2,1,0.6111111111111112,19
geo,0.0,0,True,101,True,1800,1.0,True,2,1,0.6111111111111112,19
geo,0.0,0,True,102,True,1050,1.0,True,2,1,0.7222222222222222,19
geo,0.0,0,True,103,True,1350,1.0,True,2,1,0.6111111111111112,19
geo,0.0,0,True,104,True,950,1.0,True,2,1,0.5555555555555556,19
geo,0.0,1,True,1100,True,2450,1.0,True,2,1,0.6190476190476191,25
geo,0.0,1,True,1101,True,850,1.0,True,2,1,0.5714285714285714,25
geo,0.0,1,True,1102,True,1050,1.0,True,2,1,0.6190476190476191,25
geo,0.0,1,True,1103,True,900,1.0,True,2,1,0.6666666666666666,25
geo,0.0,1,True,1104,True,1150,1.0,True,2,1,0.5714285714285714,25
geo,0.0,2,True,2100,True,1450,1.0,True,2,1,0.6111111111111112,14
geo,0.0,2,True,2101,True,1350,1.0,True,2,1,0.4444444444444444,14
geo,0.0,2,True,2102,True,1000,1.0,True,2,1,0.4444444444444444,14
geo,0.0,2,True,2103,True,850,1.0,True,2,1,0.7222222222222222,14
geo,0.0,2,True,2104,True,1000,1.0,True,2,1,0.6111111111111112,14
geo,0.0,3,True,3100,True,1000,1.0,True,2,1,0.5625,12
geo,0.0,3,True,3101,True,900,1.0,True,2,1,0.5,12
geo,0.0,3,True,3102,True,900,1.0,True,2,1,0.6875,12
geo,0.0,3,True,3103,True,800,1.0,True,2,1,0.8125,12
geo,0.0,3,True,3104,True,800,1.0,True,2,1,0.75,12
geo,0.0,4,True,4100,True,1150,1.0,True,2,1,0.4,11
geo,0.0,4,True,4101,True,950,1.0,True,2,1,0.4666666666666667,11
geo,0.0,4,True,4102,True,800,1.0,True,2,1,0.7333333333333333,11
geo,0.0,4,True,4103,True,800,1.0,True,2,1,0.6666666666666666,11
geo,0.0,4,True,4104,True,1100,1.0,True,2,1,0.6666666666666666,11
geo,0.0,5,True,5100,True,1000,1.0,True,2,1,0.6,22
geo,0.0,5,True,5101,True,1100,1.0,True,2,1,0.75,22
geo,0.0,5,True,5102,True,2000,1.0,True,2,1,0.3,22
geo,0.0,5,True,5103,True,1650,1.0,True,2,1,0.7,22
geo,0.0,5,True,5104,True,1100,1.0,True,2,1,0.7,22
geo,0.0,6,True,6100,True,950,1.0,True,2,1,0.29411764705882354,14
geo,0.0,6,True,6101,True,1100,1.0,True,2,1,0.47058823529411764,14
geo,0.0,6,True,6102,True,800,1.0,True,2,1,0.7647058823529411,14
geo,0.0,6,True,6103,True,1000,1.0,True,2,1,0.47058823529411764,14
geo,0.0,6,True,6104,True,900,1.0,True,2,1,0.6470588235294118,14
geo,0.0,7,True,7100,True,1000,1.0,False,,1,0.5882352941176471,12
geo,0.0,7,True,7101,True,1150,1.0,True,2,1,0.7058823529411765,12
geo,0.0,7,True,7102,True,850,1.0,True,2,1,0.4117647058823529,12
geo,0.0,7,True,7103,True,1150,1.0,False,,1,0.35294117647058826,12
geo,0.0,7,True,7104,True,850,1.0,False,,1,0.7058823529411765,12
geo,0.0,8,True,8100,True,900,1.0,True,2,1,0.6842105263157895,20
geo,0.0,8,True,8101,True,1100,1.0,True,2,1,0.631578947368421,20
geo,0.0,8,True,8102,True,1050,1.0,True,2,1,0.5263157894736842,20
geo,0.0,8,True,8103,True,1400,1.0,True,2,1,0.5263157894736842,20
geo,0.0,8,True,8104,True,1050,1.0,True,2,1,0.631578947368421,20
geo,0.0,9,True,9100,True,1050,1.0,True,2,1,0.6190476190476191,25
geo,0.0,9,True,9101,True,1150,1.0,True,2,1,0.5714285714285714,25
geo,0.0,9,True,9102,True,1200,1.0,True,2,1,0.3333333333333333,25
geo,0.0,9,True,9103,True,1050,1.0,True,2,1,0.5714285714285714,25
geo,0.0,9,True,9104,True,1350,1.0,True,2,1,0.5238095238095238,25
geo,0.0,10,True,10100,True,950,1.0,True,2,1,0.5,25
geo,0.0,10,True,10101,True,900,1.0,True,2,1,0.6,25
geo,0.0,10,True,10102,True,1050,1.0,True,2,1,0.55,25
geo,0.0,10,True,10103,True,1150,1.0,True,2,1,0.5,25
geo,0.0,10,True,10104,True,1150,1.0,True,2,1,0.65,25
geo,0.0,11,True,11100,True,850,1.0,True,2,1,0.7777777777777778,14
geo,0.0,11,True,11101,True,950,1.0,True,2,1,0.6111111111111112,14
geo,0.0,11,True,11102,True,1350,1.0,True,2,1,0.6111111111111112,14
geo,0.0,11,True,11103,True,1450,1.0,True,1,1,0.5,14
geo,0.0,11,True,11104,True,1150,1.0,True,2,1,0.6111111111111112,14
geo,0.0,12,True,12100,True,850,1.0,True,2,1,0.6666666666666666,21
geo,0.0,12,True,12101,True,1200,1.0,True,2,1,0.3888888888888889,21
geo,0.0,12,True,12102,True,950,1.0,True,2,1,0.5,21
geo,0.0,12,True,12103,True,1000,1.0,True,2,1,0.5555555555555556,21
geo,0.0,12,True,12104,True,1400,1.0,True,2,1,0.6111111111111112,21
geo,0.0,13,True,13100,True,1650,1.0,True,2,1,0.55,24
geo,0.0,13,True,13101,True,850,1.0,True,2,1,0.7,24
geo,0.0,13,True,13102,True,900,1.0,True,2,1,0.75,24
geo,0.0,13,True,13103,True,850,1.0,True,2,1,0.65,24
geo,0.0,13,True,13104,True,1400,1.0,True,2,1,0.65,24
geo,0.0,14,True,14100,True,950,1.0,True,2,1,0.6,22
geo,0.0,14,True,14101,True,1050,1.0,False,,1,0.45,22
geo,0.0,14,True,14102,True,1350,1.0,False,,1,0.45,22
geo,0.0,14,True,14103,True,1050,1.0,True,2,1,0.65,22
geo,0.0,14,True,14104,True,1250,1.0,True,2,1,0.5,22
geo,0.0,15,True,15100,True,900,1.0,True,2,1,0.5333333333333333,11
geo,0.0,15,True,15101,True,850,1.0,True,2,1,0.6666666666666666,11
geo,0.0,15,True,15102,True,900,1.0,True,2,1,0.8666666666666667,11
geo,0.0,15,True,15103,True,800,1.0,True,2,1,0.7333333333333333,11
geo,0.0,15,True,15104,True,800,1.0,True,2,1,0.6666666666666666,11
geo,0.0,16,True,16100,True,1300,1.0,True,2,1,0.5263157894736842,19
geo,0.0,16,True,16101,True,900,1.0,True,2,1,0.631578947368421,19
geo,0.0,16,True,16102,True,1050,1.0,True,2,1,0.47368421052631576,19
geo,0.0,16,True,16103,True,950,1.0,True,2,1,0.631578947368421,19
geo,0.0,16,True,16104,True,1100,1.0,True,2,1,0.42105263157894735,19
geo,0.0,17,True,17100,True,1050,1.0,True,2,1,0.5454545454545454,31
geo,0.0,17,True,17101,True,2950,1.0,True,2,1,0.5,31
geo,0.0,17,True,17102,True,1600,1.0,True,2,1,0.5454545454545454,31
geo,0.0,17,True,17103,True,1100,1.0,True,2,1,0.5454545454545454,31
geo,0.0,17,True,17104,True,1350,1.0,True,2,1,0.5,31
geo,0.0,18,True,18100,True,1700,1.0,True,2,1,0.34782608695652173,31
geo,0.0,18,True,18101,True,1250,1.0,True,2,1,0.5217391304347826,31
geo,0.0,18,True,18102,True,1050,1.0,True,2,1,0.6086956521739131,31
geo,0.0,18,True,18103,True,950,1.0,True,2,1,0.6521739130434783,31
geo,0.0,18,True,18104,True,900,1.0,True,2,1,0.5652173913043478,31
geo,0.0,19,True,19100,True,850,1.0,True,2,1,0.7777777777777778,16
geo,0.0,19,True,19101,True,1000,1.0,True,2,1,0.6111111111111112,16
geo,0.0,19,True,19102,True,950,1.0,True,2,1,0.6111111111111112,16
geo,0.0,19,True,19103,True,900,1.0,True,2,1,0.5555555555555556,16
geo,0.0,19,True,19104,True,1050,1.0,True,2,1,0.6666666666666666,16
geo,0.0,20,True,20100,True,1150,1.0,True,2,1,0.4117647058823529,14
geo,0.0,20,True,20101,True,1150,1.0,True,2,1,0.5294117647058824,14
geo,0.0,20,True,20102,True,950,1.0,True,2,1,0.6470588235294118,14
geo,0.0,20,True,20103,True,850,1.0,True,2,1,0.6470588235294118,14
geo,0.0,20,True,20104,True,1300,1.0,True,2,1,0.47058823529411764,14
geo,0.0,21,True,21100,True,1250,1.0,True,2,1,0.55,20
geo,0.0,21,True,21101,True,1250,1.0,True,2,1,0.65,20
geo,0.0,21,True,21102,True,950,1.0,True,2,1,0.7,20
geo,0.0,21,True,21103,True,2150,1.0,True,2,1,0.45,20
geo,0.0,21,True,21104,True,800,1.0,True,2,1,0.7,20
geo,0.0,22,True,22100,True,850,1.0,True,2,1,0.55,25
geo,0.0,22,True,22101,True,1500,1.0,True,2,1,0.7,25
geo,0.0,22,True,22102,True,850,1.0,True,2,1,0.7,25
geo,0.0,22,True,22103,True,1750,1.0,True,2,1,0.3,25
geo,0.0,22,True,22104,True,1000,1.0,True,2,1,0.65,25
geo,0.0,23,True,23100,True,1000,1.0,True,2,1,0.45454545454545453,28
geo,0.0,23,True,23101,True,1400,1.0,True,2,1,0.45454545454545453,28
geo,0.0,23,True,23102,True,2150,1.0,True,2,1,0.45454545454545453,28
geo,0.0,23,True,23103,True,1050,1.0,True,2,1,0.36363636363636365,28
geo,0.0,23,True,23104,True,900,1.0,True,2,1,0.6818181818181818,28
geo,0.0,24,True,24100,True,800,1.0,True,2,1,0.625,12
geo,0.0,24,True,24101,True,850,1.0,True,2,1,0.5,12
geo,0.0,24,True,24102,True,800,1.0,True,2,1,0.6875,12
geo,0.0,24,True,24103,True,900,1.0,True,2,1,0.625,12
geo,0.0,24,True,24104,True,900,1.0,True,2,1,0.625,12
geo,0.0,25,True,25100,True,1100,1.0,False,,1,0.75,22
geo,0.0,25,True,25101,True,1500,1.0,False,,1,0.55,22
geo,0.0,25,True,25102,True,1450,1.0,False,,1,0.55,22
geo,0.0,25,True,25103,True,1100,1.0,True,2,1,0.6,22
geo,0.0,25,True,25104,True,1250,1.0,False,,1,0.75,22
geo,0.0,26,True,26100,True,1250,1.0,True,2,1,0.55,18
geo,0.0,26,True,26101,True,1100,1.0,True,2,1,0.75,18
geo,0.0,26,True,26102,True,1350,1.0,True,2,1,0.75,18
geo,0.0,26,True,26103,True,2250,1.0,True,2,1,0.7,18
geo,0.0,26,True,26104,True,3450,1.0,True,2,1,0.6,18
geo,0.0,27,True,27100,True,1050,1.0,True,2,1,0.5,16
geo,0.0,27,True,27101,True,900,1.0,True,2,1,0.6111111111111112,16
geo,0.0,27,True,27102,True,850,1.0,True,2,1,0.6111111111111112,16
geo,0.0,27,True,27103,True,850,1.0,True,2,1,0.6666666666666666,16
geo,0.0,27,True,27104,True,1000,1.0,True,2,1,0.4444444444444444,16
geo,0.0,28,True,28100,True,1050,1.0,True,2,1,0.6875,10
geo,0.0,28,True,28101,True,950,1.0,True,2,1,0.625,10
geo,0.0,28,True,28102,True,1100,1.0,True,2,1,0.4375,10
geo,0.0,28,True,28103,True,800,1.0,True,2,1,0.8125,10
geo,0.0,28,True,28104,True,1050,1.0,True,2,1,0.625,10
geo,0.0,29,True,29100,True,1600,1.0,True,2,1,0.6842105263157895,19
geo,0.0,29,True,29101,True,900,1.0,True,2,1,0.7368421052631579,19
geo,0.0,29,True,29102,True,850,1.0,True,2,1,0.631578947368421,19
geo,0.0,29,True,29103,True,850,1.0,True,2,1,0.7894736842105263,19
geo,0.0,29,True,29104,True,1000,1.0,True,2,1,0.3157894736842105,19
geo,0.002,0,True,100,True,2600,1.0,True,2,1,0.5555555555555556,19
geo,0.002,0,True,101,True,2500,1.0,True,2,1,0.4444444444444444,19
geo,0.002,0,True,102,True,1050,1.0,True,2,1,0.7222222222222222,19
geo,0.002,0,True,103,True,4550,1.0,True,2,1,0.5,19
geo,0.002,0,True,104,True,950,1.0,True,2,1,0.5555555555555556,19
geo,0.002,1,True,1100,True,2450,1.0,True,2,1,0.6190476190476191,25
geo,0.002,1,True,1101,True,850,1.0,True,2,1,0.5714285714285714,25
geo,0.002,1,True,1102,True,1050,1.0,True,2,1,0.6190476190476191,25
geo,0.002,1,True,1103,True,900,1.0,True,2,1,0.6666666666666666,25
geo,0.002,1,True,1104,True,2700,1.0,True,2,1,0.42857142857142855,25
geo,0.002,2,True,2100,True,1450,1.0,True,2,1,0.6111111111111112,14
geo,0.002,2,True,2101,True,1350,1.0,True,2,1,0.4444444444444444,14
geo,0.002,2,True,2102,True,2850,1.0,True,2,1,0.5,14
geo,0.002,2,True,2103,True,850,1.0,True,2,1,0.7222222222222222,14
geo,0.002,2,True,2104,True,1000,1.0,True,2,1,0.6111111111111112,14
geo,0.002,3,True,3100,True,1000,1.0,True,2,1,0.5625,12
geo,0.002,3,True,3101,True,900,1.0,True,2,1,0.5,12
geo,0.002,3,True,3102,True,900,1.0,True,2,1,0.6875,12
geo,0.002,3,True,3103,True,800,1.0,True,2,1,0.8125,12
geo,0.002,3,True,3104,True,2200,1.0,True,2,1,0.4375,12
geo,0.002,4,True,4100,True,1150,1.0,True,2,1,0.4,11
geo,0.002,4,True,4101,True,950,1.0,True,2,1,0.4666666666666667,11
geo,0.002,4,True,4102,True,800,1.0,True,2,1,0.7333333333333333,11
geo,0.002,4,True,4103,True,800,1.0,True,2,1,0.6666666666666666,11
geo,0.002,4,True,4104,True,1100,1.0,True,2,1,0.6666666666666666,11
geo,0.002,5,True,5100,True,1000,1.0,True,2,1,0.6,22
geo,0.002,5,True,5101,True,1100,1.0,True,2,1,0.75,22
geo,0.002,5,True,5102,True,1550,1.0,True,2,1,0.65,22
geo,0.002,5,True,5103,True,1650,1.0,True,2,1,0.7,22
geo,0.002,5,True,5104,True,1100,1.0,True,2,1,0.7,22
geo,0.002,6,True,6100,True,950,1.0,True,2,1,0.47058823529411764,14
geo,0.002,6,True,6101,True,2350,1.0,True,2,1,0.47058823529411764,14
geo,0.002,6,True,6102,True,1050,1.0,True,2,1,0.7058823529411765,14
geo,0.002,6,True,6103,True,1000,1.0,True,2,1,0.47058823529411764,14
geo,0.002,6,True,6104,True,1800,1.0,True,2,1,0.6470588235294118,14
geo,0.002,7,True,7100,True,2150,1.0,True,2,1,0.4117647058823529,12
geo,0.002,7,True,7101,True,1250,1.0,True,2,1,0.7058823529411765,12
geo,0.002,7,True,7102,True,850,1.0,True,2,1,0.4117647058823529,12
geo,0.002,7,True,7103,True,1950,1.0,True,2,1,0.5294117647058824,12
geo,0.002,7,True,7104,True,2050,1.0,True,2,1,0.4117647058823529,12
geo,0.002,8,True,8100,True,900,1.0,True,2,1,0.6842105263157895,20
geo,0.002,8,True,8101,True,1850,1.0,True,2,1,0.42105263157894735,20
geo,0.002,8,True,8102,True,1250,1.0,True,2,1,0.5263157894736842,20
geo,0.002,8,True,8103,True,2100,1.0,True,2,1,0.3684210526315789,20
geo,0.002,8,True,8104,True,1550,1.0,True,2,1,0.631578947368421,20
geo,0.002,9,True,9100,True,1050,1.0,True,2,1,0.6190476190476191,25
geo,0.002,9,True,9101,True,1150,1.0,True,2,1,0.5714285714285714,25
geo,0.002,9,True,9102,True,1200,1.0,True,2,1,0.3333333333333333,25
geo,0.002,9,True,9103,True,3350,1.0,True,2,1,0.5238095238095238,25
geo,0.002,9,True,9104,True,1350,1.0,True,2,1,0.5238095238095238,25
geo,0.002,10,True,10100,True,1150,1.0,True,2,1,0.5,25
geo,0.002,10,True,10101,True,900,1.0,True,2,1,0.6,25
geo,0.002,10,True,10102,True,1050,1.0,True,2,1,0.55,25
geo,0.002,10,True,10103,True,1150,1.0,True,2,1,0.5,25
geo,0.002,10,True,10104,True,1150,1.0,True,2,1,0.65,25
geo,0.002,11,True,11100,True,850,1.0,True,2,1,0.7777777777777778,14
geo,0.002,11,True,11101,True,1700,1.0,True,2,1,0.6111111111111112,14
geo,0.002,11,True,11102,True,1350,1.0,True,2,1,0.6111111111111112,14
geo,0.002,11,True,11103,True,1450,1.0,True,1,1,0.5,14
geo,0.002,11,True,11104,True,1150,1.0,True,2,1,0.6111111111111112,14
geo,0.002,12,True,12100,True,850,1.0,True,2,1,0.6666666666666666,21
geo,0.002,12,True,12101,True,1200,1.0,True,2,1,0.3888888888888889,21
geo,0.002,12,True,12102,True,950,1.0,True,2,1,0.5,21
geo,0.002,12,True,12103,True,1000,1.0,True,2,1,0.5555555555555556,21
geo,0.002,12,True,12104,True,1700,1.0,True,2,1,0.4444444444444444,21
geo,0.002,13,True,13100,True,1650,1.0,True,2,1,0.55,24
geo,0.002,13,True,13101,True,850,1.0,True,2,1,0.7,24
geo,0.002,13,True,13102,True,1650,1.0,True,2,1,0.75,24
geo,0.002,13,True,13103,True,850,1.0,True,2,1,0.65,24
geo,0.002,13,True,13104,True,2600,1.0,True,2,1,0.5,24
geo,0.002,14,True,14100,True,950,1.0,True,2,1,0.6,22
geo,0.002,14,True,14101,True,1200,1.0,False,,1,0.5,22
geo,0.002,14,True,14102,True,1350,1.0,False,,1,0.45,22
geo,0.002,14,True,14103,True,1050,1.0,True,2,1,0.65,22
geo,0.002,14,True,14104,True,1250,1.0,True,2,1,0.5,22
geo,0.002,15,True,15100,True,1450,1.0,True,2,1,0.26666666666666666,11
geo,0.002,15,True,15101,True,900,1.0,True,2,1,0.5333333333333333,11
geo,0.002,15,True,15102,True,900,1.0,True,2,1,0.8666666666666667,11
geo,0.002,15,True,15103,True,800,1.0,True,2,1,0.7333333333333333,11
geo,0.002,15,True,15104,True,800,1.0,True,2,1,0.6666666666666666,11
geo,0.002,16,True,16100,True,1300,1.0,True,2,1,0.5263157894736842,19
geo,0.002,16,True,16101,True,900,1.0,True,2,1,0.631578947368421,19
geo,0.002,16,True,16102,True,1050,1.0,True,2,1,0.47368421052631576,19
geo,0.002,16,True,16103,True,2050,1.0,True,2,1,0.42105263157894735,19
geo,0.002,16,True,16104,True,1600,1.0,True,2,1,0.42105263157894735,19
geo,0.002,17,True,17100,True,1050,1.0,True,2,1,0.5454545454545454,31
geo,0.002,17,True,17101,True,2200,1.0,True,2,1,0.3181818181818182,31
geo,0.002,17,True,17102,True,5550,1.0,True,2,1,0.5909090909090909,31
geo,0.002,17,True,17103,True,1100,1.0,True,2,1,0.5454545454545454,31
geo,0.002,17,True,17104,True,1350,1.0,True,2,1,0.5,31
geo,0.002,18,True,18100,True,4350,1.0,True,2,1,0.6086956521739131,31
geo,0.002,18,True,18101,True,2200,1.0,True,2,1,0.43478260869565216,31
geo,0.002,18,True,18102,True,2200,1.0,True,2,1,0.5217391304347826,31
geo,0.002,18,True,18103,True,950,1.0,True,2,1,0.6521739130434783,31
geo,0.002,18,True,18104,True,1750,1.0,True,2,1,0.5652173913043478,31
geo,0.002,19,True,19100,True,850,1.0,True,2,1,0.7777777777777778,16
geo,0.002,19,True,19101,True,1350,1.0,True,2,1,0.6111111111111112,16
geo,0.002,19,True,19102,True,1500,1.0,True,2,1,0.5,16
geo,0.002,19,True,19103,True,850,1.0,True,2,1,0.6111111111111112,16
geo,0.002,19,True,19104,True,2650,1.0,True,2,1,0.5555555555555556,16
geo,0.002,20,True,20100,True,1150,1.0,True,2,1,0.4117647058823529,14
geo,0.002,20,True,20101,True,1150,1.0,True,2,1,0.5294117647058824,14
geo,0.002,20,True,20102,True,950,1.0,True,2,1,0.6470588235294118,14
geo,0.002,20,True,20103,True,850,1.0,True,2,1,0.6470588235294118,14
geo,0.002,20,True,20104,True,1300,1.0,True,2,1,0.47058823529411764,14
geo,0.002,21,True,21100,True,1250,1.0,True,2,1,0.55,20
geo,0.002,21,True,21101,True,1250,1.0,True,2,1,0.65,20
geo,0.002,21,True,21102,True,950,1.0,True,2,1,0.7,20
geo,0.002,21,True,21103,True,2100,1.0,True,2,1,0.45,20
geo,0.002,21,True,21104,True,800,1.0,True,2,1,0.7,20
geo,0.002,22,True,22100,True,850,1.0,True,2,1,0.55,25
geo,0.002,22,True,22101,True,1500,1.0,True,2,1,0.7,25
geo,0.002,22,True,22102,True,850,1.0,True,2,1,0.7,25
geo,0.002,22,True,22103,True,3300,1.0,True,2,1,0.5,25
geo,0.002,22,True,22104,True,1000,1.0,True,2,1,0.65,25
geo,0.002,23,True,23100,True,1800,1.0,True,2,1,0.5,28
geo,0.002,23,True,23101,True,1700,1.0,True,2,1,0.45454545454545453,28
geo,0.002,23,True,23102,True,2150,1.0,True,2,1,0.45454545454545453,28
geo,0.002,23,True,23103,True,1050,1.0,True,2,1,0.36363636363636365,28
geo,0.002,23,True,23104,True,900,1.0,True,2,1,0.6818181818181818,28
geo,0.002,24,True,24100,True,800,1.0,True,2,1,0.625,12
geo,0.002,24,True,24101,True,850,1.0,True,2,1,0.5,12
geo,0.002,24,True,24102,True,800,1.0,True,2,1,0.6875,12
geo,0.002,24,True,24103,True,1300,1.0,True,2,1,0.5625,12
geo,0.002,24,True,24104,True,1300,1.0,True,2,1,0.625,12
geo,0.002,25,True,25100,True,1100,1.0,False,,1,0.75,22
geo,0.002,25,True,25101,True,2350,1.0,False,,1,0.35,22
geo,0.002,25,True,25102,True,1500,1.0,False,,1,0.7,22
geo,0.002,25,True,25103,True,1100,1.0,True,2,1,0.6,22
geo,0.002,25,True,25104,True,1250,1.0,False,,1,0.75,22
geo,0.002,26,True,26100,True,1250,1.0,True,2,1,0.55,18
geo,0.002,26,True,26101,True,1100,1.0,True,2,1,0.75,18
geo,0.002,26,True,26102,True,1350,1.0,True,2,1,0.75,18
geo,0.002,26,True,26103,True,2250,1.0,True,2,1,0.7,18
geo,0.002,26,True,26104,True,3250,1.0,True,2,1,0.7,18
geo,0.002,27,True,27100,True,1050,1.0,True,2,1,0.5,16
geo,0.002,27,True,27101,True,900,1.0,True,2,1,0.6111111111111112,16
geo,0.002,27,True,27102,True,2650,1.0,True,2,1,0.5555555555555556,16
geo,0.002,27,True,27103,True,1200,1.0,True,2,1,0.6666666666666666,16
geo,0.002,27,True,27104,True,1000,1.0,True,2,1,0.4444444444444444,16
geo,0.002,28,True,28100,True,1050,1.0,True,2,1,0.625,10
geo,0.002,28,True,28101,True,950,1.0,True,2,1,0.625,10
geo,0.002,28,True,28102,True,1100,1.0,True,2,1,0.5625,10
geo,0.002,28,True,28103,True,1050,1.0,True,2,1,0.6875,10
geo,0.002,28,True,28104,True,1050,1.0,True,2,1,0.625,10
geo,0.002,29,True,29100,True,3250,1.0,True,2,1,0.5263157894736842,19
geo,0.002,29,True,29101,True,900,1.0,True,2,1,0.7368421052631579,19
geo,0.002,29,True,29102,True,850,1.0,True,2,1,0.631578947368421,19
geo,0.002,29,True,29103,True,850,1.0,True,2,1,0.7894736842105263,19
geo,0.002,29,True,29104,True,1850,1.0,True,2,1,0.5263157894736842,19
geo,0.005,0,True,100,True,1250,1.0,True,2,1,0.5,19
geo,0.005,0,True,101,True,2400,1.0,True,2,1,0.6111111111111112,19
geo,0.005,0,True,102,True,1050,1.0,True,2,1,0.7222222222222222,19
geo,0.005,0,True,103,True,7050,1.0,True,2,1,0.6111111111111112,19
geo,0.005,0,True,104,True,1150,1.0,True,2,1,0.5555555555555556,19
geo,0.005,1,True,1100,True,3050,1.0,True,2,1,0.38095238095238093,25
geo,0.005,1,True,1101,True,1000,1.0,True,2,1,0.5714285714285714,25
geo,0.005,1,True,1102,True,1050,1.0,True,2,1,0.6190476190476191,25
geo,0.005,1,True,1103,True,900,1.0,True,2,1,0.6666666666666666,25
geo,0.005,1,True,1104,True,2600,1.0,True,2,1,0.5714285714285714,25
geo,0.005,2,True,2100,True,1450,1.0,True,2,1,0.6111111111111112,14
geo,0.005,2,True,2101,True,1350,1.0,True,2,1,0.4444444444444444,14
geo,0.005,2,True,2102,True,3400,1.0,True,2,1,0.6111111111111112,14
geo,0.005,2,True,2103,True,1850,1.0,True,2,1,0.3333333333333333,14
geo,0.005,2,True,2104,True,950,1.0,True,2,1,0.5,14
geo,0.005,3,True,3100,True,2350,1.0,True,2,1,0.5625,12
geo,0.005,3,True,3101,True,900,1.0,True,2,1,0.5,12
geo,0.005,3,True,3102,True,900,1.0,True,2,1,0.6875,12
geo,0.005,3,True,3103,True,800,1.0,True,2,1,0.8125,12
geo,0.005,3,True,3104,True,4100,1.0,True,2,1,0.5,12
geo,0.005,4,True,4100,True,1150,1.0,True,2,1,0.4,11
geo,0.005,4,True,4101,True,950,1.0,True,2,1,0.4666666666666667,11
geo,0.005,4,True,4102,True,800,1.0,True,2,1,0.7333333333333333,11
geo,0.005,4,True,4103,True,800,1.0,True,2,1,0.6666666666666666,11
geo,0.005,4,True,4104,True,1100,1.0,True,2,1,0.6666666666666666,11
geo,0.005,5,True,5100,True,1600,1.0,True,2,1,0.35,22
geo,0.005,5,True,5101,True,4750,1.0,True,2,1,0.35,22
geo,0.005,5,True,5102,True,2350,1.0,True,2,1,0.45,22
geo,0.005,5,True,5103,True,3250,1.0,True,2,1,0.55,22
geo,0.005,5,True,5104,True,3950,1.0,True,2,1,0.45,22
geo,0.005,6,True,6100,True,950,1.0,True,2,1,0.47058823529411764,14
geo,0.005,6,True,6101,True,2300,1.0,True,2,1,0.5294117647058824,14
geo,0.005,6,True,6102,True,1400,1.0,True,2,1,0.47058823529411764,14
geo,0.005,6,True,6103,True,1450,1.0,True,2,1,0.4117647058823529,14
geo,0.005,6,True,6104,True,1750,1.0,True,2,1,0.6470588235294118,14
geo,0.005,7,True,7100,True,2150,1.0,True,2,1,0.4117647058823529,12
geo,0.005,7,True,7101,True,1250,1.0,True,2,1,0.7058823529411765,12
geo,0.005,7,True,7102,True,850,1.0,True,2,1,0.4117647058823529,12
geo,0.005,7,True,7103,True,5400,1.0,True,2,1,0.5882352941176471,12
geo,0.005,7,True,7104,True,2050,1.0,True,2,1,0.7058823529411765,12
geo,0.005,8,True,8100,True,900,1.0,True,2,1,0.6842105263157895,20
geo,0.005,8,True,8101,True,3700,1.0,True,2,1,0.631578947368421,20
geo,0.005,8,True,8102,True,3500,1.0,True,2,1,0.42105263157894735,20
geo,0.005,8,True,8103,True,2900,1.0,True,2,1,0.42105263157894735,20
geo,0.005,8,True,8104,True,1650,1.0,True,2,1,0.6842105263157895,20
geo,0.005,9,True,9100,True,2750,1.0,True,2,1,0.5238095238095238,25
geo,0.005,9,True,9101,True,1650,1.0,True,2,1,0.5714285714285714,25
geo,0.005,9,True,9102,True,1200,1.0,True,2,1,0.3333333333333333,25
geo,0.005,9,True,9103,True,3100,1.0,True,2,1,0.47619047619047616,25
geo,0.005,9,True,9104,True,1350,1.0,True,2,1,0.5238095238095238,25
geo,0.005,10,True,10100,True,1900,1.0,True,2,1,0.7,25
geo,0.005,10,True,10101,True,4200,1.0,True,2,1,0.7,25
geo,0.005,10,True,10102,True,8900,1.0,True,2,1,0.65,25
geo,0.005,10,True,10103,True,1150,1.0,True,2,1,0.5,25
geo,0.005,10,True,10104,True,1150,1.0,True,2,1,0.65,25
geo,0.005,11,True,11100,True,1050,1.0,True,2,1,0.6666666666666666,14
geo,0.005,11,True,11101,True,1900,1.0,True,2,1,0.6111111111111112,14
geo,0.005,11,True,11102,True,2200,1.0,True,2,1,0.3888888888888889,14
geo,0.005,11,True,11103,True,1800,1.0,True,2,1,0.2777777777777778,14
geo,0.005,11,True,11104,True,1200,1.0,True,2,1,0.4444444444444444,14
geo,0.005,12,True,12100,True,850,1.0,True,2,1,0.6666666666666666,21
geo,0.005,12,True,12101,True,1200,1.0,True,2,1,0.3888888888888889,21
geo,0.005,12,True,12102,True,950,1.0,True,2,1,0.5,21
geo,0.005,12,True,12103,True,950,1.0,True,2,1,0.4444444444444444,21
geo,0.005,12,True,12104,True,1800,1.0,True,2,1,0.6111111111111112,21
geo,0.005,13,True,13100,True,3350,1.0,True,2,1,0.75,24
geo,0.005,13,True,13101,True,850,1.0,True,2,1,0.7,24
geo,0.005,13,True,13102,True,2000,1.0,True,2,1,0.55,24
geo,0.005,13,True,13103,True,850,1.0,True,2,1,0.65,24
geo,0.005,13,True,13104,True,3250,1.0,True,2,1,0.65,24
geo,0.005,14,True,14100,True,950,1.0,True,2,1,0.6,22
geo,0.005,14,True,14101,True,1850,1.0,False,,1,0.5,22
geo,0.005,14,True,14102,True,1350,1.0,False,,1,0.45,22
geo,0.005,14,True,14103,True,1900,1.0,False,,1,0.5,22
geo,0.005,14,True,14104,True,1250,1.0,True,2,1,0.5,22
geo,0.005,15,True,15100,True,1850,1.0,True,2,1,0.4666666666666667,11
geo,0.005,15,True,15101,True,1850,1.0,True,2,1,0.5333333333333333,11
geo,0.005,15,True,15102,True,2500,1.0,True,2,1,0.5333333333333333,11
geo,0.005,15,True,15103,True,800,1.0,True,2,1,0.7333333333333333,11
geo,0.005,15,True,15104,True,800,1.0,True,2,1,0.6666666666666666,11
geo,0.005,16,True,16100,True,1300,1.0,True,2,1,0.5263157894736842,19
geo,0.005,16,True,16101,True,900,1.0,True,2,1,0.631578947368421,19
geo,0.005,16,True,16102,True,1050,1.0,True,2,1,0.5263157894736842,19
geo,0.005,16,True,16103,True,2050,1.0,True,2,1,0.42105263157894735,19
geo,0.005,16,True,16104,True,1550,1.0,True,2,1,0.5263157894736842,19
geo,0.005,17,True,17100,True,2050,1.0,True,2,1,0.5,31
geo,0.005,17,True,17101,True,3450,1.0,True,2,1,0.3181818181818182,31
geo,0.005,17,True,17102,True,6250,1.0,True,2,1,0.4090909090909091,31
geo,0.005,17,True,17103,True,1100,1.0,True,2,1,0.5454545454545454,31
geo,0.005,17,True,17104,True,1700,1.0,True,2,1,0.5,31
geo,0.005,18,True,18100,True,4400,1.0,True,2,1,0.5217391304347826,31
geo,0.005,18,True,18101,True,4350,1.0,True,2,1,0.7391304347826086,31
geo,0.005,18,True,18102,True,2200,1.0,True,2,1,0.5217391304347826,31
geo,0.005,18,True,18103,True,950,1.0,True,2,1,0.6521739130434783,31
geo,0.005,18,True,18104,True,1800,1.0,True,2,1,0.43478260869565216,31
geo,0.005,19,True,19100,True,850,1.0,True,2,1,0.7777777777777778,16
geo,0.005,19,True,19101,True,4500,1.0,True,2,1,0.6666666666666666,16
geo,0.005,19,True,19102,True,4800,1.0,True,2,1,0.5,16
geo,0.005,19,True,19103,True,2450,1.0,True,2,1,0.6111111111111112,16
geo,0.005,19,True,19104,True,2600,1.0,True,2,1,0.5,16
geo,0.005,20,True,20100,True,2900,1.0,True,2,1,0.5294117647058824,14
geo,0.005,20,True,20101,True,4900,1.0,True,2,1,0.5294117647058824,14
geo,0.005,20,True,20102,True,1500,1.0,True,2,1,0.47058823529411764,14
geo,0.005,20,True,20103,True,850,1.0,True,2,1,0.6470588235294118,14
geo,0.005,20,True,20104,True,1800,1.0,True,2,1,0.47058823529411764,14
geo,0.005,21,True,21100,True,1250,1.0,True,2,1,0.55,20
geo,0.005,21,True,21101,True,1250,1.0,True,2,1,0.65,20
geo,0.005,21,True,21102,True,2700,1.0,True,2,1,0.6,20
geo,0.005,21,True,21103,True,1100,1.0,True,2,1,0.75,20
geo,0.005,21,True,21104,True,4900,1.0,True,2,1,0.65,20
geo,0.005,22,True,22100,True,3900,1.0,True,2,1,0.65,25
geo,0.005,22,True,22101,True,1500,1.0,True,2,1,0.7,25
geo,0.005,22,True,22102,True,850,1.0,True,2,1,0.7,25
geo,0.005,22,True,22103,True,4450,1.0,True,2,1,0.6,25
geo,0.005,22,True,22104,True,1850,1.0,True,2,1,0.65,25
geo,0.005,23,True,23100,True,1800,1.0,True,2,1,0.5,28
geo,0.005,23,True,23101,True,3200,1.0,True,2,1,0.4090909090909091,28
geo,0.005,23,True,23102,True,2000,1.0,True,2,1,0.2727272727272727,28
geo,0.005,23,True,23103,True,1050,1.0,True,2,1,0.36363636363636365,28
geo,0.005,23,True,23104,True,900,1.0,True,2,1,0.6818181818181818,28
geo,0.005,24,True,24100,True,800,1.0,True,2,1,0.625,12
geo,0.005,24,True,24101,True,1250,1.0,True,2,1,0.5,12
geo,0.005,24,True,24102,True,1000,1.0,True,2,1,0.6875,12
geo,0.005,24,True,24103,True,1250,1.0,True,2,1,0.5625,12
geo,0.005,24,True,24104,True,2250,1.0,True,2,1,0.4375,12
geo,0.005,25,True,25100,True,6750,1.0,True,2,1,0.6,22
geo,0.005,25,True,25101,True,2300,1.0,True,2,1,0.55,22
geo,0.005,25,True,25102,True,2200,1.0,True,2,1,0.5,22
geo,0.005,25,True,25103,True,2850,1.0,True,2,1,0.55,22
geo,0.005,25,True,25104,True,2050,1.0,False,,1,0.5,22
geo,0.005,26,True,26100,True,5750,1.0,True,2,1,0.5,18
geo,0.005,26,True,26101,True,1100,1.0,True,2,1,0.75,18
geo,0.005,26,True,26102,True,1350,1.0,True,2,1,0.75,18
geo,0.005,26,True,26103,True,5550,1.0,True,2,1,0.55,18
geo,0.005,26,True,26104,True,3500,1.0,True,2,1,0.7,18
geo,0.005,27,True,27100,True,2050,1.0,True,2,1,0.5555555555555556,16
geo,0.005,27,True,27101,True,2650,1.0,True,2,1,0.6666666666666666,16
geo,0.005,27,True,27102,True,5000,1.0,True,2,1,0.7222222222222222,16
geo,0.005,27,True,27103,True,1600,1.0,True,2,1,0.7222222222222222,16
geo,0.005,27,True,27104,True,1900,1.0,True,2,1,0.2777777777777778,16
geo,0.005,28,True,28100,True,1050,1.0,True,2,1,0.625,10
geo,0.005,28,True,28101,True,950,1.0,True,2,1,0.625,10
geo,0.005,28,True,28102,True,1050,1.0,True,2,1,0.8125,10
geo,0.005,28,True,28103,True,950,1.0,True,2,1,0.8125,10
geo,0.005,28,True,28104,True,1950,1.0,True,2,1,0.6875,10
geo,0.005,29,True,29100,True,4000,1.0,True,2,1,0.631578947368421,19
geo,0.005,29,True,29101,True,900,1.0,True,2,1,0.7368421052631579,19
geo,0.005,29,True,29102,True,4250,1.0,True,2,1,0.5263157894736842,19
geo,0.005,29,True,29103,True,1000,1.0,True,2,1,0.5263157894736842,19
geo,0.005,29,True,29104,True,3950,1.0,True,2,1,0.42105263157894735,19
geo,0.01,0,True,100,True,4900,1.0,True,2,1,0.6111111111111112,19
geo,0.01,0,True,101,True,3400,1.0,True,2,1,0.4444444444444444,19
geo,0.01,0,True,102,True,1350,1.0,True,2,1,0.5555555555555556,19
geo,0.01,0,True,103,True,5500,1.0,True,2,1,0.6666666666666666,19
geo,0.01,0,True,104,True,1050,1.0,True,2,1,0.6111111111111112,19
geo,0.01,1,True,1100,True,6550,1.0,True,2,1,0.5238095238095238,25
geo,0.01,1,True,1101,True,22850,1.0,True,2,1,0.38095238095238093,25
geo,0.01,1,True,1102,True,1050,1.0,True,2,1,0.6190476190476191,25
geo,0.01,1,True,1103,True,3850,1.0,True,2,1,0.6190476190476191,25
geo,0.01,1,True,1104,True,2450,1.0,True,2,1,0.5714285714285714,25
geo,0.01,2,True,2100,True,1150,1.0,True,2,1,0.5555555555555556,14
geo,0.01,2,True,2101,True,1150,1.0,True,2,1,0.7222222222222222,14
geo,0.01,2,True,2102,True,4250,1.0,True,2,1,0.5,14
geo,0.01,2,True,2103,True,7850,1.0,True,2,1,0.5,14
geo,0.01,2,True,2104,True,20400,1.0,True,2,1,0.5555555555555556,14
geo,0.01,3,True,3100,True,2350,1.0,True,2,1,0.75,12
geo,0.01,3,True,3101,True,2400,1.0,True,2,1,0.5625,12
geo,0.01,3,True,3102,True,1000,1.0,True,2,1,0.5625,12
geo,0.01,3,True,3103,True,5850,1.0,True,2,1,0.375,12
geo,0.01,3,True,3104,True,2550,1.0,True,2,1,0.4375,12
geo,0.01,4,True,4100,True,1150,1.0,True,2,1,0.4,11
geo,0.01,4,True,4101,True,950,1.0,True,2,1,0.4,11
geo,0.01,4,True,4102,True,1900,1.0,True,2,1,0.3333333333333333,11
geo,0.01,4,True,4103,True,800,1.0,True,2,1,0.6666666666666666,11
geo,0.01,4,True,4104,True,2650,1.0,True,2,1,0.7333333333333333,11
geo,0.01,5,True,5100,True,4150,1.0,True,2,1,0.4,22
geo,0.01,5,True,5101,True,4750,1.0,True,2,1,0.45,22
geo,0.01,5,True,5102,True,23600,1.0,True,2,1,0.5,22
geo,0.01,5,True,5103,True,1450,1.0,True,2,1,0.65,22
geo,0.01,5,True,5104,True,3750,1.0,True,2,1,0.65,22
geo,0.01,6,True,6100,True,2900,1.0,True,2,1,0.4117647058823529,14
geo,0.01,6,True,6101,True,5900,1.0,True,2,1,0.5294117647058824,14
geo,0.01,6,True,6102,True,4950,1.0,True,2,1,0.6470588235294118,14
geo,0.01,6,True,6103,True,3800,1.0,True,2,1,0.5882352941176471,14
geo,0.01,6,True,6104,True,4200,1.0,True,2,1,0.5882352941176471,14
geo,0.01,7,True,7100,True,7350,1.0,False,,1,0.7058823529411765,12
geo,0.01,7,True,7101,True,3000,1.0,True,2,1,0.35294117647058826,12
geo,0.01,7,True,7102,True,12800,1.0,True,2,1,0.4117647058823529,12
geo,0.01,7,True,7103,True,6650,1.0,True,2,1,0.5882352941176471,12
geo,0.01,7,True,7104,True,1950,1.0,True,2,1,0.4117647058823529,12
geo,0.01,8,True,8100,True,900,1.0,True,2,1,0.6842105263157895,20
geo,0.01,8,True,8101,True,3550,1.0,True,2,1,0.3157894736842105,20
geo,0.01,8,True,8102,True,5150,1.0,True,2,1,0.3684210526315789,20
geo,0.01,8,True,8103,True,4100,1.0,True,2,1,0.3157894736842105,20
geo,0.01,8,True,8104,True,3850,1.0,True,2,1,0.42105263157894735,20
geo,0.01,9,True,9100,True,9000,1.0,True,2,1,0.7142857142857143,25
geo,0.01,9,True,9101,True,1700,1.0,True,2,1,0.42857142857142855,25
geo,0.01,9,True,9102,True,1150,1.0,True,2,1,0.42857142857142855,25
geo,0.01,9,True,9103,True,14350,1.0,True,2,1,0.6190476190476191,25
geo,0.01,9,True,9104,True,5350,1.0,True,2,1,0.5714285714285714,25
geo,0.01,10,True,10100,True,11850,1.0,True,2,1,0.6,25
geo,0.01,10,True,10101,True,5700,1.0,True,2,1,0.6,25
geo,0.01,10,True,10102,True,9900,1.0,True,2,1,0.55,25
geo,0.01,10,True,10103,True,2100,1.0,True,2,1,0.5,25
geo,0.01,10,True,10104,True,1150,1.0,True,2,1,0.65,25
geo,0.01,11,True,11100,True,5500,1.0,True,2,1,0.3888888888888889,14
geo,0.01,11,True,11101,True,1900,1.0,True,2,1,0.6111111111111112,14
geo,0.01,11,True,11102,True,6550,1.0,True,2,1,0.6111111111111112,14
geo,0.01,11,True,11103,True,1700,1.0,True,2,1,0.4444444444444444,14
geo,0.01,11,True,11104,True,18400,1.0,True,2,1,0.3333333333333333,14
geo,0.01,12,True,12100,True,4600,1.0,True,2,1,0.5,21
geo,0.01,12,True,12101,True,12250,1.0,True,2,1,0.4444444444444444,21
geo,0.01,12,True,12102,True,3100,1.0,True,2,1,0.5,21
geo,0.01,12,True,12103,True,5150,1.0,True,2,1,0.4444444444444444,21
geo,0.01,12,True,12104,True,3450,1.0,True,2,1,0.6666666666666666,21
geo,0.01,13,True,13100,True,5700,1.0,True,2,1,0.45,24
geo,0.01,13,True,13101,True,4250,1.0,True,2,1,0.5,24
geo,0.01,13,True,13102,True,4350,1.0,True,2,1,0.6,24
geo,0.01,13,True,13103,True,3750,1.0,True,2,1,0.65,24
geo,0.01,13,True,13104,True,3900,1.0,True,2,1,0.5,24
geo,0.01,14,True,14100,True,4400,1.0,False,,1,0.6,22
geo,0.01,14,True,14101,True,6900,1.0,True,2,1,0.4,22
geo,0.01,14,True,14102,True,2350,1.0,True,2,1,0.65,22
geo,0.01,14,True,14103,True,4650,1.0,False,,1,0.65,22
geo,0.01,14,True,14104,True,1250,1.0,True,2,1,0.5,22
geo,0.01,15,True,15100,True,5400,1.0,True,2,1,0.6666666666666666,11
geo,0.01,15,True,15101,True,3750,1.0,True,2,1,0.5333333333333333,11
geo,0.01,15,True,15102,True,4950,1.0,True,2,1,0.5333333333333333,11
geo,0.01,15,True,15103,True,2600,1.0,True,2,1,0.6666666666666666,11
geo,0.01,15,True,15104,True,1750,1.0,True,2,1,0.4666666666666667,11
geo,0.01,16,True,16100,True,1600,1.0,True,2,1,0.47368421052631576,19
geo,0.01,16,True,16101,True,12050,1.0,True,2,1,0.6842105263157895,19
geo,0.01,16,True,16102,True,1050,1.0,True,2,1,0.5263157894736842,19
geo,0.01,16,True,16103,True,2050,1.0,True,2,1,0.47368421052631576,19
geo,0.01,16,True,16104,True,1600,1.0,True,2,1,0.42105263157894735,19
geo,0.01,17,True,17100,True,2800,1.0,True,2,1,0.5,31
geo,0.01,17,True,17101,True,18500,1.0,True,2,1,0.5,31
geo,0.01,17,True,17102,True,38100,1.0,True,2,1,0.5909090909090909,31
geo,0.01,17,True,17103,True,1100,1.0,True,2,1,0.5454545454545454,31
geo,0.01,17,True,17104,True,6250,1.0,True,2,1,0.6363636363636364,31
geo,0.01,18,True,18100,True,19400,1.0,True,2,1,0.5652173913043478,31
geo,0.01,18,True,18101,True,10650,1.0,True,2,1,0.43478260869565216,31
geo,0.01,18,True,18102,True,15900,1.0,True,2,1,0.5217391304347826,31
geo,0.01,18,True,18103,True,14850,1.0,True,2,1,0.43478260869565216,31
geo,0.01,18,True,18104,True,17100,1.0,True,2,1,0.21739130434782608,31
geo,0.01,19,True,19100,True,4850,1.0,True,2,1,0.6666666666666666,16
geo,0.01,19,True,19101,True,5450,1.0,True,2,1,0.4444444444444444,16
geo,0.01,19,True,19102,True,15100,1.0,True,2,1,0.6111111111111112,16
geo,0.01,19,True,19103,True,3600,1.0,True,2,1,0.6111111111111112,16
geo,0.01,19,True,19104,True,2500,1.0,True,2,1,0.3333333333333333,16
geo,0.01,20,True,20100,True,3650,1.0,True,2,1,0.47058823529411764,14
geo,0.01,20,True,20101,True,4850,1.0,True,2,1,0.47058823529411764,14
geo,0.01,20,True,20102,True,9850,1.0,True,2,1,0.4117647058823529,14
geo,0.01,20,True,20103,True,850,1.0,True,2,1,0.6470588235294118,14
geo,0.01,20,True,20104,True,9100,1.0,True,2,1,0.6470588235294118,14
geo,0.01,21,True,21100,True,18650,1.0,True,2,1,0.5,20
geo,0.01,21,True,21101,True,9150,1.0,True,2,1,0.65,20
geo,0.01,21,True,21102,True,3150,1.0,True,2,1,0.45,20
geo,0.01,21,True,21103,True,2850,1.0,True,2,1,0.35,20
geo,0.01,21,True,21104,True,6600,1.0,True,2,1,0.7,20
geo,0.01,22,True,22100,True,11850,1.0,True,2,1,0.5,25
geo,0.01,22,True,22101,True,5900,1.0,True,2,1,0.5,25
geo,0.01,22,True,22102,True,850,1.0,True,2,1,0.7,25
geo,0.01,22,True,22103,True,16600,1.0,True,2,1,0.6,25
geo,0.01,22,True,22104,True,10700,1.0,True,2,1,0.6,25
geo,0.01,23,True,23100,True,2100,1.0,True,2,1,0.5,28
geo,0.01,23,True,23101,True,1700,1.0,True,2,1,0.36363636363636365,28
geo,0.01,23,True,23102,True,1850,1.0,True,2,1,0.6363636363636364,28
geo,0.01,23,True,23103,True,1050,1.0,True,2,1,0.36363636363636365,28
geo,0.01,23,True,23104,True,900,1.0,True,2,1,0.6818181818181818,28
geo,0.01,24,True,24100,True,800,1.0,True,2,1,0.625,12
geo,0.01,24,True,24101,True,3350,1.0,True,2,1,0.5625,12
geo,0.01,24,True,24102,True,850,1.0,True,2,1,0.6875,12
geo,0.01,24,True,24103,True,1200,1.0,True,2,1,0.4375,12
geo,0.01,24,True,24104,True,1650,1.0,True,2,1,0.5625,12
geo,0.01,25,True,25100,True,7000,1.0,True,2,1,0.65,22
geo,0.01,25,True,25101,True,14500,1.0,False,,1,0.3,22
geo,0.01,25,True,25102,True,2200,1.0,True,2,1,0.5,22
geo,0.01,25,True,25103,True,6350,1.0,False,,1,0.65,22
geo,0.01,25,True,25104,True,4900,1.0,True,2,1,0.5,22
geo,0.01,26,True,26100,True,8200,1.0,True,2,1,0.5,18
geo,0.01,26,True,26101,True,1100,1.0,True,2,1,0.75,18
geo,0.01,26,True,26102,True,20800,1.0,True,2,1,0.5,18
geo,0.01,26,True,26103,True,14400,1.0,True,2,1,0.65,18
geo,0.01,26,True,26104,True,11000,1.0,True,2,1,0.55,18
geo,0.01,27,True,27100,True,4400,1.0,True,2,1,0.4444444444444444,16
geo,0.01,27,True,27101,True,3850,1.0,True,2,1,0.5,16
geo,0.01,27,True,27102,True,10800,1.0,True,2,1,0.6111111111111112,16
geo,0.01,27,True,27103,True,1600,1.0,True,2,1,0.7222222222222222,16
geo,0.01,27,True,27104,True,4500,1.0,True,2,1,0.5,16
geo,0.01,28,True,28100,True,8300,1.0,True,2,1,0.5,10
geo,0.01,28,True,28101,True,3350,1.0,True,2,1,0.5625,10
geo,0.01,28,True,28102,True,1050,1.0,True,2,1,0.8125,10
geo,0.01,28,True,28103,True,950,1.0,True,2,1,0.8125,10
geo,0.01,28,True,28104,True,1450,1.0,True,2,1,0.625,10
geo,0.01,29,True,29100,True,4100,1.0,True,2,1,0.42105263157894735,19
geo,0.01,29,True,29101,True,900,1.0,True,2,1,0.7368421052631579,19
geo,0.01,29,True,29102,True,13900,1.0,True,2,1,0.47368421052631576,19
geo,0.01,29,True,29103,True,2500,1.0,True,2,1,0.6842105263157895,19
geo,0.01,29,True,29104,True,4050,1.0,True,2,1,0.3684210526315789,19
geo,0.015,0,True,100,True,4850,1.0,True,2,1,0.5555555555555556,19
geo,0.015,0,True,101,True,3400,1.0,True,2,1,0.2777777777777778,19
geo,0.015,0,True,102,True,12950,1.0,True,2,1,0.4444444444444444,19
geo,0.015,0,True,103,True,34050,1.0,True,2,1,0.5555555555555556,19
geo,0.015,0,True,104,True,1050,1.0,True,2,1,0.6111111111111112,19
geo,0.015,1,True,1100,True,6400,1.0,True,2,1,0.38095238095238093,25
geo,0.015,1,True,1101,False,39999,0.72,False,,1,0.38095238095238093,25
geo,0.015,1,True,1102,True,15950,1.0,True,2,1,0.47619047619047616,25
geo,0.015,1,True,1103,True,37900,1.0,True,2,1,0.3333333333333333,25
geo,0.015,1,True,1104,True,24700,1.0,True,2,1,0.6190476190476191,25
geo,0.015,2,True,2100,True,1150,1.0,True,2,1,0.5555555555555556,14
geo,0.015,2,True,2101,True,4500,1.0,True,2,1,0.5,14
geo,0.015,2,True,2102,True,4050,1.0,True,2,1,0.6666666666666666,14
geo,0.015,2,True,2103,True,21850,1.0,True,2,1,0.5,14
geo,0.015,2,True,2104,True,3000,1.0,True,2,1,0.5,14
geo,0.015,3,True,3100,True,2300,1.0,True,2,1,0.625,12
geo,0.015,3,True,3101,True,4950,1.0,True,2,1,0.5625,12
geo,0.015,3,True,3102,True,2800,1.0,True,2,1,0.5,12
geo,0.015,3,True,3103,True,5850,1.0,True,2,1,0.5625,12
geo,0.015,3,True,3104,True,13550,1.0,True,2,1,0.3125,12
geo,0.015,4,True,4100,True,1150,1.0,True,2,1,0.4,11
geo,0.015,4,True,4101,True,1550,1.0,True,2,1,0.6,11
geo,0.015,4,True,4102,True,4700,1.0,True,2,1,0.6666666666666666,11
geo,0.015,4,True,4103,True,1000,1.0,True,2,1,0.5333333333333333,11
geo,0.015,4,True,4104,True,2650,1.0,True,2,1,0.4666666666666667,11
geo,0.015,5,True,5100,True,8700,1.0,True,2,1,0.25,22
geo,0.015,5,True,5101,True,4550,1.0,True,2,1,0.55,22
geo,0.015,5,True,5102,True,27400,1.0,True,2,1,0.6,22
geo,0.015,5,True,5103,True,25000,1.0,True,2,1,0.5,22
geo,0.015,5,True,5104,True,6950,1.0,True,2,1,0.55,22
geo,0.015,6,True,6100,True,3400,1.0,True,2,1,0.5882352941176471,14
geo,0.015,6,True,6101,True,6100,1.0,True,2,1,0.5882352941176471,14
geo,0.015,6,True,6102,True,1300,1.0,True,2,1,0.47058823529411764,14
geo,0.015,6,True,6103,True,13150,1.0,True,2,1,0.4117647058823529,14
geo,0.015,6,True,6104,True,7750,1.0,True,2,1,0.5882352941176471,14
geo,0.015,7,True,7100,True,14750,1.0,False,,1,0.5294117647058824,12
geo,0.015,7,True,7101,True,3000,1.0,False,,1,0.6470588235294118,12
geo,0.015,7,True,7102,True,25600,1.0,True,2,1,0.7058823529411765,12
geo,0.015,7,True,7103,True,23050,1.0,False,,1,0.4117647058823529,12
geo,0.015,7,True,7104,True,1950,1.0,True,2,1,0.7058823529411765,12
geo,0.015,8,True,8100,True,3350,1.0,True,2,1,0.3684210526315789,20
geo,0.015,8,True,8101,True,10100,1.0,True,2,1,0.47368421052631576,20
geo,0.015,8,True,8102,False,39999,0.65,False,,1,0.47368421052631576,20
geo,0.015,8,True,8103,True,4250,1.0,True,2,1,0.47368421052631576,20
geo,0.015,8,True,8104,True,19700,1.0,True,2,1,0.3684210526315789,20
geo,0.015,9,True,9100,True,8450,1.0,True,2,1,0.5714285714285714,25
geo,0.015,9,True,9101,True,6200,1.0,True,2,1,0.5714285714285714,25
geo,0.015,9,True,9102,True,1350,1.0,True,2,1,0.5238095238095238,25
geo,0.015,9,True,9103,False,39999,0.68,False,,1,0.38095238095238093,25
geo,0.015,9,True,9104,False,39999,0.6,False,,1,0.5714285714285714,25
geo,0.015,10,True,10100,True,6450,1.0,True,2,1,0.65,25
geo,0.015,10,True,10101,True,10350,1.0,True,2,1,0.35,25
geo,0.015,10,True,10102,False,39999,1.0,True,2,1,0.55,25
geo,0.015,10,True,10103,True,17750,1.0,True,2,1,0.45,25
geo,0.015,10,True,10104,True,1250,1.0,True,2,1,0.65,25
geo,0.015,11,True,11100,True,5300,1.0,True,2,1,0.5,14
geo,0.015,11,True,11101,True,25000,1.0,True,2,1,0.4444444444444444,14
geo,0.015,11,True,11102,True,7350,1.0,True,2,1,0.6111111111111112,14
geo,0.015,11,True,11103,True,20500,1.0,True,2,1,0.4444444444444444,14
geo,0.015,11,True,11104,True,1550,1.0,True,2,1,0.3333333333333333,14
geo,0.015,12,True,12100,True,8000,1.0,True,2,1,0.2777777777777778,21
geo,0.015,12,True,12101,True,13700,1.0,True,2,1,0.6111111111111112,21
geo,0.015,12,True,12102,True,28250,1.0,True,2,1,0.5,21
geo,0.015,12,True,12103,True,8500,1.0,True,2,1,0.5555555555555556,21
geo,0.015,12,True,12104,True,4150,1.0,True,2,1,0.6666666666666666,21
geo,0.015,13,True,13100,True,15300,1.0,True,2,1,0.5,24
geo,0.015,13,True,13101,True,12950,1.0,True,2,1,0.45,24
geo,0.015,13,True,13102,False,39999,1.0,True,2,1,0.4,24
geo,0.015,13,True,13103,True,8250,1.0,True,2,1,0.55,24
geo,0.015,13,True,13104,True,5000,1.0,True,2,1,0.45,24
geo,0.015,14,True,14100,True,4300,1.0,True,2,1,0.55,22
geo,0.015,14,True,14101,True,6600,1.0,False,,1,0.4,22
geo,0.015,14,True,14102,True,3650,1.0,True,2,1,0.7,22
geo,0.015,14,True,14103,True,8900,1.0,False,,1,0.6,22
geo,0.015,14,True,14104,True,19050,1.0,False,,1,0.65,22
geo,0.015,15,True,15100,True,5350,1.0,True,2,1,0.5333333333333333,11
geo,0.015,15,True,15101,True,4100,1.0,True,1,1,0.4,11
geo,0.015,15,True,15102,True,4900,1.0,True,2,1,0.6666666666666666,11
geo,0.015,15,True,15103,True,15300,1.0,True,2,1,0.5333333333333333,11
geo,0.015,15,True,15104,True,7700,1.0,True,2,1,0.6666666666666666,11
geo,0.015,16,True,16100,True,14450,1.0,True,2,1,0.5789473684210527,19
geo,0.015,16,True,16101,True,9650,1.0,True,2,1,0.631578947368421,19
geo,0.015,16,True,16102,True,10400,1.0,True,2,1,0.631578947368421,19
geo,0.015,16,True,16103,True,21000,1.0,True,2,1,0.3684210526315789,19
geo,0.015,16,True,16104,True,3850,1.0,True,2,1,0.631578947368421,19
geo,0.015,17,True,17100,True,28850,1.0,True,2,1,0.6818181818181818,31
geo,0.015,17,True,17101,False,39999,1.0,True,2,1,0.6363636363636364,31
geo,0.015,17,True,17102,True,30000,1.0,True,2,1,0.45454545454545453,31
geo,0.015,17,True,17103,True,17800,1.0,True,2,1,0.5454545454545454,31
geo,0.015,17,True,17104,True,6550,1.0,True,2,1,0.22727272727272727,31
geo,0.015,18,True,18100,False,39999,1.0,True,2,1,0.4782608695652174,31
geo,0.015,18,True,18101,False,39999,0.6451612903225806,False,,1,0.7391304347826086,31
geo,0.015,18,True,18102,False,39999,0.5806451612903226,False,,1,0.6086956521739131,31
geo,0.015,18,True,18103,True,14000,1.0,True,2,1,0.5217391304347826,31
geo,0.015,18,True,18104,False,39999,0.7419354838709677,False,,1,0.6956521739130435,31
geo,0.015,19,True,19100,True,20600,1.0,True,2,1,0.2777777777777778,16
geo,0.015,19,True,19101,True,10000,1.0,True,2,1,0.5,16
geo,0.015,19,True,19102,True,14900,1.0,True,2,1,0.3333333333333333,16
geo,0.015,19,True,19103,True,21150,1.0,True,2,1,0.6666666666666666,16
geo,0.015,19,True,19104,False,39999,0.625,False,,1,0.6666666666666666,16
geo,0.015,20,True,20100,True,14600,1.0,True,2,1,0.5882352941176471,14
geo,0.015,20,True,20101,True,5100,1.0,True,2,1,0.29411764705882354,14
geo,0.015,20,True,20102,True,9050,1.0,True,2,1,0.5882352941176471,14
geo,0.015,20,True,20103,True,850,1.0,True,2,1,0.6470588235294118,14
geo,0.015,20,True,20104,True,8800,1.0,True,2,1,0.5882352941176471,14
geo,0.015,21,True,21100,True,14600,1.0,True,2,1,0.5,20
geo,0.015,21,True,21101,True,8900,1.0,True,2,1,0.55,20
geo,0.015,21,True,21102,True,21000,1.0,True,2,1,0.65,20
geo,0.015,21,True,21103,True,4450,1.0,True,2,1,0.55,20
geo,0.015,21,True,21104,False,39999,0.75,False,,1,0.7,20
geo,0.015,22,True,22100,True,16350,1.0,True,2,1,0.45,25
geo,0.015,22,True,22101,True,34950,1.0,True,2,1,0.7,25
geo,0.015,22,True,22102,True,18650,1.0,True,2,1,0.55,25
geo,0.015,22,True,22103,False,39999,0.52,False,,1,0.5,25
geo,0.015,22,True,22104,True,16150,1.0,True,2,1,0.55,25
geo,0.015,23,True,23100,True,26850,1.0,True,2,1,0.5454545454545454,28
geo,0.015,23,True,23101,True,12750,1.0,True,2,1,0.4090909090909091,28
geo,0.015,23,True,23102,True,2700,1.0,True,2,1,0.6363636363636364,28
geo,0.015,23,True,23103,True,31100,1.0,True,2,1,0.45454545454545453,28
geo,0.015,23,True,23104,True,3350,1.0,True,2,1,0.5909090909090909,28
geo,0.015,24,True,24100,True,2600,1.0,True,2,1,0.5625,12
geo,0.015,24,True,24101,True,3350,1.0,True,2,1,0.625,12
geo,0.015,24,True,24102,True,850,1.0,True,2,1,0.6875,12
geo,0.015,24,True,24103,True,1200,1.0,True,2,1,0.4375,12
geo,0.015,24,True,24104,True,5900,1.0,True,2,1,0.625,12
geo,0.015,25,True,25100,True,25500,1.0,False,,1,0.45,22
geo,0.015,25,True,25101,False,39999,0.8181818181818182,False,,1,0.45,22
geo,0.015,25,True,25102,True,2350,1.0,False,,1,0.6,22
geo,0.015,25,True,25103,True,11000,1.0,False,,1,0.55,22
geo,0.015,25,True,25104,False,39999,0.7272727272727273,False,,1,0.55,22
geo,0.015,26,True,26100,True,8200,1.0,True,2,1,0.3,18
geo,0.015,26,True,26101,False,39999,0.8888888888888888,False,,1,0.75,18
geo,0.015,26,True,26102,True,37400,1.0,True,2,1,0.45,18
geo,0.015,26,True,26103,True,18400,1.0,True,2,1,0.55,18
geo,0.015,26,True,26104,True,11000,1.0,True,2,1,0.4,18
geo,0.015,27,True,27100,True,10400,1.0,True,2,1,0.4444444444444444,16
geo,0.015,27,True,27101,True,15550,1.0,True,2,1,0.5,16
geo,0.015,27,True,27102,True,10600,1.0,True,2,1,0.4444444444444444,16
geo,0.015,27,True,27103,True,1600,1.0,True,2,1,0.7222222222222222,16
geo,0.015,27,True,27104,True,9850,1.0,True,2,1,0.5555555555555556,16
geo,0.015,28,True,28100,True,3850,1.0,True,2,1,0.625,10
geo,0.015,28,True,28101,True,15700,1.0,True,2,1,0.25,10
geo,0.015,28,True,28102,True,15900,1.0,True,2,1,0.75,10
geo,0.015,28,True,28103,True,950,1.0,True,2,1,0.8125,10
geo,0.015,28,True,28104,True,9350,1.0,True,2,1,0.4375,10
geo,0.015,29,True,29100,True,38450,1.0,True,2,1,0.5263157894736842,19
geo,0.015,29,True,29101,True,900,1.0,True,2,1,0.7368421052631579,19
geo,0.015,29,True,29102,True,3900,1.0,True,2,1,0.7368421052631579,19
geo,0.015,29,True,29103,True,10000,1.0,True,2,1,0.3684210526315789,19
geo,0.015,29,True,29104,True,4050,1.0,True,2,1,0.3157894736842105,19
geo,0.02,0,True,100,True,14500,1.0,True,2,1,0.6666666666666666,19
geo,0.02,0,True,101,True,7400,1.0,True,2,1,0.6666666666666666,19
geo,0.02,0,True,102,True,26750,1.0,True,2,1,0.4444444444444444,19
geo,0.02,0,True,103,False,39999,1.0,True,2,1,0.4444444444444444,19
geo,0.02,0,True,104,True,1500,1.0,True,2,1,0.5555555555555556,19
geo,0.02,1,True,1100,True,39100,1.0,True,2,1,0.42857142857142855,25
geo,0.02,1,True,1101,False,39999,0.56,False,,1,0.5238095238095238,25
geo,0.02,1,True,1102,True,34300,1.0,True,2,1,0.6190476190476191,25
geo,0.02,1,True,1103,False,39999,0.88,False,,1,0.47619047619047616,25
geo,0.02,1,True,1104,False,39999,0.92,False,,1,0.5714285714285714,25
geo,0.02,2,True,2100,True,1150,1.0,True,2,1,0.5555555555555556,14
geo,0.02,2,True,2101,True,1000,1.0,True,2,1,0.5555555555555556,14
geo,0.02,2,True,2102,True,3950,1.0,True,2,1,0.6111111111111112,14
geo,0.02,2,True,2103,True,33200,1.0,True,2,1,0.3888888888888889,14
geo,0.02,2,True,2104,True,2750,1.0,True,2,1,0.2777777777777778,14
geo,0.02,3,True,3100,True,2400,1.0,True,2,1,0.625,12
geo,0.02,3,True,3101,True,7850,1.0,True,2,1,0.5,12
geo,0.02,3,True,3102,True,20950,1.0,True,2,1,0.5625,12
geo,0.02,3,True,3103,True,12300,1.0,True,2,1,0.5625,12
geo,0.02,3,True,3104,True,15950,1.0,True,2,1,0.6875,12
geo,0.02,4,True,4100,True,13750,1.0,True,2,1,0.5333333333333333,11
geo,0.02,4,True,4101,True,12700,1.0,True,2,1,0.6666666666666666,11
geo,0.02,4,True,4102,True,4650,1.0,True,2,1,0.6,11
geo,0.02,4,True,4103,True,38950,1.0,True,2,1,0.6,11
geo,0.02,4,True,4104,True,3450,1.0,True,2,1,0.6666666666666666,11
geo,0.02,5,True,5100,True,31750,1.0,True,2,1,0.4,22
geo,0.02,5,True,5101,False,39999,0.8181818181818182,False,,1,0.5,22
geo,0.02,5,True,5102,False,39999,0.9090909090909091,False,,1,0.45,22
geo,0.02,5,True,5103,False,39999,0.7727272727272727,False,,1,0.55,22
geo,0.02,5,True,5104,True,20400,1.0,True,2,1,0.45,22
geo,0.02,6,True,6100,True,36500,1.0,True,2,1,0.7058823529411765,14
geo,0.02,6,True,6101,True,36750,1.0,True,2,1,0.6470588235294118,14
geo,0.02,6,True,6102,True,1150,1.0,True,2,1,0.35294117647058826,14
geo,0.02,6,True,6103,False,39999,1.0,True,2,1,0.4117647058823529,14
geo,0.02,6,True,6104,True,7350,1.0,True,2,1,0.4117647058823529,14
geo,0.02,7,True,7100,True,2600,1.0,True,2,1,0.4117647058823529,12
geo,0.02,7,True,7101,True,30200,1.0,True,2,1,0.47058823529411764,12
geo,0.02,7,True,7102,True,25200,1.0,False,,1,0.6470588235294118,12
geo,0.02,7,True,7103,True,2500,1.0,False,,1,0.6470588235294118,12
geo,0.02,7,True,7104,True,34150,1.0,True,2,1,0.47058823529411764,12
geo,0.02,8,True,8100,True,21350,1.0,True,2,1,0.631578947368421,20
geo,0.02,8,True,8101,False,39999,1.0,True,2,1,0.5789473684210527,20
geo,0.02,8,True,8102,True,19300,1.0,True,2,1,0.5263157894736842,20
geo,0.02,8,True,8103,True,4100,1.0,True,2,1,0.5263157894736842,20
geo,0.02,8,True,8104,False,39999,0.9,False,,1,0.5263157894736842,20
geo,0.02,9,True,9100,True,17750,1.0,True,2,1,0.5714285714285714,25
geo,0.02,9,True,9101,False,39999,1.0,True,2,1,0.47619047619047616,25
geo,0.02,9,True,9102,False,39999,0.64,False,,1,0.42857142857142855,25
geo,0.02,9,True,9103,False,39999,0.8,False,,1,0.47619047619047616,25
geo,0.02,9,True,9104,False,39999,0.88,False,,1,0.5238095238095238,25
geo,0.02,10,True,10100,True,28250,1.0,True,2,1,0.6,25
geo,0.02,10,True,10101,True,10400,1.0,True,2,1,0.6,25
geo,0.02,10,True,10102,False,39999,0.6,False,,1,0.5,25
geo,0.02,10,True,10103,False,39999,1.0,True,2,1,0.5,25
geo,0.02,10,True,10104,True,1200,1.0,True,2,1,0.4,25
geo,0.02,11,True,11100,False,39999,0.5714285714285714,False,,1,0.5555555555555556,14
geo,0.02,11,True,11101,True,24450,1.0,True,2,1,0.5555555555555556,14
geo,0.02,11,True,11102,True,7250,1.0,True,2,1,0.6666666666666666,14
geo,0.02,11,True,11103,True,32200,1.0,True,2,1,0.6666666666666666,14
geo,0.02,11,True,11104,True,25900,1.0,True,2,1,0.2777777777777778,14
geo,0.02,12,True,12100,False,39999,1.0,True,2,1,0.7222222222222222,21
geo,0.02,12,True,12101,True,11700,1.0,True,2,1,0.5,21
geo,0.02,12,True,12102,True,2900,1.0,True,2,1,0.5555555555555556,21
geo,0.02,12,True,12103,True,8200,1.0,True,2,1,0.6666666666666666,21
geo,0.02,12,True,12104,True,4200,1.0,True,2,1,0.5,21
geo,0.02,13,True,13100,False,39999,0.75,False,,1,0.55,24
geo,0.02,13,True,13101,True,36400,1.0,True,2,1,0.35,24
geo,0.02,13,True,13102,False,39999,0.4166666666666667,False,,1,0.55,24
geo,0.02,13,True,13103,True,5700,1.0,True,2,1,0.4,24
geo,0.02,13,True,13104,True,13400,1.0,True,2,1,0.45,24
geo,0.02,14,True,14100,False,39999,0.5454545454545454,False,,1,0.5,22
geo,0.02,14,True,14101,False,39999,1.0,False,,1,0.55,22
geo,0.02,14,True,14102,False,39999,0.6363636363636364,False,,1,0.45,22
geo,0.02,14,True,14103,True,37850,1.0,True,2,1,0.65,22
geo,0.02,14,True,14104,False,39999,1.0,True,2,1,0.55,22
geo,0.02,15,True,15100,True,5300,1.0,True,2,1,0.4666666666666667,11
geo,0.02,15,True,15101,True,4100,1.0,True,2,1,0.4666666666666667,11
geo,0.02,15,True,15102,True,7450,1.0,True,2,1,0.4,11
geo,0.02,15,True,15103,True,24250,1.0,True,2,1,0.6666666666666666,11
geo,0.02,15,True,15104,True,7600,1.0,True,2,1,0.6,11
geo,0.02,16,True,16100,True,27600,1.0,True,2,1,0.42105263157894735,19
geo,0.02,16,True,16101,True,16700,1.0,True,2,1,0.5263157894736842,19
geo,0.02,16,True,16102,False,39999,1.0,True,2,1,0.6842105263157895,19
geo,0.02,16,True,16103,False,39999,0.7368421052631579,False,,1,0.5789473684210527,19
geo,0.02,16,True,16104,False,39999,1.0,True,2,1,0.631578947368421,19
geo,0.02,17,True,17100,False,39999,1.0,True,2,1,0.6363636363636364,31
geo,0.02,17,True,17101,False,39999,0.7096774193548387,False,,1,0.5909090909090909,31
geo,0.02,17,True,17102,False,39999,0.8709677419354839,False,,1,0.36363636363636365,31
geo,0.02,17,True,17103,False,39999,0.6451612903225806,False,,1,0.5454545454545454,31
geo,0.02,17,True,17104,False,39999,0.5806451612903226,False,,1,0.5454545454545454,31
geo,0.02,18,True,18100,False,39999,0.6774193548387096,False,,1,0.4782608695652174,31
geo,0.02,18,True,18101,True,30150,1.0,True,2,1,0.5217391304347826,31
geo,0.02,18,True,18102,True,15900,1.0,True,2,1,0.5652173913043478,31
geo,0.02,18,True,18103,False,39999,0.5161290322580645,False,,1,0.391304347826087,31
geo,0.02,18,True,18104,False,39999,0.8709677419354839,False,,1,0.6086956521739131,31
geo,0.02,19,True,19100,True,20500,1.0,True,2,1,0.4444444444444444,16
geo,0.02,19,True,19101,True,28550,1.0,True,2,1,0.3333333333333333,16
geo,0.02,19,True,19102,False,39999,0.8125,False,,1,0.4444444444444444,16
geo,0.02,19,True,19103,True,20900,1.0,True,2,1,0.6111111111111112,16
geo,0.02,19,True,19104,False,39999,0.875,False,,1,0.6111111111111112,16
geo,0.02,20,True,20100,True,9400,1.0,True,2,1,0.7058823529411765,14
geo,0.02,20,True,20101,True,4950,1.0,True,2,1,0.47058823529411764,14
geo,0.02,20,True,20102,False,39999,1.0,True,2,1,0.47058823529411764,14
geo,0.02,20,True,20103,True,850,1.0,True,2,1,0.6470588235294118,14
geo,0.02,20,True,20104,True,11050,1.0,True,2,1,0.6470588235294118,14
geo,0.02,21,True,21100,True,14400,1.0,True,2,1,0.5,20
geo,0.02,21,True,21101,True,15700,1.0,True,2,1,0.35,20
geo,0.02,21,True,21102,False,39999,1.0,True,2,1,0.45,20
geo,0.02,21,True,21103,True,4300,1.0,True,2,1,0.5,20
geo,0.02,21,True,21104,False,39999,0.8,False,,1,0.55,20
geo,0.02,22,True,22100,False,39999,0.88,False,,1,0.55,25
geo,0.02,22,True,22101,False,39999,0.8,False,,1,0.45,25
geo,0.02,22,True,22102,False,39999,1.0,True,2,1,0.6,25
geo,0.02,22,True,22103,True,9300,1.0,True,2,1,0.35,25
geo,0.02,22,True,22104,False,39999,0.64,False,,1,0.55,25
geo,0.02,23,True,23100,False,39999,0.75,False,,1,0.4090909090909091,28
geo,0.02,23,True,23101,True,12450,1.0,True,2,1,0.4090909090909091,28
geo,0.02,23,True,23102,True,24850,1.0,True,2,1,0.5,28
geo,0.02,23,True,23103,True,30100,1.0,True,2,1,0.4090909090909091,28
geo,0.02,23,True,23104,True,33250,1.0,True,2,1,0.5909090909090909,28
geo,0.02,24,True,24100,True,23550,1.0,True,2,1,0.5,12
geo,0.02,24,True,24101,True,29800,1.0,True,2,1,0.3125,12
geo,0.02,24,True,24102,True,950,1.0,True,2,1,0.6875,12
geo,0.02,24,True,24103,True,38300,1.0,True,2,1,0.625,12
geo,0.02,24,True,24104,True,2400,1.0,True,2,1,0.5,12
geo,0.02,25,True,25100,False,39999,0.5454545454545454,False,,1,0.5,22
geo,0.02,25,True,25101,False,39999,0.6363636363636364,False,,1,0.7,22
geo,0.02,25,True,25102,True,13500,1.0,True,2,1,0.45,22
geo,0.02,25,True,25103,False,39999,1.0,False,,1,0.45,22
geo,0.02,25,True,25104,False,39999,0.5454545454545454,False,,1,0.4,22
geo,0.02,26,True,26100,False,39999,0.8888888888888888,False,,1,0.5,18
geo,0.02,26,True,26101,False,39999,1.0,True,2,1,0.5,18
geo,0.02,26,True,26102,True,2100,1.0,True,2,1,0.5,18
geo,0.02,26,True,26103,False,39999,1.0,True,2,1,0.55,18
geo,0.02,26,True,26104,True,23950,1.0,True,2,1,0.6,18
geo,0.02,27,True,27100,False,39999,0.375,False,,1,0.5,16
geo,0.02,27,True,27101,False,39999,0.8125,False,,1,0.5555555555555556,16
geo,0.02,27,True,27102,True,11450,1.0,True,2,1,0.6111111111111112,16
geo,0.02,27,True,27103,True,4050,1.0,True,2,1,0.7222222222222222,16
geo,0.02,27,True,27104,True,9700,1.0,True,2,1,0.3333333333333333,16
geo,0.02,28,True,28100,True,35300,1.0,True,2,1,0.4375,10
geo,0.02,28,True,28101,True,3100,1.0,True,2,1,0.5,10
geo,0.02,28,True,28102,False,39999,1.0,True,2,1,0.375,10
geo,0.02,28,True,28103,True,950,1.0,True,2,1,0.8125,10
geo,0.02,28,True,28104,True,10400,1.0,True,2,1,0.625,10
geo,0.02,29,True,29100,False,39999,0.6842105263157895,False,,1,0.3157894736842105,19
geo,0.02,29,True,29101,True,32000,1.0,True,2,1,0.5263157894736842,19
geo,0.02,29,True,29102,False,39999,0.7894736842105263,False,,1,0.42105263157894735,19
geo,0.02,29,True,29103,True,12050,1.0,True,2,1,0.47368421052631576,19
geo,0.02,29,True,29104,True,3850,1.0,True,2,1,0.7368421052631579,19
geo,0.03,0,True,100,True,39900,1.0,True,2,1,0.5,19
geo,0.03,0,True,101,False,39999,0.8421052631578947,False,,1,0.4444444444444444,19
geo,0.03,0,True,102,False,39999,0.42105263157894735,False,,1,0.4444444444444444,19
geo,0.03,0,True,103,False,39999,0.5789473684210527,False,,1,0.5,19
geo,0.03,0,True,104,True,16300,1.0,True,2,1,0.3888888888888889,19
geo,0.03,1,True,1100,False,39999,0.72,False,,1,0.5238095238095238,25
geo,0.03,1,True,1101,False,39999,1.0,True,2,1,0.6190476190476191,25
geo,0.03,1,True,1102,False,39999,0.72,False,,1,0.47619047619047616,25
geo,0.03,1,True,1103,False,39999,0.72,False,,1,0.47619047619047616,25
geo,0.03,1,True,1104,False,39999,0.68,False,,1,0.5238095238095238,25
geo,0.03,2,True,2100,False,39999,0.6428571428571429,False,,1,0.3333333333333333,14
geo,0.03,2,True,2101,False,39999,1.0,True,2,1,0.5555555555555556,14
geo,0.03,2,True,2102,False,39999,0.7857142857142857,False,,1,0.7222222222222222,14
geo,0.03,2,True,2103,False,39999,0.9285714285714286,False,,1,0.7222222222222222,14
geo,0.03,2,True,2104,False,39999,1.0,True,2,1,0.5,14
geo,0.03,3,True,3100,False,39999,1.0,True,2,1,0.4375,12
geo,0.03,3,True,3101,True,24650,1.0,True,2,1,0.375,12
geo,0.03,3,True,3102,False,39999,0.5,False,,1,0.5,12
geo,0.03,3,True,3103,True,14850,1.0,True,2,1,0.5625,12
geo,0.03,3,True,3104,True,21650,1.0,True,2,1,0.5,12
geo,0.03,4,True,4100,False,39999,1.0,True,2,1,0.4,11
geo,0.03,4,True,4101,False,39999,0.8181818181818182,False,,1,0.6,11
geo,0.03,4,True,4102,False,39999,1.0,True,2,1,0.4666666666666667,11
geo,0.03,4,True,4103,True,8650,1.0,True,2,1,0.6666666666666666,11
geo,0.03,4,True,4104,True,900,1.0,True,2,1,0.6666666666666666,11
geo,0.03,5,True,5100,False,39999,0.7727272727272727,False,,1,0.85,22
geo,0.03,5,True,5101,False,39999,0.6363636363636364,False,,1,0.55,22
geo,0.03,5,True,5102,False,39999,0.8181818181818182,False,,1,0.55,22
geo,0.03,5,True,5103,False,39999,1.0,True,2,1,0.45,22
geo,0.03,5,True,5104,False,39999,0.7727272727272727,False,,1,0.45,22
geo,0.03,6,True,6100,True,21500,1.0,True,2,1,0.5882352941176471,14
geo,0.03,6,True,6101,False,39999,0.7142857142857143,False,,1,0.35294117647058826,14
geo,0.03,6,True,6102,False,39999,0.42857142857142855,False,,1,0.47058823529411764,14
geo,0.03,6,True,6103,False,39999,0.7142857142857143,False,,1,0.29411764705882354,14
geo,0.03,6,True,6104,False,39999,0.8571428571428571,False,,1,0.7058823529411765,14
geo,0.03,7,True,7100,True,35950,1.0,True,2,1,0.35294117647058826,12
geo,0.03,7,True,7101,False,39999,1.0,True,2,1,0.5882352941176471,12
geo,0.03,7,True,7102,False,39999,0.9166666666666666,False,,1,0.47058823529411764,12
geo,0.03,7,True,7103,True,12100,1.0,False,,1,0.6470588235294118,12
geo,0.03,7,True,7104,False,39999,0.6666666666666666,False,,1,0.4117647058823529,12
geo,0.03,8,True,8100,False,39999,0.75,False,,1,0.21052631578947367,20
geo,0.03,8,True,8101,False,39999,1.0,True,2,1,0.5263157894736842,20
geo,0.03,8,True,8102,False,39999,1.0,True,2,1,0.47368421052631576,20
geo,0.03,8,True,8103,True,39500,1.0,True,2,1,0.47368421052631576,20
geo,0.03,8,True,8104,False,39999,0.55,False,,1,0.47368421052631576,20
geo,0.03,9,True,9100,False,39999,0.68,False,,1,0.42857142857142855,25
geo,0.03,9,True,9101,False,39999,0.64,False,,1,0.5714285714285714,25
geo,0.03,9,True,9102,False,39999,0.52,False,,1,0.42857142857142855,25
geo,0.03,9,True,9103,False,39999,0.68,False,,1,0.3333333333333333,25
geo,0.03,9,True,9104,False,39999,0.88,False,,1,0.5714285714285714,25
geo,0.03,10,True,10100,False,39999,0.8,False,,1,0.45,25
geo,0.03,10,True,10101,False,39999,0.8,False,,1,0.5,25
geo,0.03,10,True,10102,False,39999,0.6,False,,1,0.65,25
geo,0.03,10,True,10103,False,39999,0.76,False,,1,0.6,25
geo,0.03,10,True,10104,False,39999,0.52,False,,1,0.6,25
geo,0.03,11,True,11100,True,6250,1.0,True,2,1,0.4444444444444444,14
geo,0.03,11,True,11101,True,22950,1.0,True,2,1,0.6111111111111112,14
geo,0.03,11,True,11102,False,39999,0.9285714285714286,False,,1,0.3888888888888889,14
geo,0.03,11,True,11103,True,31050,1.0,True,2,1,0.5,14
geo,0.03,11,True,11104,False,39999,0.7857142857142857,False,,1,0.6111111111111112,14
geo,0.03,12,True,12100,True,4400,1.0,True,2,1,0.3333333333333333,21
geo,0.03,12,True,12101,False,39999,1.0,True,2,1,0.5555555555555556,21
geo,0.03,12,True,12102,True,15650,1.0,True,2,1,0.6111111111111112,21
geo,0.03,12,True,12103,False,39999,1.0,True,2,1,0.6666666666666666,21
geo,0.03,12,True,12104,False,39999,1.0,True,2,1,0.5555555555555556,21
geo,0.03,13,True,13100,False,39999,0.5,False,,1,0.45,24
geo,0.03,13,True,13101,False,39999,0.75,False,,1,0.65,24
geo,0.03,13,True,13102,False,39999,0.8333333333333334,False,,1,0.45,24
geo,0.03,13,True,13103,False,39999,1.0,True,2,1,0.3,24
geo,0.03,13,True,13104,False,39999,0.6666666666666666,False,,1,0.4,24
geo,0.03,14,True,14100,False,39999,0.45454545454545453,False,,1,0.4,22
geo,0.03,14,True,14101,False,39999,0.6363636363636364,False,,1,0.4,22
geo,0.03,14,True,14102,False,39999,0.6818181818181818,False,,1,0.6,22
geo,0.03,14,True,14103,False,39999,0.7272727272727273,False,,1,0.65,22
geo,0.03,14,True,14104,False,39999,1.0,True,2,1,0.55,22
geo,0.03,15,True,15100,True,34250,1.0,True,2,1,0.6666666666666666,11
geo,0.03,15,True,15101,True,4150,1.0,True,2,1,0.4666666666666667,11
geo,0.03,15,True,15102,True,11800,1.0,True,2,1,0.4666666666666667,11
geo,0.03,15,True,15103,True,29800,1.0,True,2,1,0.4,11
geo,0.03,15,True,15104,True,36350,1.0,True,2,1,0.5333333333333333,11
geo,0.03,16,True,16100,False,39999,1.0,True,2,1,0.42105263157894735,19
geo,0.03,16,True,16101,False,39999,0.6842105263157895,False,,1,0.3684210526315789,19
geo,0.03,16,True,16102,False,39999,0.7894736842105263,False,,1,0.6842105263157895,19
geo,0.03,16,True,16103,False,39999,0.5263157894736842,False,,1,0.3157894736842105,19
geo,0.03,16,True,16104,False,39999,1.0,True,2,1,0.631578947368421,19
geo,0.03,17,True,17100,False,39999,0.6129032258064516,False,,1,0.36363636363636365,31
geo,0.03,17,True,17101,False,39999,0.41935483870967744,False,,1,0.5,31
geo,0.03,17,True,17102,False,39999,0.8064516129032258,False,,1,0.45454545454545453,31
geo,0.03,17,True,17103,False,39999,0.6451612903225806,False,,1,0.36363636363636365,31
geo,0.03,17,True,17104,False,39999,0.6774193548387096,False,,1,0.3181818181818182,31
geo,0.03,18,True,18100,False,39999,0.6451612903225806,False,,1,0.34782608695652173,31
geo,0.03,18,True,18101,False,39999,0.7096774193548387,False,,1,0.6086956521739131,31
geo,0.03,18,True,18102,False,39999,0.8064516129032258,False,,1,0.4782608695652174,31
geo,0.03,18,True,18103,False,39999,0.7096774193548387,False,,1,0.6956521739130435,31
geo,0.03,18,True,18104,False,39999,0.5806451612903226,False,,1,0.43478260869565216,31
geo,0.03,19,True,19100,False,39999,0.75,False,,1,0.6666666666666666,16
geo,0.03,19,True,19101,True,29250,1.0,True,2,1,0.4444444444444444,16
geo,0.03,19,True,19102,True,25100,1.0,True,2,1,0.6111111111111112,16
geo,0.03,19,True,19103,False,39999,0.8125,False,,1,0.6111111111111112,16
geo,0.03,19,True,19104,False,39999,1.0,True,2,1,0.5,16
geo,0.03,20,True,20100,False,39999,0.7142857142857143,False,,1,0.5294117647058824,14
geo,0.03,20,True,20101,False,39999,1.0,True,2,1,0.47058823529411764,14
geo,0.03,20,True,20102,False,39999,1.0,True,2,1,0.47058823529411764,14
geo,0.03,20,True,20103,False,39999,1.0,True,2,1,0.5882352941176471,14
geo,0.03,20,True,20104,False,39999,0.6428571428571429,False,,1,0.5882352941176471,14
geo,0.03,21,True,21100,False,39999,0.7,False,,1,0.6,20
geo,0.03,21,True,21101,False,39999,0.9,False,,1,0.6,20
geo,0.03,21,True,21102,False,39999,0.75,False,,1,0.5,20
geo,0.03,21,True,21103,False,39999,0.9,False,,1,0.55,20
geo,0.03,21,True,21104,False,39999,1.0,True,2,1,0.45,20
geo,0.03,22,True,22100,False,39999,0.52,False,,1,0.6,25
geo,0.03,22,True,22101,False,39999,1.0,True,2,1,0.55,25
geo,0.03,22,True,22102,False,39999,0.8,False,,1,0.45,25
geo,0.03,22,True,22103,False,39999,0.56,False,,1,0.45,25
geo,0.03,22,True,22104,False,39999,0.64,False,,1,0.5,25
geo,0.03,23,True,23100,False,39999,0.5714285714285714,False,,1,0.45454545454545453,28
geo,0.03,23,True,23101,False,39999,0.75,False,,1,0.5,28
geo,0.03,23,True,23102,False,39999,0.8928571428571429,False,,1,0.36363636363636365,28
geo,0.03,23,True,23103,False,39999,0.5357142857142857,False,,1,0.45454545454545453,28
geo,0.03,23,True,23104,False,39999,1.0,True,2,1,0.4090909090909091,28
geo,0.03,24,True,24100,False,39999,1.0,True,2,1,0.4375,12
geo,0.03,24,True,24101,False,39999,1.0,True,2,1,0.5,12
geo,0.03,24,True,24102,True,9450,1.0,True,2,1,0.375,12
geo,0.03,24,True,24103,True,37600,1.0,True,2,1,0.5625,12
geo,0.03,24,True,24104,False,39999,1.0,True,2,1,0.4375,12
geo,0.03,25,True,25100,False,39999,1.0,False,,1,0.65,22
geo,0.03,25,True,25101,False,39999,0.5909090909090909,False,,1,0.45,22
geo,0.03,25,True,25102,False,39999,0.8636363636363636,False,,1,0.55,22
geo,0.03,25,True,25103,False,39999,1.0,True,2,1,0.6,22
geo,0.03,25,True,25104,False,39999,0.8636363636363636,False,,1,0.3,22
geo,0.03,26,True,26100,False,39999,0.5555555555555556,False,,1,0.4,18
geo,0.03,26,True,26101,False,39999,0.5555555555555556,False,,1,0.7,18
geo,0.03,26,True,26102,False,39999,0.8888888888888888,False,,1,0.5,18
geo,0.03,26,True,26103,False,39999,0.7777777777777778,False,,1,0.45,18
geo,0.03,26,True,26104,False,39999,0.7777777777777778,False,,1,0.45,18
geo,0.03,27,True,27100,False,39999,0.875,False,,1,0.6111111111111112,16
geo,0.03,27,True,27101,False,39999,1.0,True,2,1,0.4444444444444444,16
geo,0.03,27,True,27102,False,39999,0.9375,False,,1,0.5555555555555556,16
geo,0.03,27,True,27103,False,39999,0.8125,False,,1,0.5,16
geo,0.03,27,True,27104,False,39999,0.8125,False,,1,0.5,16
geo,0.03,28,True,28100,False,39999,0.9,False,,1,0.625,10
geo,0.03,28,True,28101,False,39999,0.8,False,,1,0.5625,10
geo,0.03,28,True,28102,False,39999,0.8,False,,1,0.375,10
geo,0.03,28,True,28103,False,39999,0.7,False,,1,0.5625,10
geo,0.03,28,True,28104,True,13900,1.0,True,2,1,0.5,10
geo,0.03,29,True,29100,False,39999,0.7368421052631579,False,,1,0.47368421052631576,19
geo,0.03,29,True,29101,False,39999,0.7894736842105263,False,,1,0.5263157894736842,19
geo,0.03,29,True,29102,False,39999,1.0,True,2,1,0.5263157894736842,19
geo,0.03,29,True,29103,False,39999,0.631578947368421,False,,1,0.42105263157894735,19
geo,0.03,29,True,29104,False,39999,0.631578947368421,False,,1,0.3684210526315789,19
geo,0.05,0,True,100,False,39999,0.5789473684210527,False,,1,0.3888888888888889,19
geo,0.05,0,True,101,False,39999,0.7368421052631579,False,,1,0.6111111111111112,19
geo,0.05,0,True,102,False,39999,0.6842105263157895,False,,1,0.3333333333333333,19
geo,0.05,0,True,103,False,39999,0.7368421052631579,False,,1,0.5555555555555556,19
geo,0.05,0,True,104,False,39999,0.5789473684210527,False,,1,0.3333333333333333,19
geo,0.05,1,True,1100,False,39999,0.56,False,,1,0.42857142857142855,25
geo,0.05,1,True,1101,False,39999,0.72,False,,1,0.5714285714285714,25
geo,0.05,1,True,1102,False,39999,0.52,False,,1,0.5238095238095238,25
geo,0.05,1,True,1103,False,39999,0.52,False,,1,0.5238095238095238,25
geo,0.05,1,True,1104,False,39999,0.56,False,,1,0.6666666666666666,25
geo,0.05,2,True,2100,False,39999,0.5714285714285714,False,,1,0.7222222222222222,14
geo,0.05,2,True,2101,False,39999,0.7142857142857143,False,,1,0.5,14
geo,0.05,2,True,2102,False,39999,0.5,False,,1,0.5,14
geo,0.05,2,True,2103,False,39999,0.6428571428571429,False,,1,0.5555555555555556,14
geo,0.05,2,True,2104,False,39999,0.7142857142857143,False,,1,0.4444444444444444,14
geo,0.05,3,True,3100,False,39999,0.8333333333333334,False,,1,0.5625,12
geo,0.05,3,True,3101,True,23600,1.0,True,2,1,0.375,12
geo,0.05,3,True,3102,False,39999,1.0,True,2,1,0.3125,12
geo,0.05,3,True,3103,False,39999,1.0,True,2,1,0.4375,12
geo,0.05,3,True,3104,False,39999,0.8333333333333334,False,,1,0.625,12
geo,0.05,4,True,4100,False,39999,0.45454545454545453,False,,1,0.5333333333333333,11
geo,0.05,4,True,4101,False,39999,0.8181818181818182,False,,1,0.4,11
geo,0.05,4,True,4102,False,39999,1.0,True,2,1,0.2,11
geo,0.05,4,True,4103,False,39999,0.5454545454545454,False,,1,0.7333333333333333,11
geo,0.05,4,True,4104,False,39999,0.6363636363636364,False,,1,0.4666666666666667,11
geo,0.05,5,True,5100,False,39999,1.0,True,2,1,0.4,22
geo,0.05,5,True,5101,False,39999,0.8181818181818182,False,,1,0.55,22
geo,0.05,5,True,5102,False,39999,0.45454545454545453,False,,1,0.3,22
geo,0.05,5,True,5103,False,39999,0.6363636363636364,False,,1,0.3,22
geo,0.05,5,True,5104,False,39999,1.0,True,2,1,0.5,22
geo,0.05,6,True,6100,False,39999,0.5,False,,1,0.5882352941176471,14
geo,0.05,6,True,6101,False,39999,0.7142857142857143,False,,1,0.5882352941176471,14
geo,0.05,6,True,6102,False,39999,1.0,True,2,1,0.6470588235294118,14
geo,0.05,6,True,6103,False,39999,0.8571428571428571,False,,1,0.35294117647058826,14
geo,0.05,6,True,6104,False,39999,0.5,False,,1,0.29411764705882354,14
geo,0.05,7,True,7100,False,39999,0.9166666666666666,False,,1,0.4117647058823529,12
geo,0.05,7,True,7101,False,39999,0.9166666666666666,False,,1,0.7647058823529411,12
geo,0.05,7,True,7102,False,39999,1.0,False,,1,0.6470588235294118,12
geo,0.05,7,True,7103,False,39999,0.6666666666666666,False,,1,0.5882352941176471,12
geo,0.05,7,True,7104,False,39999,0.6666666666666666,False,,1,0.5882352941176471,12
geo,0.05,8,True,8100,False,39999,0.65,False,,1,0.42105263157894735,20
geo,0.05,8,True,8101,False,39999,0.7,False,,1,0.631578947368421,20
geo,0.05,8,True,8102,False,39999,0.7,False,,1,0.5789473684210527,20
geo,0.05,8,True,8103,False,39999,0.7,False,,1,0.42105263157894735,20
geo,0.05,8,True,8104,False,39999,0.75,False,,1,0.3157894736842105,20
geo,0.05,9,True,9100,False,39999,0.72,False,,1,0.47619047619047616,25
geo,0.05,9,True,9101,False,39999,0.72,False,,1,0.6666666666666666,25
geo,0.05,9,True,9102,False,39999,0.68,False,,1,0.5714285714285714,25
geo,0.05,9,True,9103,False,39999,0.72,False,,1,0.5238095238095238,25
geo,0.05,9,True,9104,False,39999,0.76,False,,1,0.3333333333333333,25
geo,0.05,10,True,10100,False,39999,0.6,False,,1,0.75,25
geo,0.05,10,True,10101,False,39999,0.72,False,,1,0.5,25
geo,0.05,10,True,10102,False,39999,0.68,False,,1,0.45,25
geo,0.05,10,True,10103,False,39999,1.0,True,2,1,0.4,25
geo,0.05,10,True,10104,False,39999,0.52,False,,1,0.6,25
geo,0.05,11,True,11100,False,39999,0.8571428571428571,False,,1,0.3888888888888889,14
geo,0.05,11,True,11101,False,39999,0.6428571428571429,False,,1,0.2777777777777778,14
geo,0.05,11,True,11102,False,39999,0.5,False,,1,0.3888888888888889,14
geo,0.05,11,True,11103,False,39999,0.5714285714285714,False,,1,0.3333333333333333,14
geo,0.05,11,True,11104,False,39999,1.0,True,2,1,0.4444444444444444,14
geo,0.05,12,True,12100,False,39999,1.0,True,2,1,0.4444444444444444,21
geo,0.05,12,True,12101,False,39999,0.5714285714285714,False,,1,0.3888888888888889,21
geo,0.05,12,True,12102,False,39999,0.5238095238095238,False,,1,0.5,21
geo,0.05,12,True,12103,False,39999,1.0,True,2,1,0.7222222222222222,21
geo,0.05,12,True,12104,False,39999,0.6190476190476191,False,,1,0.2777777777777778,21
geo,0.05,13,True,13100,False,39999,0.5,False,,1,0.5,24
geo,0.05,13,True,13101,False,39999,0.6666666666666666,False,,1,0.5,24
geo,0.05,13,True,13102,False,39999,0.5833333333333334,False,,1,0.6,24
geo,0.05,13,True,13103,False,39999,0.75,False,,1,0.35,24
geo,0.05,13,True,13104,False,39999,0.6666666666666666,False,,1,0.5,24
geo,0.05,14,True,14100,False,39999,0.6363636363636364,False,,1,0.4,22
geo,0.05,14,True,14101,False,39999,0.5454545454545454,False,,1,0.75,22
geo,0.05,14,True,14102,False,39999,0.8181818181818182,False,,1,0.6,22
geo,0.05,14,True,14103,False,39999,1.0,True,2,1,0.4,22
geo,0.05,14,True,14104,False,39999,0.8181818181818182,False,,1,0.45,22
geo,0.05,15,True,15100,False,39999,0.7272727272727273,False,,1,0.6666666666666666,11
geo,0.05,15,True,15101,False,39999,0.8181818181818182,False,,1,0.4666666666666667,11
geo,0.05,15,True,15102,False,39999,0.8181818181818182,False,,1,0.5333333333333333,11
geo,0.05,15,True,15103,False,39999,0.8181818181818182,False,,1,0.6,11
geo,0.05,15,True,15104,False,39999,1.0,True,2,1,0.6666666666666666,11
geo,0.05,16,True,16100,False,39999,0.7368421052631579,False,,1,0.42105263157894735,19
geo,0.05,16,True,16101,False,39999,0.8947368421052632,False,,1,0.5263157894736842,19
geo,0.05,16,True,16102,False,39999,0.8421052631578947,False,,1,0.5789473684210527,19
geo,0.05,16,True,16103,False,39999,0.631578947368421,False,,1,0.631578947368421,19
geo,0.05,16,True,16104,False,39999,0.7368421052631579,False,,1,0.42105263157894735,19
geo,0.05,17,True,17100,False,39999,0.6129032258064516,False,,1,0.36363636363636365,31
geo,0.05,17,True,17101,False,39999,0.7741935483870968,False,,1,0.45454545454545453,31
geo,0.05,17,True,17102,False,39999,0.5483870967741935,False,,1,0.4090909090909091,31
geo,0.05,17,True,17103,False,39999,0.7096774193548387,False,,1,0.5,31
geo,0.05,17,True,17104,False,39999,0.6774193548387096,False,,1,0.3181818181818182,31
geo,0.05,18,True,18100,False,39999,0.5483870967741935,False,,1,0.5217391304347826,31
geo,0.05,18,True,18101,False,39999,0.4838709677419355,False,,1,0.5652173913043478,31
geo,0.05,18,True,18102,False,39999,0.5483870967741935,False,,1,0.34782608695652173,31
geo,0.05,18,True,18103,False,39999,0.5483870967741935,False,,1,0.5217391304347826,31
geo,0.05,18,True,18104,False,39999,0.45161290322580644,False,,1,0.4782608695652174,31
geo,0.05,19,True,19100,False,39999,1.0,True,2,1,0.6666666666666666,16
geo,0.05,19,True,19101,False,39999,0.75,False,,1,0.6111111111111112,16
geo,0.05,19,True,19102,False,39999,0.5625,False,,1,0.5,16
geo,0.05,19,True,19103,False,39999,0.625,False,,1,0.5,16
geo,0.05,19,True,19104,False,39999,0.5625,False,,1,0.6666666666666666,16
geo,0.05,20,True,20100,False,39999,1.0,True,2,1,0.5294117647058824,14
geo,0.05,20,True,20101,False,39999,0.8571428571428571,False,,1,0.5882352941176471,14
geo,0.05,20,True,20102,False,39999,0.5714285714285714,False,,1,0.5882352941176471,14
geo,0.05,20,True,20103,False,39999,0.5714285714285714,False,,1,0.47058823529411764,14
geo,0.05,20,True,20104,False,39999,0.42857142857142855,False,,1,0.6470588235294118,14
geo,0.05,21,True,21100,False,39999,0.9,False,,1,0.55,20
geo,0.05,21,True,21101,False,39999,0.6,False,,1,0.55,20
geo,0.05,21,True,21102,False,39999,0.85,False,,1,0.55,20
geo,0.05,21,True,21103,False,39999,1.0,True,2,1,0.3,20
geo,0.05,21,True,21104,False,39999,0.85,False,,1,0.4,20
geo,0.05,22,True,22100,False,39999,0.56,False,,1,0.55,25
geo,0.05,22,True,22101,False,39999,0.56,False,,1,0.5,25
geo,0.05,22,True,22102,False,39999,1.0,True,2,1,0.45,25
geo,0.05,22,True,22103,False,39999,0.76,False,,1,0.55,25
geo,0.05,22,True,22104,False,39999,0.6,False,,1,0.55,25
geo,0.05,23,True,23100,False,39999,0.6785714285714286,False,,1,0.4090909090909091,28
geo,0.05,23,True,23101,False,39999,0.6785714285714286,False,,1,0.6363636363636364,28
geo,0.05,23,True,23102,False,39999,0.5357142857142857,False,,1,0.5,28
geo,0.05,23,True,23103,False,39999,0.6785714285714286,False,,1,0.5,28
geo,0.05,23,True,23104,False,39999,0.5357142857142857,False,,1,0.6363636363636364,28
geo,0.05,24,True,24100,False,39999,0.8333333333333334,False,,1,0.5,12
geo,0.05,24,True,24101,False,39999,0.5833333333333334,False,,1,0.625,12
geo,0.05,24,True,24102,False,39999,0.6666666666666666,False,,1,0.625,12
geo,0.05,24,True,24103,False,39999,0.75,False,,1,0.4375,12
geo,0.05,24,True,24104,False,39999,0.8333333333333334,False,,1,0.625,12
geo,0.05,25,True,25100,False,39999,0.6818181818181818,False,,1,0.5,22
geo,0.05,25,True,25101,False,39999,0.5909090909090909,False,,1,0.5,22
geo,0.05,25,True,25102,False,39999,0.5454545454545454,False,,1,0.55,22
geo,0.05,25,True,25103,False,39999,0.6363636363636364,False,,1,0.4,22
geo,0.05,25,True,25104,False,39999,0.7727272727272727,False,,1,0.6,22
geo,0.05,26,True,26100,False,39999,0.8333333333333334,False,,1,0.7,18
geo,0.05,26,True,26101,False,39999,0.7222222222222222,False,,1,0.55,18
geo,0.05,26,True,26102,False,39999,0.6666666666666666,False,,1,0.55,18
geo,0.05,26,True,26103,False,39999,0.7222222222222222,False,,1,0.2,18
geo,0.05,26,True,26104,False,39999,0.6111111111111112,False,,1,0.4,18
geo,0.05,27,True,27100,False,39999,0.875,False,,1,0.4444444444444444,16
geo,0.05,27,True,27101,False,39999,0.6875,False,,1,0.3888888888888889,16
geo,0.05,27,True,27102,False,39999,0.75,False,,1,0.4444444444444444,16
geo,0.05,27,True,27103,False,39999,1.0,True,2,1,0.5555555555555556,16
geo,0.05,27,True,27104,False,39999,0.9375,False,,1,0.3333333333333333,16
geo,0.05,28,True,28100,False,39999,0.8,False,,1,0.4375,10
geo,0.05,28,True,28101,False,39999,0.9,False,,1,0.4375,10
geo,0.05,28,True,28102,False,39999,0.9,False,,1,0.5,10
geo,0.05,28,True,28103,False,39999,0.9,False,,1,0.6875,10
geo,0.05,28,True,28104,False,39999,0.7,False,,1,0.625,10
geo,0.05,29,True,29100,False,39999,0.6842105263157895,False,,1,0.3684210526315789,19
geo,0.05,29,True,29101,False,39999,0.631578947368421,False,,1,0.631578947368421,19
geo,0.05,29,True,29102,False,39999,1.0,True,2,1,0.3157894736842105,19
geo,0.05,29,True,29103,False,39999,0.5789473684210527,False,,1,0.6842105263157895,19
geo,0.05,29,True,29104,False,39999,0.631578947368421,False,,1,0.5263157894736842,19
